Workbook

Sheet Stats
B1: Date | G1: 42259 | K1: 42266 | O1: 42287 | S1: 42294 | W1: 42301 | AA1: 42308 | AE1: 42315 | AI1: 42322 | AM1: 42329 | AQ1: 42336 | AU1: 42343 | AY1: 42350 | BC1: 42378 | BG1: 42385 | BK1: 42392 | BO1: 42406 | BS1: 42413 | BW1: 42420 | CA1: 42441 | CE1: 42448 | CI1: 42462
B2: Team | G2: Croydon | K2: Blues | O2: Cardiff | S2: Hillcroft | W2: Blues | AA2: Hampstead | AE2: Reading | AI2: Spencer | AM2: Spencer | AQ2: Hitchin | AU2: Bristol | AY2: EG | BC2: Cardiff | BG2: Hillcroft | BK2: Blues | BO2: Hampstead | BS2: Reading | BW2: Spencer | CA2: Hitchin | CE2: EG | CI2: Bristol
B3: Venue | F3: Avg | G3: Home | K3: Away | O3: Home | S3: Away | W3: Home | AA3: Home | AE3: Away | AI3: Away | AM3: Home | AQ3: Away | AU3: Away | AY3: Home | BC3: Away | BG3: Home | BK3: Away | BO3: Away | BS3: Home | BW3: Away | CA3: Home | CE3: Away | CI3: Home
B4: Competition | G4: Friendly | K4: Friendly | O4: Prem | S4: Prem | W4: Prem | AA4: Prem | AE4: Prem | AI4: Flags | AM4: Prem | AQ4: Prem | AU4: Prem | AY4: Prem | BC4: Prem | BG4: Prem | BK4: Prem | BO4: Prem | BS4: Prem | BW4: Prem | CA4: Prem | CE4: Prem | CI4: Prem
B5: For | E5: =SUM(G5:CM5) -> 60 | F5: =IF(E7=0,"",E5/E7) -> 3.75 | G5: =SUM(H10:H49) -> 9 | K5: =SUM(L10:L49) -> 4 | O5: =SUM(P10:P49) -> 2 | S5: =SUM(T10:T49) -> 4 | W5: =SUM(X10:X49) -> 0 | AA5: =SUM(AB10:AB49) -> 4 | AE5: =SUM(AF10:AF49) -> 8 | AI5: =SUM(AJ10:AJ49) -> 0 | AM5: =SUM(AN10:AN49) -> 0 | AQ5: =SUM(AR10:AR49) -> 4 | AU5: =SUM(AV10:AV49) -> 5 | AY5: =SUM(AZ10:AZ49) -> 0 | BC5: =SUM(BD10:BD49) -> 0 | BG5: =SUM(BH10:BH49) -> 0 | BK5: =SUM(BL10:BL49) -> 0 | BO5: =SUM(BP10:BP49) -> 1 | BS5: =SUM(BT10:BT49) -> 7 | BW5: =SUM(BX10:BX49) -> 2 | CA5: =SUM(CB10:CB49) -> 3 | CE5: =SUM(CF10:CF49) -> 3 | CI5: =SUM(CJ10:CJ49) -> 4
B6: Against | E6: =SUM(G6:CM6) -> 227 | F6: =IF(E7=0,"",E6/E7) -> 14.1875 | G6: 13 | K6: 9 | O6: 11 | S6: 18 | AA6: 17 | AE6: 16 | AI6: 23 | AQ6: 10 | AU6: 8 | AY6: 17 | BO6: 24 | BS6: 8 | BW6: 24 | CA6: 11 | CE6: 14 | CI6: 4
B7: Played | E7: =COUNT(G6:CM6) -> 16
A8: Columns: Position (GDMA), Goals, Assists, Referee-quarters
A9: No. | B9: Name | C9: Position | D9: Apps | E9: Goals | F9: Assts | G9: P | H9: G | I9: A | J9: R | K9: P | L9: G | M9: A | N9: R | O9: P | P9: G | Q9: A | R9: R | S9: P | T9: G | U9: A | V9: R | W9: P | X9: G | Y9: A | Z9: R | AA9: P | AB9: G | AC9: A | AD9: R | AE9: P | AF9: G | AG9: A | AH9: R | AI9: P | AJ9: G | AK9: A | AL9: R | AM9: P | AN9: G | AO9: A | AP9: R | AQ9: P | AR9: G | AS9: A | AT9: R | AU9: P | AV9: G | AW9: A | AX9: R | AY9: P | AZ9: G | BA9: A | BB9: R | BC9: P | BD9: G | BE9: A | BF9: R | BG9: P | BH9: G | BI9: A | BJ9: R | BK9: P | BL9: G | BM9: A | BN9: R | BO9: P | BP9: G | BQ9: A | BR9: R | BS9: P | BT9: G | BU9: A | BV9: R | BW9: P | BX9: G | BY9: A | BZ9: R | CA9: P | CB9: G | CC9: A | CD9: R | CE9: P | CF9: G | CG9: A | CH9: R | CI9: P | CJ9: G | CK9: A | CL9: R
A10: 17 | B10: Dave Baldwin | C10: Midfield/FO | D10: =COUNTIF(G10:CM10,"=*") -> 8 | E10: =SUMIF(G$9:CM$9,"G",G10:CM10) -> 6 | F10: =SUMIF(G$9:CM$9,"A",G10:CM10) -> 0 | G10: M | H10: 2 | K10: M | L10: 1 | O10: M | S10: M | T10: 1 | AA10: M | AB10: 1 | AE10: M | AF10: 1 | AU10: M | AY10: M
A11: 5 | B11: Justin Baranowski | C11: Attack | D11: =COUNTIF(G11:CM11,"=*") -> 5 | E11: =SUMIF(G$9:CM$9,"G",G11:CM11) -> 3 | F11: =SUMIF(G$9:CM$9,"A",G11:CM11) -> 0 | G11: A | J11: 1 | O11: A | S11: A | T11: 2 | AA11: A | AE11: A | AF11: 1
B12: Sam Baranowski | C12: Midfield | D12: =COUNTIF(G12:CM12,"=*") -> 0 | E12: =SUMIF(G$9:CM$9,"G",G12:CM12) -> 0 | F12: =SUMIF(G$9:CM$9,"A",G12:CM12) -> 0
A13: 2 | B13: Mike Barrett | C13: Midfield/FO | D13: =COUNTIF(G13:CM13,"=*") -> 0 | E13: =SUMIF(G$9:CM$9,"G",G13:CM13) -> 0 | F13: =SUMIF(G$9:CM$9,"A",G13:CM13) -> 0
A14: 3 | B14: Andy Booth | C14: Defence | D14: =COUNTIF(G14:CM14,"=*") -> 9 | E14: =SUMIF(G$9:CM$9,"G",G14:CM14) -> 0 | F14: =SUMIF(G$9:CM$9,"A",G14:CM14) -> 0 | G14: D | K14: A | O14: D | S14: D | AD14: 4 | AI14: A | AQ14: A | AY14: A | CE14: D | CI14: A
D15: =COUNTIF(G15:CM15,"=*") -> 0 | E15: =SUMIF(G$9:CM$9,"G",G15:CM15) -> 0 | F15: =SUMIF(G$9:CM$9,"A",G15:CM15) -> 0
A16: 24 | B16: Felix Bull | C16: Defence | D16: =COUNTIF(G16:CM16,"=*") -> 13 | E16: =SUMIF(G$9:CM$9,"G",G16:CM16) -> 2 | F16: =SUMIF(G$9:CM$9,"A",G16:CM16) -> 0 | G16: D | K16: D | O16: D | S16: D | AA16: D | AI16: D | AQ16: D | AY16: D | BO16: D | BP16: 1 | BS16: D | BW16: D | CA16: D | CB16: 1 | CI16: D
A17: 26 | B17: Rob Clark | C17: Attack | D17: =COUNTIF(G17:CM17,"=*") -> 3 | E17: =SUMIF(G$9:CM$9,"G",G17:CM17) -> 0 | F17: =SUMIF(G$9:CM$9,"A",G17:CM17) -> 0 | O17: M | S17: M | AA17: M
A18: 888 | B18: Ben Colville | C18: Midfield | D18: =COUNTIF(G18:CM18,"=*") -> 1 | E18: =SUMIF(G$9:CM$9,"G",G18:CM18) -> 1 | F18: =SUMIF(G$9:CM$9,"A",G18:CM18) -> 0 | K18: M | L18: 1
A19: 6 | B19: Dave Copple | C19: Defence | D19: =COUNTIF(G19:CM19,"=*") -> 6 | E19: =SUMIF(G$9:CM$9,"G",G19:CM19) -> 0 | F19: =SUMIF(G$9:CM$9,"A",G19:CM19) -> 0 | AI19: D | AU19: D | AY19: D | BO19: D | BS19: D | CI19: D
A20: 11 | B20: Andy Fernando | C20: Midfield/FO | D20: =COUNTIF(G20:CM20,"=*") -> 12 | E20: =SUMIF(G$9:CM$9,"G",G20:CM20) -> 0 | F20: =SUMIF(G$9:CM$9,"A",G20:CM20) -> 0 | G20: M | J20: 1 | K20: M | O20: M | S20: M | AA20: M | AI20: M | AU20: M | AY20: M | BO20: M | CA20: M | CE20: M | CI20: M
A21: 13 | B21: Elliot Fry | C21: Defence | D21: =COUNTIF(G21:CM21,"=*") -> 11 | E21: =SUMIF(G$9:CM$9,"G",G21:CM21) -> 0 | F21: =SUMIF(G$9:CM$9,"A",G21:CM21) -> 0 | O21: D | S21: D | AA21: D | AE21: D | AQ21: D | AU21: D | AY21: D | BO21: D | BS21: D | BW21: D | CI21: D
A22: 888 | B22: Alex Griffiths | C22: Midfield | D22: =COUNTIF(G22:CM22,"=*") -> 12 | E22: =SUMIF(G$9:CM$9,"G",G22:CM22) -> 1 | F22: =SUMIF(G$9:CM$9,"A",G22:CM22) -> 0 | G22: M | O22: M | S22: M | AA22: M | AE22: M | AI22: M | AQ22: M | AR22: 1 | AU22: M | AY22: A | BO22: M | BS22: M | CE22: A
A23: 888 | B23: Jussi Grut | C23: Midfield | D23: =COUNTIF(G23:CM23,"=*") -> 4 | E23: =SUMIF(G$9:CM$9,"G",G23:CM23) -> 0 | F23: =SUMIF(G$9:CM$9,"A",G23:CM23) -> 0 | S23: D | AE23: M | AI23: M | AQ23: A
A24: 21 | B24: Tom Hatton | C24: Midfield | D24: =COUNTIF(G24:CM24,"=*") -> 12 | E24: =SUMIF(G$9:CM$9,"G",G24:CM24) -> 8 | F24: =SUMIF(G$9:CM$9,"A",G24:CM24) -> 4 | G24: M | H24: 5 | K24: M | O24: M | S24: M | AA24: A | AB24: 1 | AE24: A | AI24: A | AU24: A | AV24: 1 | AW24: 4 | BO24: A | BS24: A | BT24: 1 | CA24: A | CE24: A
D25: =COUNTIF(G25:CM25,"=*") -> 0 | E25: =SUMIF(G$9:CM$9,"G",G25:CM25) -> 0 | F25: =SUMIF(G$9:CM$9,"A",G25:CM25) -> 0
A26: 12 | B26: Dave Hudson | C26: LSM/Defence | D26: =COUNTIF(G26:CM26,"=*") -> 0 | E26: =SUMIF(G$9:CM$9,"G",G26:CM26) -> 0 | F26: =SUMIF(G$9:CM$9,"A",G26:CM26) -> 0
A27: 888 | B27: Luke Johnstone | C27: Attack | D27: =COUNTIF(G27:CM27,"=*") -> 0 | E27: =SUMIF(G$9:CM$9,"G",G27:CM27) -> 0 | F27: =SUMIF(G$9:CM$9,"A",G27:CM27) -> 0
A28: 888 | B28: Mylo Johnstone | C28: Attack | D28: =COUNTIF(G28:CM28,"=*") -> 0 | E28: =SUMIF(G$9:CM$9,"G",G28:CM28) -> 0 | F28: =SUMIF(G$9:CM$9,"A",G28:CM28) -> 0
A29: 14 | B29: James Keal | C29: Midfield | D29: =COUNTIF(G29:CM29,"=*") -> 7 | E29: =SUMIF(G$9:CM$9,"G",G29:CM29) -> 2 | F29: =SUMIF(G$9:CM$9,"A",G29:CM29) -> 0 | K29: M | O29: M | S29: M | AE29: M | AF29: 1 | AU29: A | BS29: M | CI29: M | CJ29: 1
A30: 12 | B30: Dara McCreary | C30: Defence | D30: =COUNTIF(G30:CM30,"=*") -> 12 | E30: =SUMIF(G$9:CM$9,"G",G30:CM30) -> 1 | F30: =SUMIF(G$9:CM$9,"A",G30:CM30) -> 0 | K30: D | O30: D | S30: D | AE30: D | AI30: D | AQ30: A | AR30: 1 | AU30: A | BS30: D | BW30: M | CA30: D | CE30: D | CI30: M
A31: 00 | B31: Dan Murphy | C31: Goal | G31: G | K31: G | O31: G | S31: G | AA31: G | AE31: G | AI31: G | AQ31: G
A32: 10 | B32: Darren Novell | C32: Attack | D32: =COUNTIF(G32:CM32,"=*") -> 9 | E32: =SUMIF(G$9:CM$9,"G",G32:CM32) -> 3 | F32: =SUMIF(G$9:CM$9,"A",G32:CM32) -> 0 | G32: A | H32: 1 | O32: A | S32: A | AA32: A | AE32: A | AF32: 1 | AY32: A | BO32: A | BS32: A | BT32: 1 | CI32: A
A33: 7 | B33: Matt Payne | C33: Attack | D33: =COUNTIF(G33:CM33,"=*") -> 5 | E33: =SUMIF(G$9:CM$9,"G",G33:CM33) -> 7 | F33: =SUMIF(G$9:CM$9,"A",G33:CM33) -> 0 | G33: A | O33: A | P33: 2 | S33: A | T33: 1 | AE33: M | AF33: 4 | AI33: A
A34: 15 | B34: Matt Porter | C34: Defence | D34: =COUNTIF(G34:CM34,"=*") -> 4 | E34: =SUMIF(G$9:CM$9,"G",G34:CM34) -> 0 | F34: =SUMIF(G$9:CM$9,"A",G34:CM34) -> 0 | G34: D | O34: D | BW34: D | CA34: D
A35: 888 | B35: Eliot Pugh | C35: Goal | D35: =COUNTIF(G35:CM35,"=*") -> 8 | E35: =SUMIF(G$9:CM$9,"G",G35:CM35) -> 0 | F35: =SUMIF(G$9:CM$9,"A",G35:CM35) -> 0 | AU35: G | AY35: G | BO35: G | BS35: G | BW35: G | CA35: G | CE35: G | CI35: G
A36: 28 | B36: Dave Slaughter | C36: Defence | D36: =COUNTIF(G36:CM36,"=*") -> 12 | E36: =SUMIF(G$9:CM$9,"G",G36:CM36) -> 1 | F36: =SUMIF(G$9:CM$9,"A",G36:CM36) -> 0 | G36: D | J36: 2 | K36: D | R36: 4 | AA36: D | AE36: D | AI36: D | AQ36: D | BB36: 4 | BO36: A | BS36: A | BT36: 1 | BW36: A | CA36: A | CE36: A | CI36: A
A37: 888 | B37: Chase Stuart | C37: Midfield | D37: =COUNTIF(G37:CM37,"=*") -> 1 | E37: =SUMIF(G$9:CM$9,"G",G37:CM37) -> 0 | F37: =SUMIF(G$9:CM$9,"A",G37:CM37) -> 0 | O37: M
A38: 19 | B38: Kaspars 'Stripes' Veips | C38: Defence | D38: =COUNTIF(G38:CM38,"=*") -> 9 | E38: =SUMIF(G$9:CM$9,"G",G38:CM38) -> 8 | F38: =SUMIF(G$9:CM$9,"A",G38:CM38) -> 0 | S38: D | AA38: M | AB38: 2 | AI38: M | AQ38: M | AR38: 2 | AU38: M | AV38: 4 | AY38: M | BO38: M | CA38: M | CE38: M
A39: 4 | B39: Eliot Wilde | C39: Defence | D39: =COUNTIF(G39:CM39,"=*") -> 12 | E39: =SUMIF(G$9:CM$9,"G",G39:CM39) -> 0 | F39: =SUMIF(G$9:CM$9,"A",G39:CM39) -> 0 | G39: D | K39: D | O39: D | AA39: D | AE39: D | AQ39: M | AU39: D | AY39: D | BO39: D | BS39: D | BW39: D | CI39: D
A40: 777 | B40: Hugh Mitchison | BO40: M
A41: 888 | B41: Dan | D41: =COUNTIF(G41:CM41,"=*") -> 1 | E41: =SUMIF(G$9:CM$9,"G",G41:CM41) -> 2 | F41: =SUMIF(G$9:CM$9,"A",G41:CM41) -> 0 | BS41: M | BT41: 2
A42: 888 | B42: Jimmy | D42: =COUNTIF(G42:CM42,"=*") -> 1 | E42: =SUMIF(G$9:CM$9,"G",G42:CM42) -> 3 | F42: =SUMIF(G$9:CM$9,"A",G42:CM42) -> 0 | CE42: M | CF42: 3
A43: 888 | B43: Phil | D43: =COUNTIF(G43:CM43,"=*") -> 2 | E43: =SUMIF(G$9:CM$9,"G",G43:CM43) -> 0 | F43: =SUMIF(G$9:CM$9,"A",G43:CM43) -> 0 | BW43: D | CE43: D
A44: 888 | B44: Jeremy Lee | D44: =COUNTIF(G44:CM44,"=*") -> 4 | E44: =SUMIF(G$9:CM$9,"G",G44:CM44) -> 9 | F44: =SUMIF(G$9:CM$9,"A",G44:CM44) -> 0 | BS44: M | BT44: 2 | BW44: M | BX44: 2 | CA44: M | CB44: 2 | CI44: M | CJ44: 3
D45: =COUNTIF(G45:CM45,"=*") -> 0 | E45: =SUMIF(G$9:CM$9,"G",G45:CM45) -> 0 | F45: =SUMIF(G$9:CM$9,"A",G45:CM45) -> 0
D46: =COUNTIF(G46:CM46,"=*") -> 0 | E46: =SUMIF(G$9:CM$9,"G",G46:CM46) -> 0 | F46: =SUMIF(G$9:CM$9,"A",G46:CM46) -> 0
D47: =COUNTIF(G47:CM47,"=*") -> 0 | E47: =SUMIF(G$9:CM$9,"G",G47:CM47) -> 0 | F47: =SUMIF(G$9:CM$9,"A",G47:CM47) -> 0
A48: 888 | B48: Own Goal | D48: =COUNTIF(G48:CM48,"=*") -> 0 | E48: =SUMIF(G$9:CM$9,"G",G48:CM48) -> 2 | F48: =SUMIF(G$9:CM$9,"A",G48:CM48) -> 0 | H48: 1 | L48: 1
A49: 777 | B49: A.N.Other | D49: =COUNTIF(G49:CM49,"=*") -> 1 | E49: =SUMIF(G$9:CM$9,"G",G49:CM49) -> 1 | F49: =SUMIF(G$9:CM$9,"A",G49:CM49) -> 0 | K49: A | L49: 1
B50: =Summary!B46 -> Total | D50: =SUM(D10:D49) -> 184 | E50: =SUM(E10:E49) -> 60 | F50: =SUM(F10:F49) -> 4
B51: G | H51: =IF(ISNUMBER(G$6),COUNTIF(G$10:G$49,$B51),"") -> 1 | L51: =IF(ISNUMBER(K$6),COUNTIF(K$10:K$49,$B51),"") -> 1 | P51: =IF(ISNUMBER(O$6),COUNTIF(O$10:O$49,$B51),"") -> 1 | T51: =IF(ISNUMBER(S$6),COUNTIF(S$10:S$49,$B51),"") -> 1 | X51: =IF(ISNUMBER(W$6),COUNTIF(W$10:W$49,$B51),"") | AB51: =IF(ISNUMBER(AA$6),COUNTIF(AA$10:AA$49,$B51),"") -> 1 | AF51: =IF(ISNUMBER(AE$6),COUNTIF(AE$10:AE$49,$B51),"") -> 1 | AJ51: =IF(ISNUMBER(AI$6),COUNTIF(AI$10:AI$49,$B51),"") -> 1 | AN51: =IF(ISNUMBER(AM$6),COUNTIF(AM$10:AM$49,$B51),"") | AR51: =IF(ISNUMBER(AQ$6),COUNTIF(AQ$10:AQ$49,$B51),"") -> 1 | AV51: =IF(ISNUMBER(AU$6),COUNTIF(AU$10:AU$49,$B51),"") -> 1 | AZ51: =IF(ISNUMBER(AY$6),COUNTIF(AY$10:AY$49,$B51),"") -> 1 | BD51: =IF(ISNUMBER(BC$6),COUNTIF(BC$10:BC$49,$B51),"") | BH51: =IF(ISNUMBER(BG$6),COUNTIF(BG$10:BG$49,$B51),"") | BL51: =IF(ISNUMBER(BK$6),COUNTIF(BK$10:BK$49,$B51),"") | BP51: =IF(ISNUMBER(BO$6),COUNTIF(BO$10:BO$49,$B51),"") -> 1 | BT51: =IF(ISNUMBER(BS$6),COUNTIF(BS$10:BS$49,$B51),"") -> 1 | BX51: =IF(ISNUMBER(BW$6),COUNTIF(BW$10:BW$49,$B51),"") -> 1 | CB51: =IF(ISNUMBER(CA$6),COUNTIF(CA$10:CA$49,$B51),"") -> 1 | CF51: =IF(ISNUMBER(CE$6),COUNTIF(CE$10:CE$49,$B51),"") -> 1 | CJ51: =IF(ISNUMBER(CI$6),COUNTIF(CI$10:CI$49,$B51),"") -> 1
B52: D | H52: =IF(ISNUMBER(G$6),COUNTIF(G$10:G$49,$B52),"") -> 5 | L52: =IF(ISNUMBER(K$6),COUNTIF(K$10:K$49,$B52),"") -> 4 | P52: =IF(ISNUMBER(O$6),COUNTIF(O$10:O$49,$B52),"") -> 6 | T52: =IF(ISNUMBER(S$6),COUNTIF(S$10:S$49,$B52),"") -> 6 | X52: =IF(ISNUMBER(W$6),COUNTIF(W$10:W$49,$B52),"") | AB52: =IF(ISNUMBER(AA$6),COUNTIF(AA$10:AA$49,$B52),"") -> 4 | AF52: =IF(ISNUMBER(AE$6),COUNTIF(AE$10:AE$49,$B52),"") -> 4 | AJ52: =IF(ISNUMBER(AI$6),COUNTIF(AI$10:AI$49,$B52),"") -> 4 | AN52: =IF(ISNUMBER(AM$6),COUNTIF(AM$10:AM$49,$B52),"") | AR52: =IF(ISNUMBER(AQ$6),COUNTIF(AQ$10:AQ$49,$B52),"") -> 3 | AV52: =IF(ISNUMBER(AU$6),COUNTIF(AU$10:AU$49,$B52),"") -> 3 | AZ52: =IF(ISNUMBER(AY$6),COUNTIF(AY$10:AY$49,$B52),"") -> 4 | BD52: =IF(ISNUMBER(BC$6),COUNTIF(BC$10:BC$49,$B52),"") | BH52: =IF(ISNUMBER(BG$6),COUNTIF(BG$10:BG$49,$B52),"") | BL52: =IF(ISNUMBER(BK$6),COUNTIF(BK$10:BK$49,$B52),"") | BP52: =IF(ISNUMBER(BO$6),COUNTIF(BO$10:BO$49,$B52),"") -> 4 | BT52: =IF(ISNUMBER(BS$6),COUNTIF(BS$10:BS$49,$B52),"") -> 5 | BX52: =IF(ISNUMBER(BW$6),COUNTIF(BW$10:BW$49,$B52),"") -> 5 | CB52: =IF(ISNUMBER(CA$6),COUNTIF(CA$10:CA$49,$B52),"") -> 3 | CF52: =IF(ISNUMBER(CE$6),COUNTIF(CE$10:CE$49,$B52),"") -> 3 | CJ52: =IF(ISNUMBER(CI$6),COUNTIF(CI$10:CI$49,$B52),"") -> 4
B53: M | H53: =IF(ISNUMBER(G$6),COUNTIF(G$10:G$49,$B53),"") -> 4 | L53: =IF(ISNUMBER(K$6),COUNTIF(K$10:K$49,$B53),"") -> 5 | P53: =IF(ISNUMBER(O$6),COUNTIF(O$10:O$49,$B53),"") -> 7 | T53: =IF(ISNUMBER(S$6),COUNTIF(S$10:S$49,$B53),"") -> 6 | X53: =IF(ISNUMBER(W$6),COUNTIF(W$10:W$49,$B53),"") | AB53: =IF(ISNUMBER(AA$6),COUNTIF(AA$10:AA$49,$B53),"") -> 5 | AF53: =IF(ISNUMBER(AE$6),COUNTIF(AE$10:AE$49,$B53),"") -> 5 | AJ53: =IF(ISNUMBER(AI$6),COUNTIF(AI$10:AI$49,$B53),"") -> 4 | AN53: =IF(ISNUMBER(AM$6),COUNTIF(AM$10:AM$49,$B53),"") | AR53: =IF(ISNUMBER(AQ$6),COUNTIF(AQ$10:AQ$49,$B53),"") -> 3 | AV53: =IF(ISNUMBER(AU$6),COUNTIF(AU$10:AU$49,$B53),"") -> 4 | AZ53: =IF(ISNUMBER(AY$6),COUNTIF(AY$10:AY$49,$B53),"") -> 3 | BD53: =IF(ISNUMBER(BC$6),COUNTIF(BC$10:BC$49,$B53),"") | BH53: =IF(ISNUMBER(BG$6),COUNTIF(BG$10:BG$49,$B53),"") | BL53: =IF(ISNUMBER(BK$6),COUNTIF(BK$10:BK$49,$B53),"") | BP53: =IF(ISNUMBER(BO$6),COUNTIF(BO$10:BO$49,$B53),"") -> 4 | BT53: =IF(ISNUMBER(BS$6),COUNTIF(BS$10:BS$49,$B53),"") -> 4 | BX53: =IF(ISNUMBER(BW$6),COUNTIF(BW$10:BW$49,$B53),"") -> 2 | CB53: =IF(ISNUMBER(CA$6),COUNTIF(CA$10:CA$49,$B53),"") -> 3 | CF53: =IF(ISNUMBER(CE$6),COUNTIF(CE$10:CE$49,$B53),"") -> 3 | CJ53: =IF(ISNUMBER(CI$6),COUNTIF(CI$10:CI$49,$B53),"") -> 4
B54: A | H54: =IF(ISNUMBER(G$6),COUNTIF(G$10:G$49,$B54),"") -> 3 | L54: =IF(ISNUMBER(K$6),COUNTIF(K$10:K$49,$B54),"") -> 2 | P54: =IF(ISNUMBER(O$6),COUNTIF(O$10:O$49,$B54),"") -> 3 | T54: =IF(ISNUMBER(S$6),COUNTIF(S$10:S$49,$B54),"") -> 3 | X54: =IF(ISNUMBER(W$6),COUNTIF(W$10:W$49,$B54),"") | AB54: =IF(ISNUMBER(AA$6),COUNTIF(AA$10:AA$49,$B54),"") -> 3 | AF54: =IF(ISNUMBER(AE$6),COUNTIF(AE$10:AE$49,$B54),"") -> 3 | AJ54: =IF(ISNUMBER(AI$6),COUNTIF(AI$10:AI$49,$B54),"") -> 3 | AN54: =IF(ISNUMBER(AM$6),COUNTIF(AM$10:AM$49,$B54),"") | AR54: =IF(ISNUMBER(AQ$6),COUNTIF(AQ$10:AQ$49,$B54),"") -> 3 | AV54: =IF(ISNUMBER(AU$6),COUNTIF(AU$10:AU$49,$B54),"") -> 3 | AZ54: =IF(ISNUMBER(AY$6),COUNTIF(AY$10:AY$49,$B54),"") -> 3 | BD54: =IF(ISNUMBER(BC$6),COUNTIF(BC$10:BC$49,$B54),"") | BH54: =IF(ISNUMBER(BG$6),COUNTIF(BG$10:BG$49,$B54),"") | BL54: =IF(ISNUMBER(BK$6),COUNTIF(BK$10:BK$49,$B54),"") | BP54: =IF(ISNUMBER(BO$6),COUNTIF(BO$10:BO$49,$B54),"") -> 3 | BT54: =IF(ISNUMBER(BS$6),COUNTIF(BS$10:BS$49,$B54),"") -> 3 | BX54: =IF(ISNUMBER(BW$6),COUNTIF(BW$10:BW$49,$B54),"") -> 1 | CB54: =IF(ISNUMBER(CA$6),COUNTIF(CA$10:CA$49,$B54),"") -> 2 | CF54: =IF(ISNUMBER(CE$6),COUNTIF(CE$10:CE$49,$B54),"") -> 3 | CJ54: =IF(ISNUMBER(CI$6),COUNTIF(CI$10:CI$49,$B54),"") -> 3
B55: Team size | D55: Avg | E55: =AVERAGE(H55:CM55) -> 12.0625 | H55: =IF(ISNUMBER(G6),COUNTIF(G10:G49,"<>"),"") -> 13 | L55: =IF(ISNUMBER(K6),COUNTIF(K10:K49,"<>"),"") -> 12 | P55: =IF(ISNUMBER(O6),COUNTIF(O10:O49,"<>"),"") -> 17 | T55: =IF(ISNUMBER(S6),COUNTIF(S10:S49,"<>"),"") -> 16 | X55: =IF(ISNUMBER(W6),COUNTIF(W10:W49,"<>"),"") | AB55: =IF(ISNUMBER(AA6),COUNTIF(AA10:AA49,"<>"),"") -> 13 | AF55: =IF(ISNUMBER(AE6),COUNTIF(AE10:AE49,"<>"),"") -> 13 | AJ55: =IF(ISNUMBER(AI6),COUNTIF(AI10:AI49,"<>"),"") -> 12 | AN55: =IF(ISNUMBER(AM6),COUNTIF(AM10:AM49,"<>"),"") | AR55: =IF(ISNUMBER(AQ6),COUNTIF(AQ10:AQ49,"<>"),"") -> 10 | AV55: =IF(ISNUMBER(AU6),COUNTIF(AU10:AU49,"<>"),"") -> 11 | AZ55: =IF(ISNUMBER(AY6),COUNTIF(AY10:AY49,"<>"),"") -> 11 | BD55: =IF(ISNUMBER(BC6),COUNTIF(BC10:BC49,"<>"),"") | BH55: =IF(ISNUMBER(BG6),COUNTIF(BG10:BG49,"<>"),"") | BL55: =IF(ISNUMBER(BK6),COUNTIF(BK10:BK49,"<>"),"") | BP55: =IF(ISNUMBER(BO6),COUNTIF(BO10:BO49,"<>"),"") -> 12 | BT55: =IF(ISNUMBER(BS6),COUNTIF(BS10:BS49,"<>"),"") -> 13 | BX55: =IF(ISNUMBER(BW6),COUNTIF(BW10:BW49,"<>"),"") -> 9 | CB55: =IF(ISNUMBER(CA6),COUNTIF(CA10:CA49,"<>"),"") -> 9 | CF55: =IF(ISNUMBER(CE6),COUNTIF(CE10:CE49,"<>"),"") -> 10 | CJ55: =IF(ISNUMBER(CI6),COUNTIF(CI10:CI49,"<>"),"") -> 12
B56: Non-team ref(s): | K56: Rob Collinge, Henry Collinge | S56: Simon Peach | AA56: Simon Peach | AE56: Buckers, Trevor Rogers | AU56: Miles Whittle | BO56: Debbie Field | BS56: ??Hillcroft Guy | BW56: Gregg Urwin+Spencer | CA56: Ray Harry | CE56: James Kellam+EG
B58: Team list: | G58: =CONCATENATE("<p class=""small"">Goal: ",G141,"; Defence: ",H141,"; Midfield: ",I141,"; Attack: ",J141) -> <p class="small">Goal: Dan Murphy; Defence: Andy Booth, Felix Bull, Matt Porter, Dave Slaughter, Eliot Wilde; Midfield: Dave Baldwin (2), Andy Fernando, Alex Griffiths, Tom Hatton (5); Attack: Justin Baranowski, Darren Novell (1), Matt Payne | K58: =CONCATENATE("<p class=""small"">Goal: ",K141,"; Defence: ",L141,"; Midfield: ",M141,"; Attack: ",N141) -> <p class="small">Goal: Dan Murphy; Defence: Felix Bull, Dara McCreary, Dave Slaughter, Eliot Wilde; Midfield: Dave Baldwin (1), Ben Colville (1), Andy Fernando, Tom Hatton, James Keal; Attack: Andy Booth, A.N.Other (1) | O58: =CONCATENATE("<p class=""small"">Goal: ",O141,"; Defence: ",P141,"; Midfield: ",Q141,"; Attack: ",R141) -> <p class="small">Goal: Dan Murphy; Defence: Andy Booth, Felix Bull, Elliot Fry, Dara McCreary, Matt Porter, Eliot Wilde; Midfield: Dave Baldwin, Rob Clark, Andy Fernando, Alex Griffiths, Tom Hatton, James Keal, Chase Stuart; Attack: Justin Baranowski, Darren Novell, Matt Payne (2) | S58: =CONCATENATE("<p class=""small"">Goal: ",S141,"; Defence: ",T141,"; Midfield: ",U141,"; Attack: ",V141) -> <p class="small">Goal: Dan Murphy; Defence: Andy Booth, Felix Bull, Elliot Fry, Jussi Grut, Dara McCreary, Kaspars 'Stripes' Veips; Midfield: Dave Baldwin (1), Rob Clark, Andy Fernando, Alex Griffiths, Tom Hatton, James Keal; Attack: Justin Baranowski (2), Darren Novell, Matt Payne (1) | W58: =CONCATENATE("<p class=""small"">Goal: ",W141,"; Defence: ",X141,"; Midfield: ",Y141,"; Attack: ",Z141) -> <p class="small">Goal: ; Defence: ; Midfield: ; Attack: | AA58: =CONCATENATE("<p class=""small"">Goal: ",AA141,"; Defence: ",AB141,"; Midfield: ",AC141,"; Attack: ",AD141) -> <p class="small">Goal: Dan Murphy; Defence: Felix Bull, Elliot Fry, Dave Slaughter, Eliot Wilde; Midfield: Dave Baldwin (1), Rob Clark, Andy Fernando, Alex Griffiths, Kaspars 'Stripes' Veips (2); Attack: Justin Baranowski, Tom Hatton (1), Darren Novell | AE58: =CONCATENATE("<p class=""small"">Goal: ",AE141,"; Defence: ",AF141,"; Midfield: ",AG141,"; Attack: ",AH141) -> <p class="small">Goal: Dan Murphy; Defence: Elliot Fry, Dara McCreary, Dave Slaughter, Eliot Wilde; Midfield: Dave Baldwin (1), Alex Griffiths, Jussi Grut, James Keal (1), Matt Payne (4); Attack: Justin Baranowski (1), Tom Hatton, Darren Novell (1) | AI58: =CONCATENATE("<p class=""small"">Goal: ",AI141,"; Defence: ",AJ141,"; Midfield: ",AK141,"; Attack: ",AL141) -> #REF! | AM58: =CONCATENATE("<p class=""small"">Goal: ",AM141,"; Defence: ",AN141,"; Midfield: ",AO141,"; Attack: ",AP141) -> <p class="small">Goal: ; Defence: ; Midfield: ; Attack: | AQ58: =CONCATENATE("<p class=""small"">Goal: ",AQ141,"; Defence: ",AR141,"; Midfield: ",AS141,"; Attack: ",AT141) -> <p class="small">Goal: Dan Murphy; Defence: Felix Bull, Elliot Fry, Dave Slaughter; Midfield: Alex Griffiths (1), Kaspars 'Stripes' Veips (2), Eliot Wilde; Attack: Andy Booth, Jussi Grut, Dara McCreary (1) | AU58: =CONCATENATE("<p class=""small"">Goal: ",AU141,"; Defence: ",AV141,"; Midfield: ",AW141,"; Attack: ",AX141) -> <p class="small">Goal: Eliot Pugh; Defence: Dave Copple, Elliot Fry, Eliot Wilde; Midfield: Dave Baldwin, Andy Fernando, Alex Griffiths, Kaspars 'Stripes' Veips (4); Attack: Tom Hatton (1,4A), James Keal, Dara McCreary | AY58: =CONCATENATE("<p class=""small"">Goal: ",AY141,"; Defence: ",AZ141,"; Midfield: ",BA141,"; Attack: ",BB141) -> <p class="small">Goal: Eliot Pugh; Defence: Felix Bull, Dave Copple, Elliot Fry, Eliot Wilde; Midfield: Dave Baldwin, Andy Fernando, Kaspars 'Stripes' Veips; Attack: Andy Booth, Alex Griffiths, Darren Novell | BC58: =CONCATENATE("<p class=""small"">Goal: ",BC141,"; Defence: ",BD141,"; Midfield: ",BE141,"; Attack: ",BF141) -> <p class="small">Goal: ; Defence: ; Midfield: ; Attack: | BG58: =CONCATENATE("<p class=""small"">Goal: ",BG141,"; Defence: ",BH141,"; Midfield: ",BI141,"; Attack: ",BJ141) -> <p class="small">Goal: ; Defence: ; Midfield: ; Attack: | BK58: =CONCATENATE("<p class=""small"">Goal: ",BK141,"; Defence: ",BL141,"; Midfield: ",BM141,"; Attack: ",BN141) -> <p class="small">Goal: ; Defence: ; Midfield: ; Attack: | BO58: =CONCATENATE("<p class=""small"">Goal: ",BO141,"; Defence: ",BP141,"; Midfield: ",BQ141,"; Attack: ",BR141) -> <p class="small">Goal: Eliot Pugh; Defence: Felix Bull (1), Dave Copple, Elliot Fry, Eliot Wilde; Midfield: Andy Fernando, Alex Griffiths, Kaspars 'Stripes' Veips, Hugh Mitchison; Attack: Tom Hatton, Darren Novell, Dave Slaughter | BS58: =CONCATENATE("<p class=""small"">Goal: ",BS141,"; Defence: ",BT141,"; Midfield: ",BU141,"; Attack: ",BV141) -> <p class="small">Goal: Eliot Pugh; Defence: Felix Bull, Dave Copple, Elliot Fry, Dara McCreary, Eliot Wilde; Midfield: Alex Griffiths, James Keal, Dan (2), Jeremy Lee (2); Attack: Tom Hatton (1), Darren Novell (1), Dave Slaughter (1) | BW58: =CONCATENATE("<p class=""small"">Goal: ",BW141,"; Defence: ",BX141,"; Midfield: ",BY141,"; Attack: ",BZ141) -> <p class="small">Goal: Eliot Pugh; Defence: Felix Bull, Elliot Fry, Matt Porter, Eliot Wilde, Phil; Midfield: Dara McCreary, Jeremy Lee (2); Attack: Dave Slaughter | CA58: =CONCATENATE("<p class=""small"">Goal: ",CA141,"; Defence: ",CB141,"; Midfield: ",CC141,"; Attack: ",CD141) -> <p class="small">Goal: Eliot Pugh; Defence: Felix Bull (1), Dara McCreary, Matt Porter; Midfield: Andy Fernando, Kaspars 'Stripes' Veips, Jeremy Lee (2); Attack: Tom Hatton, Dave Slaughter | CE58: =CONCATENATE("<p class=""small"">Goal: ",CE141,"; Defence: ",CF141,"; Midfield: ",CG141,"; Attack: ",CH141) -> <p class="small">Goal: Eliot Pugh; Defence: Andy Booth, Dara McCreary, Phil; Midfield: Andy Fernando, Kaspars 'Stripes' Veips, Jimmy (3); Attack: Alex Griffiths, Tom Hatton, Dave Slaughter | CI58: =CONCATENATE("<p class=""small"">Goal: ",CI141,"; Defence: ",CJ141,"; Midfield: ",CK141,"; Attack: ",CL141) -> <p class="small">Goal: Eliot Pugh; Defence: Felix Bull, Dave Copple, Elliot Fry, Eliot Wilde; Midfield: Andy Fernando, James Keal (1), Dara McCreary, Jeremy Lee (3); Attack: Andy Booth, Darren Novell, Dave Slaughter
B59: Referees: | G59: ="<br/>Referee: "&H182&"</p>" -> <br/>Referee: Justin Baranowski, Andy Fernando, Dave Slaughter</p> | K59: ="<br/>Referee: "&L182&"</p>" -> <br/>Referee: Rob Collinge, Henry Collinge</p> | O59: ="<br/>Referee: "&P182&"</p>" -> <br/>Referee: Dave Slaughter</p> | S59: ="<br/>Referee: "&T182&"</p>" -> <br/>Referee: Simon Peach</p> | W59: ="<br/>Referee: "&X182&"</p>" -> <br/>Referee: </p> | AA59: ="<br/>Referee: "&AB182&"</p>" -> <br/>Referee: Simon Peach, Andy Booth</p> | AE59: ="<br/>Referee: "&AF182&"</p>" -> <br/>Referee: Buckers, Trevor Rogers</p> | AI59: ="<br/>Referee: "&AJ182&"</p>" -> <br/>Referee: </p> | AM59: ="<br/>Referee: "&AN182&"</p>" -> <br/>Referee: </p> | AQ59: ="<br/>Referee: "&AR182&"</p>" -> <br/>Referee: </p> | AU59: ="<br/>Referee: "&AV182&"</p>" -> <br/>Referee: Miles Whittle</p> | AY59: ="<br/>Referee: "&AZ182&"</p>" -> <br/>Referee: Dave Slaughter</p> | BC59: ="<br/>Referee: "&BD182&"</p>" -> <br/>Referee: </p> | BG59: ="<br/>Referee: "&BH182&"</p>" -> <br/>Referee: </p> | BK59: ="<br/>Referee: "&BL182&"</p>" -> <br/>Referee: </p> | BO59: ="<br/>Referee: "&BP182&"</p>" -> <br/>Referee: Debbie Field</p> | BS59: ="<br/>Referee: "&BT182&"</p>" -> <br/>Referee: ??Hillcroft Guy</p> | BW59: ="<br/>Referee: "&BX182&"</p>" -> <br/>Referee: Gregg Urwin+Spencer</p> | CA59: ="<br/>Referee: "&CB182&"</p>" -> <br/>Referee: Ray Harry</p> | CE59: ="<br/>Referee: "&CF182&"</p>" -> <br/>Referee: James Kellam+EG</p> | CI59: ="<br/>Referee: "&CJ182&"</p>" -> <br/>Referee: </p>
B61: Work area: | E61: 1 | G61: =IF(G10="G", CONCATENATE($B10, IF(H10+I10>0,CONCATENATE(" (",H10,IF(I10>0,CONCATENATE(IF(H10>0,",",""),I10,"A"),""),")"),"")),"") | H61: =IF(G10="D", CONCATENATE($B10, IF(H10+I10>0,CONCATENATE(" (",H10,IF(I10>0,CONCATENATE(IF(H10>0,",",""),I10,"A"),""),")"),"")),"") | I61: =IF(G10="M", CONCATENATE($B10, IF(H10+I10>0,CONCATENATE(" (",H10,IF(I10>0,CONCATENATE(IF(H10>0,",",""),I10,"A"),""),")"),"")),"") -> Dave Baldwin (2) | J61: =IF(G10="A", CONCATENATE($B10, IF(H10+I10>0,CONCATENATE(" (",H10,IF(I10>0,CONCATENATE(IF(H10>0,",",""),I10,"A"),""),")"),"")),"") | K61: =IF(K10="G", CONCATENATE($B10, IF(L10+M10>0,CONCATENATE(" (",L10,IF(M10>0,CONCATENATE(IF(L10>0,",",""),M10,"A"),""),")"),"")),"") | L61: =IF(K10="D", CONCATENATE($B10, IF(L10+M10>0,CONCATENATE(" (",L10,IF(M10>0,CONCATENATE(IF(L10>0,",",""),M10,"A"),""),")"),"")),"") | M61: =IF(K10="M", CONCATENATE($B10, IF(L10+M10>0,CONCATENATE(" (",L10,IF(M10>0,CONCATENATE(IF(L10>0,",",""),M10,"A"),""),")"),"")),"") -> Dave Baldwin (1) | N61: =IF(K10="A", CONCATENATE($B10, IF(L10+M10>0,CONCATENATE(" (",L10,IF(M10>0,CONCATENATE(IF(L10>0,",",""),M10,"A"),""),")"),"")),"") | O61: =IF(O10="G", CONCATENATE($B10, IF(P10+Q10>0,CONCATENATE(" (",P10,IF(Q10>0,CONCATENATE(IF(P10>0,",",""),Q10,"A"),""),")"),"")),"") | P61: =IF(O10="D", CONCATENATE($B10, IF(P10+Q10>0,CONCATENATE(" (",P10,IF(Q10>0,CONCATENATE(IF(P10>0,",",""),Q10,"A"),""),")"),"")),"") | Q61: =IF(O10="M", CONCATENATE($B10, IF(P10+Q10>0,CONCATENATE(" (",P10,IF(Q10>0,CONCATENATE(IF(P10>0,",",""),Q10,"A"),""),")"),"")),"") -> Dave Baldwin | R61: =IF(O10="A", CONCATENATE($B10, IF(P10+Q10>0,CONCATENATE(" (",P10,IF(Q10>0,CONCATENATE(IF(P10>0,",",""),Q10,"A"),""),")"),"")),"") | S61: =IF(S10="G", CONCATENATE($B10, IF(T10+U10>0,CONCATENATE(" (",T10,IF(U10>0,CONCATENATE(IF(T10>0,",",""),U10,"A"),""),")"),"")),"") | T61: =IF(S10="D", CONCATENATE($B10, IF(T10+U10>0,CONCATENATE(" (",T10,IF(U10>0,CONCATENATE(IF(T10>0,",",""),U10,"A"),""),")"),"")),"") | U61: =IF(S10="M", CONCATENATE($B10, IF(T10+U10>0,CONCATENATE(" (",T10,IF(U10>0,CONCATENATE(IF(T10>0,",",""),U10,"A"),""),")"),"")),"") -> Dave Baldwin (1) | V61: =IF(S10="A", CONCATENATE($B10, IF(T10+U10>0,CONCATENATE(" (",T10,IF(U10>0,CONCATENATE(IF(T10>0,",",""),U10,"A"),""),")"),"")),"") | W61: =IF(W10="G", CONCATENATE($B10, IF(X10+Y10>0,CONCATENATE(" (",X10,IF(Y10>0,CONCATENATE(IF(X10>0,",",""),Y10,"A"),""),")"),"")),"") | X61: =IF(W10="D", CONCATENATE($B10, IF(X10+Y10>0,CONCATENATE(" (",X10,IF(Y10>0,CONCATENATE(IF(X10>0,",",""),Y10,"A"),""),")"),"")),"") | Y61: =IF(W10="M", CONCATENATE($B10, IF(X10+Y10>0,CONCATENATE(" (",X10,IF(Y10>0,CONCATENATE(IF(X10>0,",",""),Y10,"A"),""),")"),"")),"") | Z61: =IF(W10="A", CONCATENATE($B10, IF(X10+Y10>0,CONCATENATE(" (",X10,IF(Y10>0,CONCATENATE(IF(X10>0,",",""),Y10,"A"),""),")"),"")),"") | AA61: =IF(AA10="G", CONCATENATE($B10, IF(AB10+AC10>0,CONCATENATE(" (",AB10,IF(AC10>0,CONCATENATE(IF(AB10>0,",",""),AC10,"A"),""),")"),"")),"") | AB61: =IF(AA10="D", CONCATENATE($B10, IF(AB10+AC10>0,CONCATENATE(" (",AB10,IF(AC10>0,CONCATENATE(IF(AB10>0,",",""),AC10,"A"),""),")"),"")),"") | AC61: =IF(AA10="M", CONCATENATE($B10, IF(AB10+AC10>0,CONCATENATE(" (",AB10,IF(AC10>0,CONCATENATE(IF(AB10>0,",",""),AC10,"A"),""),")"),"")),"") -> Dave Baldwin (1) | AD61: =IF(AA10="A", CONCATENATE($B10, IF(AB10+AC10>0,CONCATENATE(" (",AB10,IF(AC10>0,CONCATENATE(IF(AB10>0,",",""),AC10,"A"),""),")"),"")),"") | AE61: =IF(AE10="G", CONCATENATE($B10, IF(AF10+AG10>0,CONCATENATE(" (",AF10,IF(AG10>0,CONCATENATE(IF(AF10>0,",",""),AG10,"A"),""),")"),"")),"") | AF61: =IF(AE10="D", CONCATENATE($B10, IF(AF10+AG10>0,CONCATENATE(" (",AF10,IF(AG10>0,CONCATENATE(IF(AF10>0,",",""),AG10,"A"),""),")"),"")),"") | AG61: =IF(AE10="M", CONCATENATE($B10, IF(AF10+AG10>0,CONCATENATE(" (",AF10,IF(AG10>0,CONCATENATE(IF(AF10>0,",",""),AG10,"A"),""),")"),"")),"") -> Dave Baldwin (1) | AH61: =IF(AE10="A", CONCATENATE($B10, IF(AF10+AG10>0,CONCATENATE(" (",AF10,IF(AG10>0,CONCATENATE(IF(AF10>0,",",""),AG10,"A"),""),")"),"")),"") | AI61: =IF(AI10="G", CONCATENATE($B10, IF(AJ10+AK10>0,CONCATENATE(" (",AJ10,IF(AK10>0,CONCATENATE(IF(AJ10>0,",",""),AK10,"A"),""),")"),"")),"") | AJ61: =IF(AI10="D", CONCATENATE($B10, IF(AJ10+AK10>0,CONCATENATE(" (",AJ10,IF(AK10>0,CONCATENATE(IF(AJ10>0,",",""),AK10,"A"),""),")"),"")),"") | AK61: =IF(AI10="M", CONCATENATE($B10, IF(AJ10+AK10>0,CONCATENATE(" (",AJ10,IF(AK10>0,CONCATENATE(IF(AJ10>0,",",""),AK10,"A"),""),")"),"")),"") | AL61: =IF(AI10="A", CONCATENATE($B10, IF(AJ10+AK10>0,CONCATENATE(" (",AJ10,IF(AK10>0,CONCATENATE(IF(AJ10>0,",",""),AK10,"A"),""),")"),"")),"") | AM61: =IF(AM10="G", CONCATENATE($B10, IF(AN10+AO10>0,CONCATENATE(" (",AN10,IF(AO10>0,CONCATENATE(IF(AN10>0,",",""),AO10,"A"),""),")"),"")),"") | AN61: =IF(AM10="D", CONCATENATE($B10, IF(AN10+AO10>0,CONCATENATE(" (",AN10,IF(AO10>0,CONCATENATE(IF(AN10>0,",",""),AO10,"A"),""),")"),"")),"") | AO61: =IF(AM10="M", CONCATENATE($B10, IF(AN10+AO10>0,CONCATENATE(" (",AN10,IF(AO10>0,CONCATENATE(IF(AN10>0,",",""),AO10,"A"),""),")"),"")),"") | AP61: =IF(AM10="A", CONCATENATE($B10, IF(AN10+AO10>0,CONCATENATE(" (",AN10,IF(AO10>0,CONCATENATE(IF(AN10>0,",",""),AO10,"A"),""),")"),"")),"") | AQ61: =IF(AQ10="G", CONCATENATE($B10, IF(AR10+AS10>0,CONCATENATE(" (",AR10,IF(AS10>0,CONCATENATE(IF(AR10>0,",",""),AS10,"A"),""),")"),"")),"") | AR61: =IF(AQ10="D", CONCATENATE($B10, IF(AR10+AS10>0,CONCATENATE(" (",AR10,IF(AS10>0,CONCATENATE(IF(AR10>0,",",""),AS10,"A"),""),")"),"")),"") | AS61: =IF(AQ10="M", CONCATENATE($B10, IF(AR10+AS10>0,CONCATENATE(" (",AR10,IF(AS10>0,CONCATENATE(IF(AR10>0,",",""),AS10,"A"),""),")"),"")),"") | AT61: =IF(AQ10="A", CONCATENATE($B10, IF(AR10+AS10>0,CONCATENATE(" (",AR10,IF(AS10>0,CONCATENATE(IF(AR10>0,",",""),AS10,"A"),""),")"),"")),"") | AU61: =IF(AU10="G", CONCATENATE($B10, IF(AV10+AW10>0,CONCATENATE(" (",AV10,IF(AW10>0,CONCATENATE(IF(AV10>0,",",""),AW10,"A"),""),")"),"")),"") | AV61: =IF(AU10="D", CONCATENATE($B10, IF(AV10+AW10>0,CONCATENATE(" (",AV10,IF(AW10>0,CONCATENATE(IF(AV10>0,",",""),AW10,"A"),""),")"),"")),"") | AW61: =IF(AU10="M", CONCATENATE($B10, IF(AV10+AW10>0,CONCATENATE(" (",AV10,IF(AW10>0,CONCATENATE(IF(AV10>0,",",""),AW10,"A"),""),")"),"")),"") -> Dave Baldwin | AX61: =IF(AU10="A", CONCATENATE($B10, IF(AV10+AW10>0,CONCATENATE(" (",AV10,IF(AW10>0,CONCATENATE(IF(AV10>0,",",""),AW10,"A"),""),")"),"")),"") | AY61: =IF(AY10="G", CONCATENATE($B10, IF(AZ10+BA10>0,CONCATENATE(" (",AZ10,IF(BA10>0,CONCATENATE(IF(AZ10>0,",",""),BA10,"A"),""),")"),"")),"") | AZ61: =IF(AY10="D", CONCATENATE($B10, IF(AZ10+BA10>0,CONCATENATE(" (",AZ10,IF(BA10>0,CONCATENATE(IF(AZ10>0,",",""),BA10,"A"),""),")"),"")),"") | BA61: =IF(AY10="M", CONCATENATE($B10, IF(AZ10+BA10>0,CONCATENATE(" (",AZ10,IF(BA10>0,CONCATENATE(IF(AZ10>0,",",""),BA10,"A"),""),")"),"")),"") -> Dave Baldwin | BB61: =IF(AY10="A", CONCATENATE($B10, IF(AZ10+BA10>0,CONCATENATE(" (",AZ10,IF(BA10>0,CONCATENATE(IF(AZ10>0,",",""),BA10,"A"),""),")"),"")),"") | BC61: =IF(BC10="G", CONCATENATE($B10, IF(BD10+BE10>0,CONCATENATE(" (",BD10,IF(BE10>0,CONCATENATE(IF(BD10>0,",",""),BE10,"A"),""),")"),"")),"") | BD61: =IF(BC10="D", CONCATENATE($B10, IF(BD10+BE10>0,CONCATENATE(" (",BD10,IF(BE10>0,CONCATENATE(IF(BD10>0,",",""),BE10,"A"),""),")"),"")),"") | BE61: =IF(BC10="M", CONCATENATE($B10, IF(BD10+BE10>0,CONCATENATE(" (",BD10,IF(BE10>0,CONCATENATE(IF(BD10>0,",",""),BE10,"A"),""),")"),"")),"") | BF61: =IF(BC10="A", CONCATENATE($B10, IF(BD10+BE10>0,CONCATENATE(" (",BD10,IF(BE10>0,CONCATENATE(IF(BD10>0,",",""),BE10,"A"),""),")"),"")),"") | BG61: =IF(BG10="G", CONCATENATE($B10, IF(BH10+BI10>0,CONCATENATE(" (",BH10,IF(BI10>0,CONCATENATE(IF(BH10>0,",",""),BI10,"A"),""),")"),"")),"") | BH61: =IF(BG10="D", CONCATENATE($B10, IF(BH10+BI10>0,CONCATENATE(" (",BH10,IF(BI10>0,CONCATENATE(IF(BH10>0,",",""),BI10,"A"),""),")"),"")),"") | BI61: =IF(BG10="M", CONCATENATE($B10, IF(BH10+BI10>0,CONCATENATE(" (",BH10,IF(BI10>0,CONCATENATE(IF(BH10>0,",",""),BI10,"A"),""),")"),"")),"") | BJ61: =IF(BG10="A", CONCATENATE($B10, IF(BH10+BI10>0,CONCATENATE(" (",BH10,IF(BI10>0,CONCATENATE(IF(BH10>0,",",""),BI10,"A"),""),")"),"")),"") | BK61: =IF(BK10="G", CONCATENATE($B10, IF(BL10+BM10>0,CONCATENATE(" (",BL10,IF(BM10>0,CONCATENATE(IF(BL10>0,",",""),BM10,"A"),""),")"),"")),"") | BL61: =IF(BK10="D", CONCATENATE($B10, IF(BL10+BM10>0,CONCATENATE(" (",BL10,IF(BM10>0,CONCATENATE(IF(BL10>0,",",""),BM10,"A"),""),")"),"")),"") | BM61: =IF(BK10="M", CONCATENATE($B10, IF(BL10+BM10>0,CONCATENATE(" (",BL10,IF(BM10>0,CONCATENATE(IF(BL10>0,",",""),BM10,"A"),""),")"),"")),"") | BN61: =IF(BK10="A", CONCATENATE($B10, IF(BL10+BM10>0,CONCATENATE(" (",BL10,IF(BM10>0,CONCATENATE(IF(BL10>0,",",""),BM10,"A"),""),")"),"")),"") | BO61: =IF(BO10="G", CONCATENATE($B10, IF(BP10+BQ10>0,CONCATENATE(" (",BP10,IF(BQ10>0,CONCATENATE(IF(BP10>0,",",""),BQ10,"A"),""),")"),"")),"") | BP61: =IF(BO10="D", CONCATENATE($B10, IF(BP10+BQ10>0,CONCATENATE(" (",BP10,IF(BQ10>0,CONCATENATE(IF(BP10>0,",",""),BQ10,"A"),""),")"),"")),"") | BQ61: =IF(BO10="M", CONCATENATE($B10, IF(BP10+BQ10>0,CONCATENATE(" (",BP10,IF(BQ10>0,CONCATENATE(IF(BP10>0,",",""),BQ10,"A"),""),")"),"")),"") | BR61: =IF(BO10="A", CONCATENATE($B10, IF(BP10+BQ10>0,CONCATENATE(" (",BP10,IF(BQ10>0,CONCATENATE(IF(BP10>0,",",""),BQ10,"A"),""),")"),"")),"") | BS61: =IF(BS10="G", CONCATENATE($B10, IF(BT10+BU10>0,CONCATENATE(" (",BT10,IF(BU10>0,CONCATENATE(IF(BT10>0,",",""),BU10,"A"),""),")"),"")),"") | BT61: =IF(BS10="D", CONCATENATE($B10, IF(BT10+BU10>0,CONCATENATE(" (",BT10,IF(BU10>0,CONCATENATE(IF(BT10>0,",",""),BU10,"A"),""),")"),"")),"") | BU61: =IF(BS10="M", CONCATENATE($B10, IF(BT10+BU10>0,CONCATENATE(" (",BT10,IF(BU10>0,CONCATENATE(IF(BT10>0,",",""),BU10,"A"),""),")"),"")),"") | BV61: =IF(BS10="A", CONCATENATE($B10, IF(BT10+BU10>0,CONCATENATE(" (",BT10,IF(BU10>0,CONCATENATE(IF(BT10>0,",",""),BU10,"A"),""),")"),"")),"") | BW61: =IF(BW10="G", CONCATENATE($B10, IF(BX10+BY10>0,CONCATENATE(" (",BX10,IF(BY10>0,CONCATENATE(IF(BX10>0,",",""),BY10,"A"),""),")"),"")),"") | BX61: =IF(BW10="D", CONCATENATE($B10, IF(BX10+BY10>0,CONCATENATE(" (",BX10,IF(BY10>0,CONCATENATE(IF(BX10>0,",",""),BY10,"A"),""),")"),"")),"") | BY61: =IF(BW10="M", CONCATENATE($B10, IF(BX10+BY10>0,CONCATENATE(" (",BX10,IF(BY10>0,CONCATENATE(IF(BX10>0,",",""),BY10,"A"),""),")"),"")),"") | BZ61: =IF(BW10="A", CONCATENATE($B10, IF(BX10+BY10>0,CONCATENATE(" (",BX10,IF(BY10>0,CONCATENATE(IF(BX10>0,",",""),BY10,"A"),""),")"),"")),"") | CA61: =IF(CA10="G", CONCATENATE($B10, IF(CB10+CC10>0,CONCATENATE(" (",CB10,IF(CC10>0,CONCATENATE(IF(CB10>0,",",""),CC10,"A"),""),")"),"")),"") | CB61: =IF(CA10="D", CONCATENATE($B10, IF(CB10+CC10>0,CONCATENATE(" (",CB10,IF(CC10>0,CONCATENATE(IF(CB10>0,",",""),CC10,"A"),""),")"),"")),"") | CC61: =IF(CA10="M", CONCATENATE($B10, IF(CB10+CC10>0,CONCATENATE(" (",CB10,IF(CC10>0,CONCATENATE(IF(CB10>0,",",""),CC10,"A"),""),")"),"")),"") | CD61: =IF(CA10="A", CONCATENATE($B10, IF(CB10+CC10>0,CONCATENATE(" (",CB10,IF(CC10>0,CONCATENATE(IF(CB10>0,",",""),CC10,"A"),""),")"),"")),"") | CE61: =IF(CE10="G", CONCATENATE($B10, IF(CF10+CG10>0,CONCATENATE(" (",CF10,IF(CG10>0,CONCATENATE(IF(CF10>0,",",""),CG10,"A"),""),")"),"")),"") | CF61: =IF(CE10="D", CONCATENATE($B10, IF(CF10+CG10>0,CONCATENATE(" (",CF10,IF(CG10>0,CONCATENATE(IF(CF10>0,",",""),CG10,"A"),""),")"),"")),"") | CG61: =IF(CE10="M", CONCATENATE($B10, IF(CF10+CG10>0,CONCATENATE(" (",CF10,IF(CG10>0,CONCATENATE(IF(CF10>0,",",""),CG10,"A"),""),")"),"")),"") | CH61: =IF(CE10="A", CONCATENATE($B10, IF(CF10+CG10>0,CONCATENATE(" (",CF10,IF(CG10>0,CONCATENATE(IF(CF10>0,",",""),CG10,"A"),""),")"),"")),"") | CI61: =IF(CI10="G", CONCATENATE($B10, IF(CJ10+CK10>0,CONCATENATE(" (",CJ10,IF(CK10>0,CONCATENATE(IF(CJ10>0,",",""),CK10,"A"),""),")"),"")),"") | CJ61: =IF(CI10="D", CONCATENATE($B10, IF(CJ10+CK10>0,CONCATENATE(" (",CJ10,IF(CK10>0,CONCATENATE(IF(CJ10>0,",",""),CK10,"A"),""),")"),"")),"") | CK61: =IF(CI10="M", CONCATENATE($B10, IF(CJ10+CK10>0,CONCATENATE(" (",CJ10,IF(CK10>0,CONCATENATE(IF(CJ10>0,",",""),CK10,"A"),""),")"),"")),"") | CL61: =IF(CI10="A", CONCATENATE($B10, IF(CJ10+CK10>0,CONCATENATE(" (",CJ10,IF(CK10>0,CONCATENATE(IF(CJ10>0,",",""),CK10,"A"),""),")"),"")),"")
E62: =E61+1 -> 2 | G62: =IF(G11="G", CONCATENATE($B11, IF(H11+I11>0,CONCATENATE(" (",H11,IF(I11>0,CONCATENATE(IF(H11>0,",",""),I11,"A"),""),")"),"")),"") | H62: =IF(G11="D", CONCATENATE($B11, IF(H11+I11>0,CONCATENATE(" (",H11,IF(I11>0,CONCATENATE(IF(H11>0,",",""),I11,"A"),""),")"),"")),"") | I62: =IF(G11="M", CONCATENATE($B11, IF(H11+I11>0,CONCATENATE(" (",H11,IF(I11>0,CONCATENATE(IF(H11>0,",",""),I11,"A"),""),")"),"")),"") | J62: =IF(G11="A", CONCATENATE($B11, IF(H11+I11>0,CONCATENATE(" (",H11,IF(I11>0,CONCATENATE(IF(H11>0,",",""),I11,"A"),""),")"),"")),"") -> Justin Baranowski | K62: =IF(K11="G", CONCATENATE($B11, IF(L11+M11>0,CONCATENATE(" (",L11,IF(M11>0,CONCATENATE(IF(L11>0,",",""),M11,"A"),""),")"),"")),"") | L62: =IF(K11="D", CONCATENATE($B11, IF(L11+M11>0,CONCATENATE(" (",L11,IF(M11>0,CONCATENATE(IF(L11>0,",",""),M11,"A"),""),")"),"")),"") | M62: =IF(K11="M", CONCATENATE($B11, IF(L11+M11>0,CONCATENATE(" (",L11,IF(M11>0,CONCATENATE(IF(L11>0,",",""),M11,"A"),""),")"),"")),"") | N62: =IF(K11="A", CONCATENATE($B11, IF(L11+M11>0,CONCATENATE(" (",L11,IF(M11>0,CONCATENATE(IF(L11>0,",",""),M11,"A"),""),")"),"")),"") | O62: =IF(O11="G", CONCATENATE($B11, IF(P11+Q11>0,CONCATENATE(" (",P11,IF(Q11>0,CONCATENATE(IF(P11>0,",",""),Q11,"A"),""),")"),"")),"") | P62: =IF(O11="D", CONCATENATE($B11, IF(P11+Q11>0,CONCATENATE(" (",P11,IF(Q11>0,CONCATENATE(IF(P11>0,",",""),Q11,"A"),""),")"),"")),"") | Q62: =IF(O11="M", CONCATENATE($B11, IF(P11+Q11>0,CONCATENATE(" (",P11,IF(Q11>0,CONCATENATE(IF(P11>0,",",""),Q11,"A"),""),")"),"")),"") | R62: =IF(O11="A", CONCATENATE($B11, IF(P11+Q11>0,CONCATENATE(" (",P11,IF(Q11>0,CONCATENATE(IF(P11>0,",",""),Q11,"A"),""),")"),"")),"") -> Justin Baranowski | S62: =IF(S11="G", CONCATENATE($B11, IF(T11+U11>0,CONCATENATE(" (",T11,IF(U11>0,CONCATENATE(IF(T11>0,",",""),U11,"A"),""),")"),"")),"") | T62: =IF(S11="D", CONCATENATE($B11, IF(T11+U11>0,CONCATENATE(" (",T11,IF(U11>0,CONCATENATE(IF(T11>0,",",""),U11,"A"),""),")"),"")),"") | U62: =IF(S11="M", CONCATENATE($B11, IF(T11+U11>0,CONCATENATE(" (",T11,IF(U11>0,CONCATENATE(IF(T11>0,",",""),U11,"A"),""),")"),"")),"") | V62: =IF(S11="A", CONCATENATE($B11, IF(T11+U11>0,CONCATENATE(" (",T11,IF(U11>0,CONCATENATE(IF(T11>0,",",""),U11,"A"),""),")"),"")),"") -> Justin Baranowski (2) | W62: =IF(W11="G", CONCATENATE($B11, IF(X11+Y11>0,CONCATENATE(" (",X11,IF(Y11>0,CONCATENATE(IF(X11>0,",",""),Y11,"A"),""),")"),"")),"") | X62: =IF(W11="D", CONCATENATE($B11, IF(X11+Y11>0,CONCATENATE(" (",X11,IF(Y11>0,CONCATENATE(IF(X11>0,",",""),Y11,"A"),""),")"),"")),"") | Y62: =IF(W11="M", CONCATENATE($B11, IF(X11+Y11>0,CONCATENATE(" (",X11,IF(Y11>0,CONCATENATE(IF(X11>0,",",""),Y11,"A"),""),")"),"")),"") | Z62: =IF(W11="A", CONCATENATE($B11, IF(X11+Y11>0,CONCATENATE(" (",X11,IF(Y11>0,CONCATENATE(IF(X11>0,",",""),Y11,"A"),""),")"),"")),"") | AA62: =IF(AA11="G", CONCATENATE($B11, IF(AB11+AC11>0,CONCATENATE(" (",AB11,IF(AC11>0,CONCATENATE(IF(AB11>0,",",""),AC11,"A"),""),")"),"")),"") | AB62: =IF(AA11="D", CONCATENATE($B11, IF(AB11+AC11>0,CONCATENATE(" (",AB11,IF(AC11>0,CONCATENATE(IF(AB11>0,",",""),AC11,"A"),""),")"),"")),"") | AC62: =IF(AA11="M", CONCATENATE($B11, IF(AB11+AC11>0,CONCATENATE(" (",AB11,IF(AC11>0,CONCATENATE(IF(AB11>0,",",""),AC11,"A"),""),")"),"")),"") | AD62: =IF(AA11="A", CONCATENATE($B11, IF(AB11+AC11>0,CONCATENATE(" (",AB11,IF(AC11>0,CONCATENATE(IF(AB11>0,",",""),AC11,"A"),""),")"),"")),"") -> Justin Baranowski | AE62: =IF(AE11="G", CONCATENATE($B11, IF(AF11+AG11>0,CONCATENATE(" (",AF11,IF(AG11>0,CONCATENATE(IF(AF11>0,",",""),AG11,"A"),""),")"),"")),"") | AF62: =IF(AE11="D", CONCATENATE($B11, IF(AF11+AG11>0,CONCATENATE(" (",AF11,IF(AG11>0,CONCATENATE(IF(AF11>0,",",""),AG11,"A"),""),")"),"")),"") | AG62: =IF(AE11="M", CONCATENATE($B11, IF(AF11+AG11>0,CONCATENATE(" (",AF11,IF(AG11>0,CONCATENATE(IF(AF11>0,",",""),AG11,"A"),""),")"),"")),"") | AH62: =IF(AE11="A", CONCATENATE($B11, IF(AF11+AG11>0,CONCATENATE(" (",AF11,IF(AG11>0,CONCATENATE(IF(AF11>0,",",""),AG11,"A"),""),")"),"")),"") -> Justin Baranowski (1) | AI62: =IF(AI11="G", CONCATENATE($B11, IF(AJ11+AK11>0,CONCATENATE(" (",AJ11,IF(AK11>0,CONCATENATE(IF(AJ11>0,",",""),AK11,"A"),""),")"),"")),"") | AJ62: =IF(AI11="D", CONCATENATE($B11, IF(AJ11+AK11>0,CONCATENATE(" (",AJ11,IF(AK11>0,CONCATENATE(IF(AJ11>0,",",""),AK11,"A"),""),")"),"")),"") | AK62: =IF(AI11="M", CONCATENATE($B11, IF(AJ11+AK11>0,CONCATENATE(" (",AJ11,IF(AK11>0,CONCATENATE(IF(AJ11>0,",",""),AK11,"A"),""),")"),"")),"") | AL62: =IF(AI11="A", CONCATENATE($B11, IF(AJ11+AK11>0,CONCATENATE(" (",AJ11,IF(AK11>0,CONCATENATE(IF(AJ11>0,",",""),AK11,"A"),""),")"),"")),"") | AM62: =IF(AM11="G", CONCATENATE($B11, IF(AN11+AO11>0,CONCATENATE(" (",AN11,IF(AO11>0,CONCATENATE(IF(AN11>0,",",""),AO11,"A"),""),")"),"")),"") | AN62: =IF(AM11="D", CONCATENATE($B11, IF(AN11+AO11>0,CONCATENATE(" (",AN11,IF(AO11>0,CONCATENATE(IF(AN11>0,",",""),AO11,"A"),""),")"),"")),"") | AO62: =IF(AM11="M", CONCATENATE($B11, IF(AN11+AO11>0,CONCATENATE(" (",AN11,IF(AO11>0,CONCATENATE(IF(AN11>0,",",""),AO11,"A"),""),")"),"")),"") | AP62: =IF(AM11="A", CONCATENATE($B11, IF(AN11+AO11>0,CONCATENATE(" (",AN11,IF(AO11>0,CONCATENATE(IF(AN11>0,",",""),AO11,"A"),""),")"),"")),"") | AQ62: =IF(AQ11="G", CONCATENATE($B11, IF(AR11+AS11>0,CONCATENATE(" (",AR11,IF(AS11>0,CONCATENATE(IF(AR11>0,",",""),AS11,"A"),""),")"),"")),"") | AR62: =IF(AQ11="D", CONCATENATE($B11, IF(AR11+AS11>0,CONCATENATE(" (",AR11,IF(AS11>0,CONCATENATE(IF(AR11>0,",",""),AS11,"A"),""),")"),"")),"") | AS62: =IF(AQ11="M", CONCATENATE($B11, IF(AR11+AS11>0,CONCATENATE(" (",AR11,IF(AS11>0,CONCATENATE(IF(AR11>0,",",""),AS11,"A"),""),")"),"")),"") | AT62: =IF(AQ11="A", CONCATENATE($B11, IF(AR11+AS11>0,CONCATENATE(" (",AR11,IF(AS11>0,CONCATENATE(IF(AR11>0,",",""),AS11,"A"),""),")"),"")),"") | AU62: =IF(AU11="G", CONCATENATE($B11, IF(AV11+AW11>0,CONCATENATE(" (",AV11,IF(AW11>0,CONCATENATE(IF(AV11>0,",",""),AW11,"A"),""),")"),"")),"") | AV62: =IF(AU11="D", CONCATENATE($B11, IF(AV11+AW11>0,CONCATENATE(" (",AV11,IF(AW11>0,CONCATENATE(IF(AV11>0,",",""),AW11,"A"),""),")"),"")),"") | AW62: =IF(AU11="M", CONCATENATE($B11, IF(AV11+AW11>0,CONCATENATE(" (",AV11,IF(AW11>0,CONCATENATE(IF(AV11>0,",",""),AW11,"A"),""),")"),"")),"") | AX62: =IF(AU11="A", CONCATENATE($B11, IF(AV11+AW11>0,CONCATENATE(" (",AV11,IF(AW11>0,CONCATENATE(IF(AV11>0,",",""),AW11,"A"),""),")"),"")),"") | AY62: =IF(AY11="G", CONCATENATE($B11, IF(AZ11+BA11>0,CONCATENATE(" (",AZ11,IF(BA11>0,CONCATENATE(IF(AZ11>0,",",""),BA11,"A"),""),")"),"")),"") | AZ62: =IF(AY11="D", CONCATENATE($B11, IF(AZ11+BA11>0,CONCATENATE(" (",AZ11,IF(BA11>0,CONCATENATE(IF(AZ11>0,",",""),BA11,"A"),""),")"),"")),"") | BA62: =IF(AY11="M", CONCATENATE($B11, IF(AZ11+BA11>0,CONCATENATE(" (",AZ11,IF(BA11>0,CONCATENATE(IF(AZ11>0,",",""),BA11,"A"),""),")"),"")),"") | BB62: =IF(AY11="A", CONCATENATE($B11, IF(AZ11+BA11>0,CONCATENATE(" (",AZ11,IF(BA11>0,CONCATENATE(IF(AZ11>0,",",""),BA11,"A"),""),")"),"")),"") | BC62: =IF(BC11="G", CONCATENATE($B11, IF(BD11+BE11>0,CONCATENATE(" (",BD11,IF(BE11>0,CONCATENATE(IF(BD11>0,",",""),BE11,"A"),""),")"),"")),"") | BD62: =IF(BC11="D", CONCATENATE($B11, IF(BD11+BE11>0,CONCATENATE(" (",BD11,IF(BE11>0,CONCATENATE(IF(BD11>0,",",""),BE11,"A"),""),")"),"")),"") | BE62: =IF(BC11="M", CONCATENATE($B11, IF(BD11+BE11>0,CONCATENATE(" (",BD11,IF(BE11>0,CONCATENATE(IF(BD11>0,",",""),BE11,"A"),""),")"),"")),"") | BF62: =IF(BC11="A", CONCATENATE($B11, IF(BD11+BE11>0,CONCATENATE(" (",BD11,IF(BE11>0,CONCATENATE(IF(BD11>0,",",""),BE11,"A"),""),")"),"")),"") | BG62: =IF(BG11="G", CONCATENATE($B11, IF(BH11+BI11>0,CONCATENATE(" (",BH11,IF(BI11>0,CONCATENATE(IF(BH11>0,",",""),BI11,"A"),""),")"),"")),"") | BH62: =IF(BG11="D", CONCATENATE($B11, IF(BH11+BI11>0,CONCATENATE(" (",BH11,IF(BI11>0,CONCATENATE(IF(BH11>0,",",""),BI11,"A"),""),")"),"")),"") | BI62: =IF(BG11="M", CONCATENATE($B11, IF(BH11+BI11>0,CONCATENATE(" (",BH11,IF(BI11>0,CONCATENATE(IF(BH11>0,",",""),BI11,"A"),""),")"),"")),"") | BJ62: =IF(BG11="A", CONCATENATE($B11, IF(BH11+BI11>0,CONCATENATE(" (",BH11,IF(BI11>0,CONCATENATE(IF(BH11>0,",",""),BI11,"A"),""),")"),"")),"") | BK62: =IF(BK11="G", CONCATENATE($B11, IF(BL11+BM11>0,CONCATENATE(" (",BL11,IF(BM11>0,CONCATENATE(IF(BL11>0,",",""),BM11,"A"),""),")"),"")),"") | BL62: =IF(BK11="D", CONCATENATE($B11, IF(BL11+BM11>0,CONCATENATE(" (",BL11,IF(BM11>0,CONCATENATE(IF(BL11>0,",",""),BM11,"A"),""),")"),"")),"") | BM62: =IF(BK11="M", CONCATENATE($B11, IF(BL11+BM11>0,CONCATENATE(" (",BL11,IF(BM11>0,CONCATENATE(IF(BL11>0,",",""),BM11,"A"),""),")"),"")),"") | BN62: =IF(BK11="A", CONCATENATE($B11, IF(BL11+BM11>0,CONCATENATE(" (",BL11,IF(BM11>0,CONCATENATE(IF(BL11>0,",",""),BM11,"A"),""),")"),"")),"") | BO62: =IF(BO11="G", CONCATENATE($B11, IF(BP11+BQ11>0,CONCATENATE(" (",BP11,IF(BQ11>0,CONCATENATE(IF(BP11>0,",",""),BQ11,"A"),""),")"),"")),"") | BP62: =IF(BO11="D", CONCATENATE($B11, IF(BP11+BQ11>0,CONCATENATE(" (",BP11,IF(BQ11>0,CONCATENATE(IF(BP11>0,",",""),BQ11,"A"),""),")"),"")),"") | BQ62: =IF(BO11="M", CONCATENATE($B11, IF(BP11+BQ11>0,CONCATENATE(" (",BP11,IF(BQ11>0,CONCATENATE(IF(BP11>0,",",""),BQ11,"A"),""),")"),"")),"") | BR62: =IF(BO11="A", CONCATENATE($B11, IF(BP11+BQ11>0,CONCATENATE(" (",BP11,IF(BQ11>0,CONCATENATE(IF(BP11>0,",",""),BQ11,"A"),""),")"),"")),"") | BS62: =IF(BS11="G", CONCATENATE($B11, IF(BT11+BU11>0,CONCATENATE(" (",BT11,IF(BU11>0,CONCATENATE(IF(BT11>0,",",""),BU11,"A"),""),")"),"")),"") | BT62: =IF(BS11="D", CONCATENATE($B11, IF(BT11+BU11>0,CONCATENATE(" (",BT11,IF(BU11>0,CONCATENATE(IF(BT11>0,",",""),BU11,"A"),""),")"),"")),"") | BU62: =IF(BS11="M", CONCATENATE($B11, IF(BT11+BU11>0,CONCATENATE(" (",BT11,IF(BU11>0,CONCATENATE(IF(BT11>0,",",""),BU11,"A"),""),")"),"")),"") | BV62: =IF(BS11="A", CONCATENATE($B11, IF(BT11+BU11>0,CONCATENATE(" (",BT11,IF(BU11>0,CONCATENATE(IF(BT11>0,",",""),BU11,"A"),""),")"),"")),"") | BW62: =IF(BW11="G", CONCATENATE($B11, IF(BX11+BY11>0,CONCATENATE(" (",BX11,IF(BY11>0,CONCATENATE(IF(BX11>0,",",""),BY11,"A"),""),")"),"")),"") | BX62: =IF(BW11="D", CONCATENATE($B11, IF(BX11+BY11>0,CONCATENATE(" (",BX11,IF(BY11>0,CONCATENATE(IF(BX11>0,",",""),BY11,"A"),""),")"),"")),"") | BY62: =IF(BW11="M", CONCATENATE($B11, IF(BX11+BY11>0,CONCATENATE(" (",BX11,IF(BY11>0,CONCATENATE(IF(BX11>0,",",""),BY11,"A"),""),")"),"")),"") | BZ62: =IF(BW11="A", CONCATENATE($B11, IF(BX11+BY11>0,CONCATENATE(" (",BX11,IF(BY11>0,CONCATENATE(IF(BX11>0,",",""),BY11,"A"),""),")"),"")),"") | CA62: =IF(CA11="G", CONCATENATE($B11, IF(CB11+CC11>0,CONCATENATE(" (",CB11,IF(CC11>0,CONCATENATE(IF(CB11>0,",",""),CC11,"A"),""),")"),"")),"") | CB62: =IF(CA11="D", CONCATENATE($B11, IF(CB11+CC11>0,CONCATENATE(" (",CB11,IF(CC11>0,CONCATENATE(IF(CB11>0,",",""),CC11,"A"),""),")"),"")),"") | CC62: =IF(CA11="M", CONCATENATE($B11, IF(CB11+CC11>0,CONCATENATE(" (",CB11,IF(CC11>0,CONCATENATE(IF(CB11>0,",",""),CC11,"A"),""),")"),"")),"") | CD62: =IF(CA11="A", CONCATENATE($B11, IF(CB11+CC11>0,CONCATENATE(" (",CB11,IF(CC11>0,CONCATENATE(IF(CB11>0,",",""),CC11,"A"),""),")"),"")),"") | CE62: =IF(CE11="G", CONCATENATE($B11, IF(CF11+CG11>0,CONCATENATE(" (",CF11,IF(CG11>0,CONCATENATE(IF(CF11>0,",",""),CG11,"A"),""),")"),"")),"") | CF62: =IF(CE11="D", CONCATENATE($B11, IF(CF11+CG11>0,CONCATENATE(" (",CF11,IF(CG11>0,CONCATENATE(IF(CF11>0,",",""),CG11,"A"),""),")"),"")),"") | CG62: =IF(CE11="M", CONCATENATE($B11, IF(CF11+CG11>0,CONCATENATE(" (",CF11,IF(CG11>0,CONCATENATE(IF(CF11>0,",",""),CG11,"A"),""),")"),"")),"") | CH62: =IF(CE11="A", CONCATENATE($B11, IF(CF11+CG11>0,CONCATENATE(" (",CF11,IF(CG11>0,CONCATENATE(IF(CF11>0,",",""),CG11,"A"),""),")"),"")),"") | CI62: =IF(CI11="G", CONCATENATE($B11, IF(CJ11+CK11>0,CONCATENATE(" (",CJ11,IF(CK11>0,CONCATENATE(IF(CJ11>0,",",""),CK11,"A"),""),")"),"")),"") | CJ62: =IF(CI11="D", CONCATENATE($B11, IF(CJ11+CK11>0,CONCATENATE(" (",CJ11,IF(CK11>0,CONCATENATE(IF(CJ11>0,",",""),CK11,"A"),""),")"),"")),"") | CK62: =IF(CI11="M", CONCATENATE($B11, IF(CJ11+CK11>0,CONCATENATE(" (",CJ11,IF(CK11>0,CONCATENATE(IF(CJ11>0,",",""),CK11,"A"),""),")"),"")),"") | CL62: =IF(CI11="A", CONCATENATE($B11, IF(CJ11+CK11>0,CONCATENATE(" (",CJ11,IF(CK11>0,CONCATENATE(IF(CJ11>0,",",""),CK11,"A"),""),")"),"")),"")
E63: =E62+1 -> 3 | G63: =IF(G12="G", CONCATENATE($B12, IF(H12+I12>0,CONCATENATE(" (",H12,IF(I12>0,CONCATENATE(IF(H12>0,",",""),I12,"A"),""),")"),"")),"") | H63: =IF(G12="D", CONCATENATE($B12, IF(H12+I12>0,CONCATENATE(" (",H12,IF(I12>0,CONCATENATE(IF(H12>0,",",""),I12,"A"),""),")"),"")),"") | I63: =IF(G12="M", CONCATENATE($B12, IF(H12+I12>0,CONCATENATE(" (",H12,IF(I12>0,CONCATENATE(IF(H12>0,",",""),I12,"A"),""),")"),"")),"") | J63: =IF(G12="A", CONCATENATE($B12, IF(H12+I12>0,CONCATENATE(" (",H12,IF(I12>0,CONCATENATE(IF(H12>0,",",""),I12,"A"),""),")"),"")),"") | K63: =IF(K12="G", CONCATENATE($B12, IF(L12+M12>0,CONCATENATE(" (",L12,IF(M12>0,CONCATENATE(IF(L12>0,",",""),M12,"A"),""),")"),"")),"") | L63: =IF(K12="D", CONCATENATE($B12, IF(L12+M12>0,CONCATENATE(" (",L12,IF(M12>0,CONCATENATE(IF(L12>0,",",""),M12,"A"),""),")"),"")),"") | M63: =IF(K12="M", CONCATENATE($B12, IF(L12+M12>0,CONCATENATE(" (",L12,IF(M12>0,CONCATENATE(IF(L12>0,",",""),M12,"A"),""),")"),"")),"") | N63: =IF(K12="A", CONCATENATE($B12, IF(L12+M12>0,CONCATENATE(" (",L12,IF(M12>0,CONCATENATE(IF(L12>0,",",""),M12,"A"),""),")"),"")),"") | O63: =IF(O12="G", CONCATENATE($B12, IF(P12+Q12>0,CONCATENATE(" (",P12,IF(Q12>0,CONCATENATE(IF(P12>0,",",""),Q12,"A"),""),")"),"")),"") | P63: =IF(O12="D", CONCATENATE($B12, IF(P12+Q12>0,CONCATENATE(" (",P12,IF(Q12>0,CONCATENATE(IF(P12>0,",",""),Q12,"A"),""),")"),"")),"") | Q63: =IF(O12="M", CONCATENATE($B12, IF(P12+Q12>0,CONCATENATE(" (",P12,IF(Q12>0,CONCATENATE(IF(P12>0,",",""),Q12,"A"),""),")"),"")),"") | R63: =IF(O12="A", CONCATENATE($B12, IF(P12+Q12>0,CONCATENATE(" (",P12,IF(Q12>0,CONCATENATE(IF(P12>0,",",""),Q12,"A"),""),")"),"")),"") | S63: =IF(S12="G", CONCATENATE($B12, IF(T12+U12>0,CONCATENATE(" (",T12,IF(U12>0,CONCATENATE(IF(T12>0,",",""),U12,"A"),""),")"),"")),"") | T63: =IF(S12="D", CONCATENATE($B12, IF(T12+U12>0,CONCATENATE(" (",T12,IF(U12>0,CONCATENATE(IF(T12>0,",",""),U12,"A"),""),")"),"")),"") | U63: =IF(S12="M", CONCATENATE($B12, IF(T12+U12>0,CONCATENATE(" (",T12,IF(U12>0,CONCATENATE(IF(T12>0,",",""),U12,"A"),""),")"),"")),"") | V63: =IF(S12="A", CONCATENATE($B12, IF(T12+U12>0,CONCATENATE(" (",T12,IF(U12>0,CONCATENATE(IF(T12>0,",",""),U12,"A"),""),")"),"")),"") | W63: =IF(W12="G", CONCATENATE($B12, IF(X12+Y12>0,CONCATENATE(" (",X12,IF(Y12>0,CONCATENATE(IF(X12>0,",",""),Y12,"A"),""),")"),"")),"") | X63: =IF(W12="D", CONCATENATE($B12, IF(X12+Y12>0,CONCATENATE(" (",X12,IF(Y12>0,CONCATENATE(IF(X12>0,",",""),Y12,"A"),""),")"),"")),"") | Y63: =IF(W12="M", CONCATENATE($B12, IF(X12+Y12>0,CONCATENATE(" (",X12,IF(Y12>0,CONCATENATE(IF(X12>0,",",""),Y12,"A"),""),")"),"")),"") | Z63: =IF(W12="A", CONCATENATE($B12, IF(X12+Y12>0,CONCATENATE(" (",X12,IF(Y12>0,CONCATENATE(IF(X12>0,",",""),Y12,"A"),""),")"),"")),"") | AA63: =IF(AA12="G", CONCATENATE($B12, IF(AB12+AC12>0,CONCATENATE(" (",AB12,IF(AC12>0,CONCATENATE(IF(AB12>0,",",""),AC12,"A"),""),")"),"")),"") | AB63: =IF(AA12="D", CONCATENATE($B12, IF(AB12+AC12>0,CONCATENATE(" (",AB12,IF(AC12>0,CONCATENATE(IF(AB12>0,",",""),AC12,"A"),""),")"),"")),"") | AC63: =IF(AA12="M", CONCATENATE($B12, IF(AB12+AC12>0,CONCATENATE(" (",AB12,IF(AC12>0,CONCATENATE(IF(AB12>0,",",""),AC12,"A"),""),")"),"")),"") | AD63: =IF(AA12="A", CONCATENATE($B12, IF(AB12+AC12>0,CONCATENATE(" (",AB12,IF(AC12>0,CONCATENATE(IF(AB12>0,",",""),AC12,"A"),""),")"),"")),"") | AE63: =IF(AE12="G", CONCATENATE($B12, IF(AF12+AG12>0,CONCATENATE(" (",AF12,IF(AG12>0,CONCATENATE(IF(AF12>0,",",""),AG12,"A"),""),")"),"")),"") | AF63: =IF(AE12="D", CONCATENATE($B12, IF(AF12+AG12>0,CONCATENATE(" (",AF12,IF(AG12>0,CONCATENATE(IF(AF12>0,",",""),AG12,"A"),""),")"),"")),"") | AG63: =IF(AE12="M", CONCATENATE($B12, IF(AF12+AG12>0,CONCATENATE(" (",AF12,IF(AG12>0,CONCATENATE(IF(AF12>0,",",""),AG12,"A"),""),")"),"")),"") | AH63: =IF(AE12="A", CONCATENATE($B12, IF(AF12+AG12>0,CONCATENATE(" (",AF12,IF(AG12>0,CONCATENATE(IF(AF12>0,",",""),AG12,"A"),""),")"),"")),"") | AI63: =IF(AI12="G", CONCATENATE($B12, IF(AJ12+AK12>0,CONCATENATE(" (",AJ12,IF(AK12>0,CONCATENATE(IF(AJ12>0,",",""),AK12,"A"),""),")"),"")),"") | AJ63: =IF(AI12="D", CONCATENATE($B12, IF(AJ12+AK12>0,CONCATENATE(" (",AJ12,IF(AK12>0,CONCATENATE(IF(AJ12>0,",",""),AK12,"A"),""),")"),"")),"") | AK63: =IF(AI12="M", CONCATENATE($B12, IF(AJ12+AK12>0,CONCATENATE(" (",AJ12,IF(AK12>0,CONCATENATE(IF(AJ12>0,",",""),AK12,"A"),""),")"),"")),"") | AL63: =IF(AI12="A", CONCATENATE($B12, IF(AJ12+AK12>0,CONCATENATE(" (",AJ12,IF(AK12>0,CONCATENATE(IF(AJ12>0,",",""),AK12,"A"),""),")"),"")),"") | AM63: =IF(AM12="G", CONCATENATE($B12, IF(AN12+AO12>0,CONCATENATE(" (",AN12,IF(AO12>0,CONCATENATE(IF(AN12>0,",",""),AO12,"A"),""),")"),"")),"") | AN63: =IF(AM12="D", CONCATENATE($B12, IF(AN12+AO12>0,CONCATENATE(" (",AN12,IF(AO12>0,CONCATENATE(IF(AN12>0,",",""),AO12,"A"),""),")"),"")),"") | AO63: =IF(AM12="M", CONCATENATE($B12, IF(AN12+AO12>0,CONCATENATE(" (",AN12,IF(AO12>0,CONCATENATE(IF(AN12>0,",",""),AO12,"A"),""),")"),"")),"") | AP63: =IF(AM12="A", CONCATENATE($B12, IF(AN12+AO12>0,CONCATENATE(" (",AN12,IF(AO12>0,CONCATENATE(IF(AN12>0,",",""),AO12,"A"),""),")"),"")),"") | AQ63: =IF(AQ12="G", CONCATENATE($B12, IF(AR12+AS12>0,CONCATENATE(" (",AR12,IF(AS12>0,CONCATENATE(IF(AR12>0,",",""),AS12,"A"),""),")"),"")),"") | AR63: =IF(AQ12="D", CONCATENATE($B12, IF(AR12+AS12>0,CONCATENATE(" (",AR12,IF(AS12>0,CONCATENATE(IF(AR12>0,",",""),AS12,"A"),""),")"),"")),"") | AS63: =IF(AQ12="M", CONCATENATE($B12, IF(AR12+AS12>0,CONCATENATE(" (",AR12,IF(AS12>0,CONCATENATE(IF(AR12>0,",",""),AS12,"A"),""),")"),"")),"") | AT63: =IF(AQ12="A", CONCATENATE($B12, IF(AR12+AS12>0,CONCATENATE(" (",AR12,IF(AS12>0,CONCATENATE(IF(AR12>0,",",""),AS12,"A"),""),")"),"")),"") | AU63: =IF(AU12="G", CONCATENATE($B12, IF(AV12+AW12>0,CONCATENATE(" (",AV12,IF(AW12>0,CONCATENATE(IF(AV12>0,",",""),AW12,"A"),""),")"),"")),"") | AV63: =IF(AU12="D", CONCATENATE($B12, IF(AV12+AW12>0,CONCATENATE(" (",AV12,IF(AW12>0,CONCATENATE(IF(AV12>0,",",""),AW12,"A"),""),")"),"")),"") | AW63: =IF(AU12="M", CONCATENATE($B12, IF(AV12+AW12>0,CONCATENATE(" (",AV12,IF(AW12>0,CONCATENATE(IF(AV12>0,",",""),AW12,"A"),""),")"),"")),"") | AX63: =IF(AU12="A", CONCATENATE($B12, IF(AV12+AW12>0,CONCATENATE(" (",AV12,IF(AW12>0,CONCATENATE(IF(AV12>0,",",""),AW12,"A"),""),")"),"")),"") | AY63: =IF(AY12="G", CONCATENATE($B12, IF(AZ12+BA12>0,CONCATENATE(" (",AZ12,IF(BA12>0,CONCATENATE(IF(AZ12>0,",",""),BA12,"A"),""),")"),"")),"") | AZ63: =IF(AY12="D", CONCATENATE($B12, IF(AZ12+BA12>0,CONCATENATE(" (",AZ12,IF(BA12>0,CONCATENATE(IF(AZ12>0,",",""),BA12,"A"),""),")"),"")),"") | BA63: =IF(AY12="M", CONCATENATE($B12, IF(AZ12+BA12>0,CONCATENATE(" (",AZ12,IF(BA12>0,CONCATENATE(IF(AZ12>0,",",""),BA12,"A"),""),")"),"")),"") | BB63: =IF(AY12="A", CONCATENATE($B12, IF(AZ12+BA12>0,CONCATENATE(" (",AZ12,IF(BA12>0,CONCATENATE(IF(AZ12>0,",",""),BA12,"A"),""),")"),"")),"") | BC63: =IF(BC12="G", CONCATENATE($B12, IF(BD12+BE12>0,CONCATENATE(" (",BD12,IF(BE12>0,CONCATENATE(IF(BD12>0,",",""),BE12,"A"),""),")"),"")),"") | BD63: =IF(BC12="D", CONCATENATE($B12, IF(BD12+BE12>0,CONCATENATE(" (",BD12,IF(BE12>0,CONCATENATE(IF(BD12>0,",",""),BE12,"A"),""),")"),"")),"") | BE63: =IF(BC12="M", CONCATENATE($B12, IF(BD12+BE12>0,CONCATENATE(" (",BD12,IF(BE12>0,CONCATENATE(IF(BD12>0,",",""),BE12,"A"),""),")"),"")),"") | BF63: =IF(BC12="A", CONCATENATE($B12, IF(BD12+BE12>0,CONCATENATE(" (",BD12,IF(BE12>0,CONCATENATE(IF(BD12>0,",",""),BE12,"A"),""),")"),"")),"") | BG63: =IF(BG12="G", CONCATENATE($B12, IF(BH12+BI12>0,CONCATENATE(" (",BH12,IF(BI12>0,CONCATENATE(IF(BH12>0,",",""),BI12,"A"),""),")"),"")),"") | BH63: =IF(BG12="D", CONCATENATE($B12, IF(BH12+BI12>0,CONCATENATE(" (",BH12,IF(BI12>0,CONCATENATE(IF(BH12>0,",",""),BI12,"A"),""),")"),"")),"") | BI63: =IF(BG12="M", CONCATENATE($B12, IF(BH12+BI12>0,CONCATENATE(" (",BH12,IF(BI12>0,CONCATENATE(IF(BH12>0,",",""),BI12,"A"),""),")"),"")),"") | BJ63: =IF(BG12="A", CONCATENATE($B12, IF(BH12+BI12>0,CONCATENATE(" (",BH12,IF(BI12>0,CONCATENATE(IF(BH12>0,",",""),BI12,"A"),""),")"),"")),"") | BK63: =IF(BK12="G", CONCATENATE($B12, IF(BL12+BM12>0,CONCATENATE(" (",BL12,IF(BM12>0,CONCATENATE(IF(BL12>0,",",""),BM12,"A"),""),")"),"")),"") | BL63: =IF(BK12="D", CONCATENATE($B12, IF(BL12+BM12>0,CONCATENATE(" (",BL12,IF(BM12>0,CONCATENATE(IF(BL12>0,",",""),BM12,"A"),""),")"),"")),"") | BM63: =IF(BK12="M", CONCATENATE($B12, IF(BL12+BM12>0,CONCATENATE(" (",BL12,IF(BM12>0,CONCATENATE(IF(BL12>0,",",""),BM12,"A"),""),")"),"")),"") | BN63: =IF(BK12="A", CONCATENATE($B12, IF(BL12+BM12>0,CONCATENATE(" (",BL12,IF(BM12>0,CONCATENATE(IF(BL12>0,",",""),BM12,"A"),""),")"),"")),"") | BO63: =IF(BO12="G", CONCATENATE($B12, IF(BP12+BQ12>0,CONCATENATE(" (",BP12,IF(BQ12>0,CONCATENATE(IF(BP12>0,",",""),BQ12,"A"),""),")"),"")),"") | BP63: =IF(BO12="D", CONCATENATE($B12, IF(BP12+BQ12>0,CONCATENATE(" (",BP12,IF(BQ12>0,CONCATENATE(IF(BP12>0,",",""),BQ12,"A"),""),")"),"")),"") | BQ63: =IF(BO12="M", CONCATENATE($B12, IF(BP12+BQ12>0,CONCATENATE(" (",BP12,IF(BQ12>0,CONCATENATE(IF(BP12>0,",",""),BQ12,"A"),""),")"),"")),"") | BR63: =IF(BO12="A", CONCATENATE($B12, IF(BP12+BQ12>0,CONCATENATE(" (",BP12,IF(BQ12>0,CONCATENATE(IF(BP12>0,",",""),BQ12,"A"),""),")"),"")),"") | BS63: =IF(BS12="G", CONCATENATE($B12, IF(BT12+BU12>0,CONCATENATE(" (",BT12,IF(BU12>0,CONCATENATE(IF(BT12>0,",",""),BU12,"A"),""),")"),"")),"") | BT63: =IF(BS12="D", CONCATENATE($B12, IF(BT12+BU12>0,CONCATENATE(" (",BT12,IF(BU12>0,CONCATENATE(IF(BT12>0,",",""),BU12,"A"),""),")"),"")),"") | BU63: =IF(BS12="M", CONCATENATE($B12, IF(BT12+BU12>0,CONCATENATE(" (",BT12,IF(BU12>0,CONCATENATE(IF(BT12>0,",",""),BU12,"A"),""),")"),"")),"") | BV63: =IF(BS12="A", CONCATENATE($B12, IF(BT12+BU12>0,CONCATENATE(" (",BT12,IF(BU12>0,CONCATENATE(IF(BT12>0,",",""),BU12,"A"),""),")"),"")),"") | BW63: =IF(BW12="G", CONCATENATE($B12, IF(BX12+BY12>0,CONCATENATE(" (",BX12,IF(BY12>0,CONCATENATE(IF(BX12>0,",",""),BY12,"A"),""),")"),"")),"") | BX63: =IF(BW12="D", CONCATENATE($B12, IF(BX12+BY12>0,CONCATENATE(" (",BX12,IF(BY12>0,CONCATENATE(IF(BX12>0,",",""),BY12,"A"),""),")"),"")),"") | BY63: =IF(BW12="M", CONCATENATE($B12, IF(BX12+BY12>0,CONCATENATE(" (",BX12,IF(BY12>0,CONCATENATE(IF(BX12>0,",",""),BY12,"A"),""),")"),"")),"") | BZ63: =IF(BW12="A", CONCATENATE($B12, IF(BX12+BY12>0,CONCATENATE(" (",BX12,IF(BY12>0,CONCATENATE(IF(BX12>0,",",""),BY12,"A"),""),")"),"")),"") | CA63: =IF(CA12="G", CONCATENATE($B12, IF(CB12+CC12>0,CONCATENATE(" (",CB12,IF(CC12>0,CONCATENATE(IF(CB12>0,",",""),CC12,"A"),""),")"),"")),"") | CB63: =IF(CA12="D", CONCATENATE($B12, IF(CB12+CC12>0,CONCATENATE(" (",CB12,IF(CC12>0,CONCATENATE(IF(CB12>0,",",""),CC12,"A"),""),")"),"")),"") | CC63: =IF(CA12="M", CONCATENATE($B12, IF(CB12+CC12>0,CONCATENATE(" (",CB12,IF(CC12>0,CONCATENATE(IF(CB12>0,",",""),CC12,"A"),""),")"),"")),"") | CD63: =IF(CA12="A", CONCATENATE($B12, IF(CB12+CC12>0,CONCATENATE(" (",CB12,IF(CC12>0,CONCATENATE(IF(CB12>0,",",""),CC12,"A"),""),")"),"")),"") | CE63: =IF(CE12="G", CONCATENATE($B12, IF(CF12+CG12>0,CONCATENATE(" (",CF12,IF(CG12>0,CONCATENATE(IF(CF12>0,",",""),CG12,"A"),""),")"),"")),"") | CF63: =IF(CE12="D", CONCATENATE($B12, IF(CF12+CG12>0,CONCATENATE(" (",CF12,IF(CG12>0,CONCATENATE(IF(CF12>0,",",""),CG12,"A"),""),")"),"")),"") | CG63: =IF(CE12="M", CONCATENATE($B12, IF(CF12+CG12>0,CONCATENATE(" (",CF12,IF(CG12>0,CONCATENATE(IF(CF12>0,",",""),CG12,"A"),""),")"),"")),"") | CH63: =IF(CE12="A", CONCATENATE($B12, IF(CF12+CG12>0,CONCATENATE(" (",CF12,IF(CG12>0,CONCATENATE(IF(CF12>0,",",""),CG12,"A"),""),")"),"")),"") | CI63: =IF(CI12="G", CONCATENATE($B12, IF(CJ12+CK12>0,CONCATENATE(" (",CJ12,IF(CK12>0,CONCATENATE(IF(CJ12>0,",",""),CK12,"A"),""),")"),"")),"") | CJ63: =IF(CI12="D", CONCATENATE($B12, IF(CJ12+CK12>0,CONCATENATE(" (",CJ12,IF(CK12>0,CONCATENATE(IF(CJ12>0,",",""),CK12,"A"),""),")"),"")),"") | CK63: =IF(CI12="M", CONCATENATE($B12, IF(CJ12+CK12>0,CONCATENATE(" (",CJ12,IF(CK12>0,CONCATENATE(IF(CJ12>0,",",""),CK12,"A"),""),")"),"")),"") | CL63: =IF(CI12="A", CONCATENATE($B12, IF(CJ12+CK12>0,CONCATENATE(" (",CJ12,IF(CK12>0,CONCATENATE(IF(CJ12>0,",",""),CK12,"A"),""),")"),"")),"")
E64: =E63+1 -> 4 | G64: =IF(G13="G", CONCATENATE($B13, IF(H13+I13>0,CONCATENATE(" (",H13,IF(I13>0,CONCATENATE(IF(H13>0,",",""),I13,"A"),""),")"),"")),"") | H64: =IF(G13="D", CONCATENATE($B13, IF(H13+I13>0,CONCATENATE(" (",H13,IF(I13>0,CONCATENATE(IF(H13>0,",",""),I13,"A"),""),")"),"")),"") | I64: =IF(G13="M", CONCATENATE($B13, IF(H13+I13>0,CONCATENATE(" (",H13,IF(I13>0,CONCATENATE(IF(H13>0,",",""),I13,"A"),""),")"),"")),"") | J64: =IF(G13="A", CONCATENATE($B13, IF(H13+I13>0,CONCATENATE(" (",H13,IF(I13>0,CONCATENATE(IF(H13>0,",",""),I13,"A"),""),")"),"")),"") | K64: =IF(K13="G", CONCATENATE($B13, IF(L13+M13>0,CONCATENATE(" (",L13,IF(M13>0,CONCATENATE(IF(L13>0,",",""),M13,"A"),""),")"),"")),"") | L64: =IF(K13="D", CONCATENATE($B13, IF(L13+M13>0,CONCATENATE(" (",L13,IF(M13>0,CONCATENATE(IF(L13>0,",",""),M13,"A"),""),")"),"")),"") | M64: =IF(K13="M", CONCATENATE($B13, IF(L13+M13>0,CONCATENATE(" (",L13,IF(M13>0,CONCATENATE(IF(L13>0,",",""),M13,"A"),""),")"),"")),"") | N64: =IF(K13="A", CONCATENATE($B13, IF(L13+M13>0,CONCATENATE(" (",L13,IF(M13>0,CONCATENATE(IF(L13>0,",",""),M13,"A"),""),")"),"")),"") | O64: =IF(O13="G", CONCATENATE($B13, IF(P13+Q13>0,CONCATENATE(" (",P13,IF(Q13>0,CONCATENATE(IF(P13>0,",",""),Q13,"A"),""),")"),"")),"") | P64: =IF(O13="D", CONCATENATE($B13, IF(P13+Q13>0,CONCATENATE(" (",P13,IF(Q13>0,CONCATENATE(IF(P13>0,",",""),Q13,"A"),""),")"),"")),"") | Q64: =IF(O13="M", CONCATENATE($B13, IF(P13+Q13>0,CONCATENATE(" (",P13,IF(Q13>0,CONCATENATE(IF(P13>0,",",""),Q13,"A"),""),")"),"")),"") | R64: =IF(O13="A", CONCATENATE($B13, IF(P13+Q13>0,CONCATENATE(" (",P13,IF(Q13>0,CONCATENATE(IF(P13>0,",",""),Q13,"A"),""),")"),"")),"") | S64: =IF(S13="G", CONCATENATE($B13, IF(T13+U13>0,CONCATENATE(" (",T13,IF(U13>0,CONCATENATE(IF(T13>0,",",""),U13,"A"),""),")"),"")),"") | T64: =IF(S13="D", CONCATENATE($B13, IF(T13+U13>0,CONCATENATE(" (",T13,IF(U13>0,CONCATENATE(IF(T13>0,",",""),U13,"A"),""),")"),"")),"") | U64: =IF(S13="M", CONCATENATE($B13, IF(T13+U13>0,CONCATENATE(" (",T13,IF(U13>0,CONCATENATE(IF(T13>0,",",""),U13,"A"),""),")"),"")),"") | V64: =IF(S13="A", CONCATENATE($B13, IF(T13+U13>0,CONCATENATE(" (",T13,IF(U13>0,CONCATENATE(IF(T13>0,",",""),U13,"A"),""),")"),"")),"") | W64: =IF(W13="G", CONCATENATE($B13, IF(X13+Y13>0,CONCATENATE(" (",X13,IF(Y13>0,CONCATENATE(IF(X13>0,",",""),Y13,"A"),""),")"),"")),"") | X64: =IF(W13="D", CONCATENATE($B13, IF(X13+Y13>0,CONCATENATE(" (",X13,IF(Y13>0,CONCATENATE(IF(X13>0,",",""),Y13,"A"),""),")"),"")),"") | Y64: =IF(W13="M", CONCATENATE($B13, IF(X13+Y13>0,CONCATENATE(" (",X13,IF(Y13>0,CONCATENATE(IF(X13>0,",",""),Y13,"A"),""),")"),"")),"") | Z64: =IF(W13="A", CONCATENATE($B13, IF(X13+Y13>0,CONCATENATE(" (",X13,IF(Y13>0,CONCATENATE(IF(X13>0,",",""),Y13,"A"),""),")"),"")),"") | AA64: =IF(AA13="G", CONCATENATE($B13, IF(AB13+AC13>0,CONCATENATE(" (",AB13,IF(AC13>0,CONCATENATE(IF(AB13>0,",",""),AC13,"A"),""),")"),"")),"") | AB64: =IF(AA13="D", CONCATENATE($B13, IF(AB13+AC13>0,CONCATENATE(" (",AB13,IF(AC13>0,CONCATENATE(IF(AB13>0,",",""),AC13,"A"),""),")"),"")),"") | AC64: =IF(AA13="M", CONCATENATE($B13, IF(AB13+AC13>0,CONCATENATE(" (",AB13,IF(AC13>0,CONCATENATE(IF(AB13>0,",",""),AC13,"A"),""),")"),"")),"") | AD64: =IF(AA13="A", CONCATENATE($B13, IF(AB13+AC13>0,CONCATENATE(" (",AB13,IF(AC13>0,CONCATENATE(IF(AB13>0,",",""),AC13,"A"),""),")"),"")),"") | AE64: =IF(AE13="G", CONCATENATE($B13, IF(AF13+AG13>0,CONCATENATE(" (",AF13,IF(AG13>0,CONCATENATE(IF(AF13>0,",",""),AG13,"A"),""),")"),"")),"") | AF64: =IF(AE13="D", CONCATENATE($B13, IF(AF13+AG13>0,CONCATENATE(" (",AF13,IF(AG13>0,CONCATENATE(IF(AF13>0,",",""),AG13,"A"),""),")"),"")),"") | AG64: =IF(AE13="M", CONCATENATE($B13, IF(AF13+AG13>0,CONCATENATE(" (",AF13,IF(AG13>0,CONCATENATE(IF(AF13>0,",",""),AG13,"A"),""),")"),"")),"") | AH64: =IF(AE13="A", CONCATENATE($B13, IF(AF13+AG13>0,CONCATENATE(" (",AF13,IF(AG13>0,CONCATENATE(IF(AF13>0,",",""),AG13,"A"),""),")"),"")),"") | AI64: =IF(AI13="G", CONCATENATE($B13, IF(AJ13+AK13>0,CONCATENATE(" (",AJ13,IF(AK13>0,CONCATENATE(IF(AJ13>0,",",""),AK13,"A"),""),")"),"")),"") | AJ64: =IF(AI13="D", CONCATENATE($B13, IF(AJ13+AK13>0,CONCATENATE(" (",AJ13,IF(AK13>0,CONCATENATE(IF(AJ13>0,",",""),AK13,"A"),""),")"),"")),"") | AK64: =IF(AI13="M", CONCATENATE($B13, IF(AJ13+AK13>0,CONCATENATE(" (",AJ13,IF(AK13>0,CONCATENATE(IF(AJ13>0,",",""),AK13,"A"),""),")"),"")),"") | AL64: =IF(AI13="A", CONCATENATE($B13, IF(AJ13+AK13>0,CONCATENATE(" (",AJ13,IF(AK13>0,CONCATENATE(IF(AJ13>0,",",""),AK13,"A"),""),")"),"")),"") | AM64: =IF(AM13="G", CONCATENATE($B13, IF(AN13+AO13>0,CONCATENATE(" (",AN13,IF(AO13>0,CONCATENATE(IF(AN13>0,",",""),AO13,"A"),""),")"),"")),"") | AN64: =IF(AM13="D", CONCATENATE($B13, IF(AN13+AO13>0,CONCATENATE(" (",AN13,IF(AO13>0,CONCATENATE(IF(AN13>0,",",""),AO13,"A"),""),")"),"")),"") | AO64: =IF(AM13="M", CONCATENATE($B13, IF(AN13+AO13>0,CONCATENATE(" (",AN13,IF(AO13>0,CONCATENATE(IF(AN13>0,",",""),AO13,"A"),""),")"),"")),"") | AP64: =IF(AM13="A", CONCATENATE($B13, IF(AN13+AO13>0,CONCATENATE(" (",AN13,IF(AO13>0,CONCATENATE(IF(AN13>0,",",""),AO13,"A"),""),")"),"")),"") | AQ64: =IF(AQ13="G", CONCATENATE($B13, IF(AR13+AS13>0,CONCATENATE(" (",AR13,IF(AS13>0,CONCATENATE(IF(AR13>0,",",""),AS13,"A"),""),")"),"")),"") | AR64: =IF(AQ13="D", CONCATENATE($B13, IF(AR13+AS13>0,CONCATENATE(" (",AR13,IF(AS13>0,CONCATENATE(IF(AR13>0,",",""),AS13,"A"),""),")"),"")),"") | AS64: =IF(AQ13="M", CONCATENATE($B13, IF(AR13+AS13>0,CONCATENATE(" (",AR13,IF(AS13>0,CONCATENATE(IF(AR13>0,",",""),AS13,"A"),""),")"),"")),"") | AT64: =IF(AQ13="A", CONCATENATE($B13, IF(AR13+AS13>0,CONCATENATE(" (",AR13,IF(AS13>0,CONCATENATE(IF(AR13>0,",",""),AS13,"A"),""),")"),"")),"") | AU64: =IF(AU13="G", CONCATENATE($B13, IF(AV13+AW13>0,CONCATENATE(" (",AV13,IF(AW13>0,CONCATENATE(IF(AV13>0,",",""),AW13,"A"),""),")"),"")),"") | AV64: =IF(AU13="D", CONCATENATE($B13, IF(AV13+AW13>0,CONCATENATE(" (",AV13,IF(AW13>0,CONCATENATE(IF(AV13>0,",",""),AW13,"A"),""),")"),"")),"") | AW64: =IF(AU13="M", CONCATENATE($B13, IF(AV13+AW13>0,CONCATENATE(" (",AV13,IF(AW13>0,CONCATENATE(IF(AV13>0,",",""),AW13,"A"),""),")"),"")),"") | AX64: =IF(AU13="A", CONCATENATE($B13, IF(AV13+AW13>0,CONCATENATE(" (",AV13,IF(AW13>0,CONCATENATE(IF(AV13>0,",",""),AW13,"A"),""),")"),"")),"") | AY64: =IF(AY13="G", CONCATENATE($B13, IF(AZ13+BA13>0,CONCATENATE(" (",AZ13,IF(BA13>0,CONCATENATE(IF(AZ13>0,",",""),BA13,"A"),""),")"),"")),"") | AZ64: =IF(AY13="D", CONCATENATE($B13, IF(AZ13+BA13>0,CONCATENATE(" (",AZ13,IF(BA13>0,CONCATENATE(IF(AZ13>0,",",""),BA13,"A"),""),")"),"")),"") | BA64: =IF(AY13="M", CONCATENATE($B13, IF(AZ13+BA13>0,CONCATENATE(" (",AZ13,IF(BA13>0,CONCATENATE(IF(AZ13>0,",",""),BA13,"A"),""),")"),"")),"") | BB64: =IF(AY13="A", CONCATENATE($B13, IF(AZ13+BA13>0,CONCATENATE(" (",AZ13,IF(BA13>0,CONCATENATE(IF(AZ13>0,",",""),BA13,"A"),""),")"),"")),"") | BC64: =IF(BC13="G", CONCATENATE($B13, IF(BD13+BE13>0,CONCATENATE(" (",BD13,IF(BE13>0,CONCATENATE(IF(BD13>0,",",""),BE13,"A"),""),")"),"")),"") | BD64: =IF(BC13="D", CONCATENATE($B13, IF(BD13+BE13>0,CONCATENATE(" (",BD13,IF(BE13>0,CONCATENATE(IF(BD13>0,",",""),BE13,"A"),""),")"),"")),"") | BE64: =IF(BC13="M", CONCATENATE($B13, IF(BD13+BE13>0,CONCATENATE(" (",BD13,IF(BE13>0,CONCATENATE(IF(BD13>0,",",""),BE13,"A"),""),")"),"")),"") | BF64: =IF(BC13="A", CONCATENATE($B13, IF(BD13+BE13>0,CONCATENATE(" (",BD13,IF(BE13>0,CONCATENATE(IF(BD13>0,",",""),BE13,"A"),""),")"),"")),"") | BG64: =IF(BG13="G", CONCATENATE($B13, IF(BH13+BI13>0,CONCATENATE(" (",BH13,IF(BI13>0,CONCATENATE(IF(BH13>0,",",""),BI13,"A"),""),")"),"")),"") | BH64: =IF(BG13="D", CONCATENATE($B13, IF(BH13+BI13>0,CONCATENATE(" (",BH13,IF(BI13>0,CONCATENATE(IF(BH13>0,",",""),BI13,"A"),""),")"),"")),"") | BI64: =IF(BG13="M", CONCATENATE($B13, IF(BH13+BI13>0,CONCATENATE(" (",BH13,IF(BI13>0,CONCATENATE(IF(BH13>0,",",""),BI13,"A"),""),")"),"")),"") | BJ64: =IF(BG13="A", CONCATENATE($B13, IF(BH13+BI13>0,CONCATENATE(" (",BH13,IF(BI13>0,CONCATENATE(IF(BH13>0,",",""),BI13,"A"),""),")"),"")),"") | BK64: =IF(BK13="G", CONCATENATE($B13, IF(BL13+BM13>0,CONCATENATE(" (",BL13,IF(BM13>0,CONCATENATE(IF(BL13>0,",",""),BM13,"A"),""),")"),"")),"") | BL64: =IF(BK13="D", CONCATENATE($B13, IF(BL13+BM13>0,CONCATENATE(" (",BL13,IF(BM13>0,CONCATENATE(IF(BL13>0,",",""),BM13,"A"),""),")"),"")),"") | BM64: =IF(BK13="M", CONCATENATE($B13, IF(BL13+BM13>0,CONCATENATE(" (",BL13,IF(BM13>0,CONCATENATE(IF(BL13>0,",",""),BM13,"A"),""),")"),"")),"") | BN64: =IF(BK13="A", CONCATENATE($B13, IF(BL13+BM13>0,CONCATENATE(" (",BL13,IF(BM13>0,CONCATENATE(IF(BL13>0,",",""),BM13,"A"),""),")"),"")),"") | BO64: =IF(BO13="G", CONCATENATE($B13, IF(BP13+BQ13>0,CONCATENATE(" (",BP13,IF(BQ13>0,CONCATENATE(IF(BP13>0,",",""),BQ13,"A"),""),")"),"")),"") | BP64: =IF(BO13="D", CONCATENATE($B13, IF(BP13+BQ13>0,CONCATENATE(" (",BP13,IF(BQ13>0,CONCATENATE(IF(BP13>0,",",""),BQ13,"A"),""),")"),"")),"") | BQ64: =IF(BO13="M", CONCATENATE($B13, IF(BP13+BQ13>0,CONCATENATE(" (",BP13,IF(BQ13>0,CONCATENATE(IF(BP13>0,",",""),BQ13,"A"),""),")"),"")),"") | BR64: =IF(BO13="A", CONCATENATE($B13, IF(BP13+BQ13>0,CONCATENATE(" (",BP13,IF(BQ13>0,CONCATENATE(IF(BP13>0,",",""),BQ13,"A"),""),")"),"")),"") | BS64: =IF(BS13="G", CONCATENATE($B13, IF(BT13+BU13>0,CONCATENATE(" (",BT13,IF(BU13>0,CONCATENATE(IF(BT13>0,",",""),BU13,"A"),""),")"),"")),"") | BT64: =IF(BS13="D", CONCATENATE($B13, IF(BT13+BU13>0,CONCATENATE(" (",BT13,IF(BU13>0,CONCATENATE(IF(BT13>0,",",""),BU13,"A"),""),")"),"")),"") | BU64: =IF(BS13="M", CONCATENATE($B13, IF(BT13+BU13>0,CONCATENATE(" (",BT13,IF(BU13>0,CONCATENATE(IF(BT13>0,",",""),BU13,"A"),""),")"),"")),"") | BV64: =IF(BS13="A", CONCATENATE($B13, IF(BT13+BU13>0,CONCATENATE(" (",BT13,IF(BU13>0,CONCATENATE(IF(BT13>0,",",""),BU13,"A"),""),")"),"")),"") | BW64: =IF(BW13="G", CONCATENATE($B13, IF(BX13+BY13>0,CONCATENATE(" (",BX13,IF(BY13>0,CONCATENATE(IF(BX13>0,",",""),BY13,"A"),""),")"),"")),"") | BX64: =IF(BW13="D", CONCATENATE($B13, IF(BX13+BY13>0,CONCATENATE(" (",BX13,IF(BY13>0,CONCATENATE(IF(BX13>0,",",""),BY13,"A"),""),")"),"")),"") | BY64: =IF(BW13="M", CONCATENATE($B13, IF(BX13+BY13>0,CONCATENATE(" (",BX13,IF(BY13>0,CONCATENATE(IF(BX13>0,",",""),BY13,"A"),""),")"),"")),"") | BZ64: =IF(BW13="A", CONCATENATE($B13, IF(BX13+BY13>0,CONCATENATE(" (",BX13,IF(BY13>0,CONCATENATE(IF(BX13>0,",",""),BY13,"A"),""),")"),"")),"") | CA64: =IF(CA13="G", CONCATENATE($B13, IF(CB13+CC13>0,CONCATENATE(" (",CB13,IF(CC13>0,CONCATENATE(IF(CB13>0,",",""),CC13,"A"),""),")"),"")),"") | CB64: =IF(CA13="D", CONCATENATE($B13, IF(CB13+CC13>0,CONCATENATE(" (",CB13,IF(CC13>0,CONCATENATE(IF(CB13>0,",",""),CC13,"A"),""),")"),"")),"") | CC64: =IF(CA13="M", CONCATENATE($B13, IF(CB13+CC13>0,CONCATENATE(" (",CB13,IF(CC13>0,CONCATENATE(IF(CB13>0,",",""),CC13,"A"),""),")"),"")),"") | CD64: =IF(CA13="A", CONCATENATE($B13, IF(CB13+CC13>0,CONCATENATE(" (",CB13,IF(CC13>0,CONCATENATE(IF(CB13>0,",",""),CC13,"A"),""),")"),"")),"") | CE64: =IF(CE13="G", CONCATENATE($B13, IF(CF13+CG13>0,CONCATENATE(" (",CF13,IF(CG13>0,CONCATENATE(IF(CF13>0,",",""),CG13,"A"),""),")"),"")),"") | CF64: =IF(CE13="D", CONCATENATE($B13, IF(CF13+CG13>0,CONCATENATE(" (",CF13,IF(CG13>0,CONCATENATE(IF(CF13>0,",",""),CG13,"A"),""),")"),"")),"") | CG64: =IF(CE13="M", CONCATENATE($B13, IF(CF13+CG13>0,CONCATENATE(" (",CF13,IF(CG13>0,CONCATENATE(IF(CF13>0,",",""),CG13,"A"),""),")"),"")),"") | CH64: =IF(CE13="A", CONCATENATE($B13, IF(CF13+CG13>0,CONCATENATE(" (",CF13,IF(CG13>0,CONCATENATE(IF(CF13>0,",",""),CG13,"A"),""),")"),"")),"") | CI64: =IF(CI13="G", CONCATENATE($B13, IF(CJ13+CK13>0,CONCATENATE(" (",CJ13,IF(CK13>0,CONCATENATE(IF(CJ13>0,",",""),CK13,"A"),""),")"),"")),"") | CJ64: =IF(CI13="D", CONCATENATE($B13, IF(CJ13+CK13>0,CONCATENATE(" (",CJ13,IF(CK13>0,CONCATENATE(IF(CJ13>0,",",""),CK13,"A"),""),")"),"")),"") | CK64: =IF(CI13="M", CONCATENATE($B13, IF(CJ13+CK13>0,CONCATENATE(" (",CJ13,IF(CK13>0,CONCATENATE(IF(CJ13>0,",",""),CK13,"A"),""),")"),"")),"") | CL64: =IF(CI13="A", CONCATENATE($B13, IF(CJ13+CK13>0,CONCATENATE(" (",CJ13,IF(CK13>0,CONCATENATE(IF(CJ13>0,",",""),CK13,"A"),""),")"),"")),"")
E65: =E64+1 -> 5 | G65: =IF(G14="G", CONCATENATE($B14, IF(H14+I14>0,CONCATENATE(" (",H14,IF(I14>0,CONCATENATE(IF(H14>0,",",""),I14,"A"),""),")"),"")),"") | H65: =IF(G14="D", CONCATENATE($B14, IF(H14+I14>0,CONCATENATE(" (",H14,IF(I14>0,CONCATENATE(IF(H14>0,",",""),I14,"A"),""),")"),"")),"") -> Andy Booth | I65: =IF(G14="M", CONCATENATE($B14, IF(H14+I14>0,CONCATENATE(" (",H14,IF(I14>0,CONCATENATE(IF(H14>0,",",""),I14,"A"),""),")"),"")),"") | J65: =IF(G14="A", CONCATENATE($B14, IF(H14+I14>0,CONCATENATE(" (",H14,IF(I14>0,CONCATENATE(IF(H14>0,",",""),I14,"A"),""),")"),"")),"") | K65: =IF(K14="G", CONCATENATE($B14, IF(L14+M14>0,CONCATENATE(" (",L14,IF(M14>0,CONCATENATE(IF(L14>0,",",""),M14,"A"),""),")"),"")),"") | L65: =IF(K14="D", CONCATENATE($B14, IF(L14+M14>0,CONCATENATE(" (",L14,IF(M14>0,CONCATENATE(IF(L14>0,",",""),M14,"A"),""),")"),"")),"") | M65: =IF(K14="M", CONCATENATE($B14, IF(L14+M14>0,CONCATENATE(" (",L14,IF(M14>0,CONCATENATE(IF(L14>0,",",""),M14,"A"),""),")"),"")),"") | N65: =IF(K14="A", CONCATENATE($B14, IF(L14+M14>0,CONCATENATE(" (",L14,IF(M14>0,CONCATENATE(IF(L14>0,",",""),M14,"A"),""),")"),"")),"") -> Andy Booth | O65: =IF(O14="G", CONCATENATE($B14, IF(P14+Q14>0,CONCATENATE(" (",P14,IF(Q14>0,CONCATENATE(IF(P14>0,",",""),Q14,"A"),""),")"),"")),"") | P65: =IF(O14="D", CONCATENATE($B14, IF(P14+Q14>0,CONCATENATE(" (",P14,IF(Q14>0,CONCATENATE(IF(P14>0,",",""),Q14,"A"),""),")"),"")),"") -> Andy Booth | Q65: =IF(O14="M", CONCATENATE($B14, IF(P14+Q14>0,CONCATENATE(" (",P14,IF(Q14>0,CONCATENATE(IF(P14>0,",",""),Q14,"A"),""),")"),"")),"") | R65: =IF(O14="A", CONCATENATE($B14, IF(P14+Q14>0,CONCATENATE(" (",P14,IF(Q14>0,CONCATENATE(IF(P14>0,",",""),Q14,"A"),""),")"),"")),"") | S65: =IF(S14="G", CONCATENATE($B14, IF(T14+U14>0,CONCATENATE(" (",T14,IF(U14>0,CONCATENATE(IF(T14>0,",",""),U14,"A"),""),")"),"")),"") | T65: =IF(S14="D", CONCATENATE($B14, IF(T14+U14>0,CONCATENATE(" (",T14,IF(U14>0,CONCATENATE(IF(T14>0,",",""),U14,"A"),""),")"),"")),"") -> Andy Booth | U65: =IF(S14="M", CONCATENATE($B14, IF(T14+U14>0,CONCATENATE(" (",T14,IF(U14>0,CONCATENATE(IF(T14>0,",",""),U14,"A"),""),")"),"")),"") | V65: =IF(S14="A", CONCATENATE($B14, IF(T14+U14>0,CONCATENATE(" (",T14,IF(U14>0,CONCATENATE(IF(T14>0,",",""),U14,"A"),""),")"),"")),"") | W65: =IF(W14="G", CONCATENATE($B14, IF(X14+Y14>0,CONCATENATE(" (",X14,IF(Y14>0,CONCATENATE(IF(X14>0,",",""),Y14,"A"),""),")"),"")),"") | X65: =IF(W14="D", CONCATENATE($B14, IF(X14+Y14>0,CONCATENATE(" (",X14,IF(Y14>0,CONCATENATE(IF(X14>0,",",""),Y14,"A"),""),")"),"")),"") | Y65: =IF(W14="M", CONCATENATE($B14, IF(X14+Y14>0,CONCATENATE(" (",X14,IF(Y14>0,CONCATENATE(IF(X14>0,",",""),Y14,"A"),""),")"),"")),"") | Z65: =IF(W14="A", CONCATENATE($B14, IF(X14+Y14>0,CONCATENATE(" (",X14,IF(Y14>0,CONCATENATE(IF(X14>0,",",""),Y14,"A"),""),")"),"")),"") | AA65: =IF(AA14="G", CONCATENATE($B14, IF(AB14+AC14>0,CONCATENATE(" (",AB14,IF(AC14>0,CONCATENATE(IF(AB14>0,",",""),AC14,"A"),""),")"),"")),"") | AB65: =IF(AA14="D", CONCATENATE($B14, IF(AB14+AC14>0,CONCATENATE(" (",AB14,IF(AC14>0,CONCATENATE(IF(AB14>0,",",""),AC14,"A"),""),")"),"")),"") | AC65: =IF(AA14="M", CONCATENATE($B14, IF(AB14+AC14>0,CONCATENATE(" (",AB14,IF(AC14>0,CONCATENATE(IF(AB14>0,",",""),AC14,"A"),""),")"),"")),"") | AD65: =IF(AA14="A", CONCATENATE($B14, IF(AB14+AC14>0,CONCATENATE(" (",AB14,IF(AC14>0,CONCATENATE(IF(AB14>0,",",""),AC14,"A"),""),")"),"")),"") | AE65: =IF(AE14="G", CONCATENATE($B14, IF(AF14+AG14>0,CONCATENATE(" (",AF14,IF(AG14>0,CONCATENATE(IF(AF14>0,",",""),AG14,"A"),""),")"),"")),"") | AF65: =IF(AE14="D", CONCATENATE($B14, IF(AF14+AG14>0,CONCATENATE(" (",AF14,IF(AG14>0,CONCATENATE(IF(AF14>0,",",""),AG14,"A"),""),")"),"")),"") | AG65: =IF(AE14="M", CONCATENATE($B14, IF(AF14+AG14>0,CONCATENATE(" (",AF14,IF(AG14>0,CONCATENATE(IF(AF14>0,",",""),AG14,"A"),""),")"),"")),"") | AH65: =IF(AE14="A", CONCATENATE($B14, IF(AF14+AG14>0,CONCATENATE(" (",AF14,IF(AG14>0,CONCATENATE(IF(AF14>0,",",""),AG14,"A"),""),")"),"")),"") | AI65: =IF(AI14="G", CONCATENATE($B14, IF(AJ14+AK14>0,CONCATENATE(" (",AJ14,IF(AK14>0,CONCATENATE(IF(AJ14>0,",",""),AK14,"A"),""),")"),"")),"") | AJ65: =IF(AI14="D", CONCATENATE($B14, IF(AJ14+AK14>0,CONCATENATE(" (",AJ14,IF(AK14>0,CONCATENATE(IF(AJ14>0,",",""),AK14,"A"),""),")"),"")),"") | AK65: =IF(AI14="M", CONCATENATE($B14, IF(AJ14+AK14>0,CONCATENATE(" (",AJ14,IF(AK14>0,CONCATENATE(IF(AJ14>0,",",""),AK14,"A"),""),")"),"")),"") | AL65: =IF(AI14="A", CONCATENATE($B14, IF(AJ14+AK14>0,CONCATENATE(" (",AJ14,IF(AK14>0,CONCATENATE(IF(AJ14>0,",",""),AK14,"A"),""),")"),"")),"") -> Andy Booth | AM65: =IF(AM14="G", CONCATENATE($B14, IF(AN14+AO14>0,CONCATENATE(" (",AN14,IF(AO14>0,CONCATENATE(IF(AN14>0,",",""),AO14,"A"),""),")"),"")),"") | AN65: =IF(AM14="D", CONCATENATE($B14, IF(AN14+AO14>0,CONCATENATE(" (",AN14,IF(AO14>0,CONCATENATE(IF(AN14>0,",",""),AO14,"A"),""),")"),"")),"") | AO65: =IF(AM14="M", CONCATENATE($B14, IF(AN14+AO14>0,CONCATENATE(" (",AN14,IF(AO14>0,CONCATENATE(IF(AN14>0,",",""),AO14,"A"),""),")"),"")),"") | AP65: =IF(AM14="A", CONCATENATE($B14, IF(AN14+AO14>0,CONCATENATE(" (",AN14,IF(AO14>0,CONCATENATE(IF(AN14>0,",",""),AO14,"A"),""),")"),"")),"") | AQ65: =IF(AQ14="G", CONCATENATE($B14, IF(AR14+AS14>0,CONCATENATE(" (",AR14,IF(AS14>0,CONCATENATE(IF(AR14>0,",",""),AS14,"A"),""),")"),"")),"") | AR65: =IF(AQ14="D", CONCATENATE($B14, IF(AR14+AS14>0,CONCATENATE(" (",AR14,IF(AS14>0,CONCATENATE(IF(AR14>0,",",""),AS14,"A"),""),")"),"")),"") | AS65: =IF(AQ14="M", CONCATENATE($B14, IF(AR14+AS14>0,CONCATENATE(" (",AR14,IF(AS14>0,CONCATENATE(IF(AR14>0,",",""),AS14,"A"),""),")"),"")),"") | AT65: =IF(AQ14="A", CONCATENATE($B14, IF(AR14+AS14>0,CONCATENATE(" (",AR14,IF(AS14>0,CONCATENATE(IF(AR14>0,",",""),AS14,"A"),""),")"),"")),"") -> Andy Booth | AU65: =IF(AU14="G", CONCATENATE($B14, IF(AV14+AW14>0,CONCATENATE(" (",AV14,IF(AW14>0,CONCATENATE(IF(AV14>0,",",""),AW14,"A"),""),")"),"")),"") | AV65: =IF(AU14="D", CONCATENATE($B14, IF(AV14+AW14>0,CONCATENATE(" (",AV14,IF(AW14>0,CONCATENATE(IF(AV14>0,",",""),AW14,"A"),""),")"),"")),"") | AW65: =IF(AU14="M", CONCATENATE($B14, IF(AV14+AW14>0,CONCATENATE(" (",AV14,IF(AW14>0,CONCATENATE(IF(AV14>0,",",""),AW14,"A"),""),")"),"")),"") | AX65: =IF(AU14="A", CONCATENATE($B14, IF(AV14+AW14>0,CONCATENATE(" (",AV14,IF(AW14>0,CONCATENATE(IF(AV14>0,",",""),AW14,"A"),""),")"),"")),"") | AY65: =IF(AY14="G", CONCATENATE($B14, IF(AZ14+BA14>0,CONCATENATE(" (",AZ14,IF(BA14>0,CONCATENATE(IF(AZ14>0,",",""),BA14,"A"),""),")"),"")),"") | AZ65: =IF(AY14="D", CONCATENATE($B14, IF(AZ14+BA14>0,CONCATENATE(" (",AZ14,IF(BA14>0,CONCATENATE(IF(AZ14>0,",",""),BA14,"A"),""),")"),"")),"") | BA65: =IF(AY14="M", CONCATENATE($B14, IF(AZ14+BA14>0,CONCATENATE(" (",AZ14,IF(BA14>0,CONCATENATE(IF(AZ14>0,",",""),BA14,"A"),""),")"),"")),"") | BB65: =IF(AY14="A", CONCATENATE($B14, IF(AZ14+BA14>0,CONCATENATE(" (",AZ14,IF(BA14>0,CONCATENATE(IF(AZ14>0,",",""),BA14,"A"),""),")"),"")),"") -> Andy Booth | BC65: =IF(BC14="G", CONCATENATE($B14, IF(BD14+BE14>0,CONCATENATE(" (",BD14,IF(BE14>0,CONCATENATE(IF(BD14>0,",",""),BE14,"A"),""),")"),"")),"") | BD65: =IF(BC14="D", CONCATENATE($B14, IF(BD14+BE14>0,CONCATENATE(" (",BD14,IF(BE14>0,CONCATENATE(IF(BD14>0,",",""),BE14,"A"),""),")"),"")),"") | BE65: =IF(BC14="M", CONCATENATE($B14, IF(BD14+BE14>0,CONCATENATE(" (",BD14,IF(BE14>0,CONCATENATE(IF(BD14>0,",",""),BE14,"A"),""),")"),"")),"") | BF65: =IF(BC14="A", CONCATENATE($B14, IF(BD14+BE14>0,CONCATENATE(" (",BD14,IF(BE14>0,CONCATENATE(IF(BD14>0,",",""),BE14,"A"),""),")"),"")),"") | BG65: =IF(BG14="G", CONCATENATE($B14, IF(BH14+BI14>0,CONCATENATE(" (",BH14,IF(BI14>0,CONCATENATE(IF(BH14>0,",",""),BI14,"A"),""),")"),"")),"") | BH65: =IF(BG14="D", CONCATENATE($B14, IF(BH14+BI14>0,CONCATENATE(" (",BH14,IF(BI14>0,CONCATENATE(IF(BH14>0,",",""),BI14,"A"),""),")"),"")),"") | BI65: =IF(BG14="M", CONCATENATE($B14, IF(BH14+BI14>0,CONCATENATE(" (",BH14,IF(BI14>0,CONCATENATE(IF(BH14>0,",",""),BI14,"A"),""),")"),"")),"") | BJ65: =IF(BG14="A", CONCATENATE($B14, IF(BH14+BI14>0,CONCATENATE(" (",BH14,IF(BI14>0,CONCATENATE(IF(BH14>0,",",""),BI14,"A"),""),")"),"")),"") | BK65: =IF(BK14="G", CONCATENATE($B14, IF(BL14+BM14>0,CONCATENATE(" (",BL14,IF(BM14>0,CONCATENATE(IF(BL14>0,",",""),BM14,"A"),""),")"),"")),"") | BL65: =IF(BK14="D", CONCATENATE($B14, IF(BL14+BM14>0,CONCATENATE(" (",BL14,IF(BM14>0,CONCATENATE(IF(BL14>0,",",""),BM14,"A"),""),")"),"")),"") | BM65: =IF(BK14="M", CONCATENATE($B14, IF(BL14+BM14>0,CONCATENATE(" (",BL14,IF(BM14>0,CONCATENATE(IF(BL14>0,",",""),BM14,"A"),""),")"),"")),"") | BN65: =IF(BK14="A", CONCATENATE($B14, IF(BL14+BM14>0,CONCATENATE(" (",BL14,IF(BM14>0,CONCATENATE(IF(BL14>0,",",""),BM14,"A"),""),")"),"")),"") | BO65: =IF(BO14="G", CONCATENATE($B14, IF(BP14+BQ14>0,CONCATENATE(" (",BP14,IF(BQ14>0,CONCATENATE(IF(BP14>0,",",""),BQ14,"A"),""),")"),"")),"") | BP65: =IF(BO14="D", CONCATENATE($B14, IF(BP14+BQ14>0,CONCATENATE(" (",BP14,IF(BQ14>0,CONCATENATE(IF(BP14>0,",",""),BQ14,"A"),""),")"),"")),"") | BQ65: =IF(BO14="M", CONCATENATE($B14, IF(BP14+BQ14>0,CONCATENATE(" (",BP14,IF(BQ14>0,CONCATENATE(IF(BP14>0,",",""),BQ14,"A"),""),")"),"")),"") | BR65: =IF(BO14="A", CONCATENATE($B14, IF(BP14+BQ14>0,CONCATENATE(" (",BP14,IF(BQ14>0,CONCATENATE(IF(BP14>0,",",""),BQ14,"A"),""),")"),"")),"") | BS65: =IF(BS14="G", CONCATENATE($B14, IF(BT14+BU14>0,CONCATENATE(" (",BT14,IF(BU14>0,CONCATENATE(IF(BT14>0,",",""),BU14,"A"),""),")"),"")),"") | BT65: =IF(BS14="D", CONCATENATE($B14, IF(BT14+BU14>0,CONCATENATE(" (",BT14,IF(BU14>0,CONCATENATE(IF(BT14>0,",",""),BU14,"A"),""),")"),"")),"") | BU65: =IF(BS14="M", CONCATENATE($B14, IF(BT14+BU14>0,CONCATENATE(" (",BT14,IF(BU14>0,CONCATENATE(IF(BT14>0,",",""),BU14,"A"),""),")"),"")),"") | BV65: =IF(BS14="A", CONCATENATE($B14, IF(BT14+BU14>0,CONCATENATE(" (",BT14,IF(BU14>0,CONCATENATE(IF(BT14>0,",",""),BU14,"A"),""),")"),"")),"") | BW65: =IF(BW14="G", CONCATENATE($B14, IF(BX14+BY14>0,CONCATENATE(" (",BX14,IF(BY14>0,CONCATENATE(IF(BX14>0,",",""),BY14,"A"),""),")"),"")),"") | BX65: =IF(BW14="D", CONCATENATE($B14, IF(BX14+BY14>0,CONCATENATE(" (",BX14,IF(BY14>0,CONCATENATE(IF(BX14>0,",",""),BY14,"A"),""),")"),"")),"") | BY65: =IF(BW14="M", CONCATENATE($B14, IF(BX14+BY14>0,CONCATENATE(" (",BX14,IF(BY14>0,CONCATENATE(IF(BX14>0,",",""),BY14,"A"),""),")"),"")),"") | BZ65: =IF(BW14="A", CONCATENATE($B14, IF(BX14+BY14>0,CONCATENATE(" (",BX14,IF(BY14>0,CONCATENATE(IF(BX14>0,",",""),BY14,"A"),""),")"),"")),"") | CA65: =IF(CA14="G", CONCATENATE($B14, IF(CB14+CC14>0,CONCATENATE(" (",CB14,IF(CC14>0,CONCATENATE(IF(CB14>0,",",""),CC14,"A"),""),")"),"")),"") | CB65: =IF(CA14="D", CONCATENATE($B14, IF(CB14+CC14>0,CONCATENATE(" (",CB14,IF(CC14>0,CONCATENATE(IF(CB14>0,",",""),CC14,"A"),""),")"),"")),"") | CC65: =IF(CA14="M", CONCATENATE($B14, IF(CB14+CC14>0,CONCATENATE(" (",CB14,IF(CC14>0,CONCATENATE(IF(CB14>0,",",""),CC14,"A"),""),")"),"")),"") | CD65: =IF(CA14="A", CONCATENATE($B14, IF(CB14+CC14>0,CONCATENATE(" (",CB14,IF(CC14>0,CONCATENATE(IF(CB14>0,",",""),CC14,"A"),""),")"),"")),"") | CE65: =IF(CE14="G", CONCATENATE($B14, IF(CF14+CG14>0,CONCATENATE(" (",CF14,IF(CG14>0,CONCATENATE(IF(CF14>0,",",""),CG14,"A"),""),")"),"")),"") | CF65: =IF(CE14="D", CONCATENATE($B14, IF(CF14+CG14>0,CONCATENATE(" (",CF14,IF(CG14>0,CONCATENATE(IF(CF14>0,",",""),CG14,"A"),""),")"),"")),"") -> Andy Booth | CG65: =IF(CE14="M", CONCATENATE($B14, IF(CF14+CG14>0,CONCATENATE(" (",CF14,IF(CG14>0,CONCATENATE(IF(CF14>0,",",""),CG14,"A"),""),")"),"")),"") | CH65: =IF(CE14="A", CONCATENATE($B14, IF(CF14+CG14>0,CONCATENATE(" (",CF14,IF(CG14>0,CONCATENATE(IF(CF14>0,",",""),CG14,"A"),""),")"),"")),"") | CI65: =IF(CI14="G", CONCATENATE($B14, IF(CJ14+CK14>0,CONCATENATE(" (",CJ14,IF(CK14>0,CONCATENATE(IF(CJ14>0,",",""),CK14,"A"),""),")"),"")),"") | CJ65: =IF(CI14="D", CONCATENATE($B14, IF(CJ14+CK14>0,CONCATENATE(" (",CJ14,IF(CK14>0,CONCATENATE(IF(CJ14>0,",",""),CK14,"A"),""),")"),"")),"") | CK65: =IF(CI14="M", CONCATENATE($B14, IF(CJ14+CK14>0,CONCATENATE(" (",CJ14,IF(CK14>0,CONCATENATE(IF(CJ14>0,",",""),CK14,"A"),""),")"),"")),"") | CL65: =IF(CI14="A", CONCATENATE($B14, IF(CJ14+CK14>0,CONCATENATE(" (",CJ14,IF(CK14>0,CONCATENATE(IF(CJ14>0,",",""),CK14,"A"),""),")"),"")),"") -> Andy Booth
E66: =E65+1 -> 6 | G66: =IF(G15="G", CONCATENATE($B15, IF(H15+I15>0,CONCATENATE(" (",H15,IF(I15>0,CONCATENATE(IF(H15>0,",",""),I15,"A"),""),")"),"")),"") | H66: =IF(G15="D", CONCATENATE($B15, IF(H15+I15>0,CONCATENATE(" (",H15,IF(I15>0,CONCATENATE(IF(H15>0,",",""),I15,"A"),""),")"),"")),"") | I66: =IF(G15="M", CONCATENATE($B15, IF(H15+I15>0,CONCATENATE(" (",H15,IF(I15>0,CONCATENATE(IF(H15>0,",",""),I15,"A"),""),")"),"")),"") | J66: =IF(G15="A", CONCATENATE($B15, IF(H15+I15>0,CONCATENATE(" (",H15,IF(I15>0,CONCATENATE(IF(H15>0,",",""),I15,"A"),""),")"),"")),"") | K66: =IF(K15="G", CONCATENATE($B15, IF(L15+M15>0,CONCATENATE(" (",L15,IF(M15>0,CONCATENATE(IF(L15>0,",",""),M15,"A"),""),")"),"")),"") | L66: =IF(K15="D", CONCATENATE($B15, IF(L15+M15>0,CONCATENATE(" (",L15,IF(M15>0,CONCATENATE(IF(L15>0,",",""),M15,"A"),""),")"),"")),"") | M66: =IF(K15="M", CONCATENATE($B15, IF(L15+M15>0,CONCATENATE(" (",L15,IF(M15>0,CONCATENATE(IF(L15>0,",",""),M15,"A"),""),")"),"")),"") | N66: =IF(K15="A", CONCATENATE($B15, IF(L15+M15>0,CONCATENATE(" (",L15,IF(M15>0,CONCATENATE(IF(L15>0,",",""),M15,"A"),""),")"),"")),"") | O66: =IF(O15="G", CONCATENATE($B15, IF(P15+Q15>0,CONCATENATE(" (",P15,IF(Q15>0,CONCATENATE(IF(P15>0,",",""),Q15,"A"),""),")"),"")),"") | P66: =IF(O15="D", CONCATENATE($B15, IF(P15+Q15>0,CONCATENATE(" (",P15,IF(Q15>0,CONCATENATE(IF(P15>0,",",""),Q15,"A"),""),")"),"")),"") | Q66: =IF(O15="M", CONCATENATE($B15, IF(P15+Q15>0,CONCATENATE(" (",P15,IF(Q15>0,CONCATENATE(IF(P15>0,",",""),Q15,"A"),""),")"),"")),"") | R66: =IF(O15="A", CONCATENATE($B15, IF(P15+Q15>0,CONCATENATE(" (",P15,IF(Q15>0,CONCATENATE(IF(P15>0,",",""),Q15,"A"),""),")"),"")),"") | S66: =IF(S15="G", CONCATENATE($B15, IF(T15+U15>0,CONCATENATE(" (",T15,IF(U15>0,CONCATENATE(IF(T15>0,",",""),U15,"A"),""),")"),"")),"") | T66: =IF(S15="D", CONCATENATE($B15, IF(T15+U15>0,CONCATENATE(" (",T15,IF(U15>0,CONCATENATE(IF(T15>0,",",""),U15,"A"),""),")"),"")),"") | U66: =IF(S15="M", CONCATENATE($B15, IF(T15+U15>0,CONCATENATE(" (",T15,IF(U15>0,CONCATENATE(IF(T15>0,",",""),U15,"A"),""),")"),"")),"") | V66: =IF(S15="A", CONCATENATE($B15, IF(T15+U15>0,CONCATENATE(" (",T15,IF(U15>0,CONCATENATE(IF(T15>0,",",""),U15,"A"),""),")"),"")),"") | W66: =IF(W15="G", CONCATENATE($B15, IF(X15+Y15>0,CONCATENATE(" (",X15,IF(Y15>0,CONCATENATE(IF(X15>0,",",""),Y15,"A"),""),")"),"")),"") | X66: =IF(W15="D", CONCATENATE($B15, IF(X15+Y15>0,CONCATENATE(" (",X15,IF(Y15>0,CONCATENATE(IF(X15>0,",",""),Y15,"A"),""),")"),"")),"") | Y66: =IF(W15="M", CONCATENATE($B15, IF(X15+Y15>0,CONCATENATE(" (",X15,IF(Y15>0,CONCATENATE(IF(X15>0,",",""),Y15,"A"),""),")"),"")),"") | Z66: =IF(W15="A", CONCATENATE($B15, IF(X15+Y15>0,CONCATENATE(" (",X15,IF(Y15>0,CONCATENATE(IF(X15>0,",",""),Y15,"A"),""),")"),"")),"") | AA66: =IF(AA15="G", CONCATENATE($B15, IF(AB15+AC15>0,CONCATENATE(" (",AB15,IF(AC15>0,CONCATENATE(IF(AB15>0,",",""),AC15,"A"),""),")"),"")),"") | AB66: =IF(AA15="D", CONCATENATE($B15, IF(AB15+AC15>0,CONCATENATE(" (",AB15,IF(AC15>0,CONCATENATE(IF(AB15>0,",",""),AC15,"A"),""),")"),"")),"") | AC66: =IF(AA15="M", CONCATENATE($B15, IF(AB15+AC15>0,CONCATENATE(" (",AB15,IF(AC15>0,CONCATENATE(IF(AB15>0,",",""),AC15,"A"),""),")"),"")),"") | AD66: =IF(AA15="A", CONCATENATE($B15, IF(AB15+AC15>0,CONCATENATE(" (",AB15,IF(AC15>0,CONCATENATE(IF(AB15>0,",",""),AC15,"A"),""),")"),"")),"") | AE66: =IF(AE15="G", CONCATENATE($B15, IF(AF15+AG15>0,CONCATENATE(" (",AF15,IF(AG15>0,CONCATENATE(IF(AF15>0,",",""),AG15,"A"),""),")"),"")),"") | AF66: =IF(AE15="D", CONCATENATE($B15, IF(AF15+AG15>0,CONCATENATE(" (",AF15,IF(AG15>0,CONCATENATE(IF(AF15>0,",",""),AG15,"A"),""),")"),"")),"") | AG66: =IF(AE15="M", CONCATENATE($B15, IF(AF15+AG15>0,CONCATENATE(" (",AF15,IF(AG15>0,CONCATENATE(IF(AF15>0,",",""),AG15,"A"),""),")"),"")),"") | AH66: =IF(AE15="A", CONCATENATE($B15, IF(AF15+AG15>0,CONCATENATE(" (",AF15,IF(AG15>0,CONCATENATE(IF(AF15>0,",",""),AG15,"A"),""),")"),"")),"") | AI66: =IF(AI15="G", CONCATENATE($B15, IF(AJ15+AK15>0,CONCATENATE(" (",AJ15,IF(AK15>0,CONCATENATE(IF(AJ15>0,",",""),AK15,"A"),""),")"),"")),"") | AJ66: =IF(AI15="D", CONCATENATE($B15, IF(AJ15+AK15>0,CONCATENATE(" (",AJ15,IF(AK15>0,CONCATENATE(IF(AJ15>0,",",""),AK15,"A"),""),")"),"")),"") | AK66: =IF(AI15="M", CONCATENATE($B15, IF(AJ15+AK15>0,CONCATENATE(" (",AJ15,IF(AK15>0,CONCATENATE(IF(AJ15>0,",",""),AK15,"A"),""),")"),"")),"") | AL66: =IF(AI15="A", CONCATENATE($B15, IF(AJ15+AK15>0,CONCATENATE(" (",AJ15,IF(AK15>0,CONCATENATE(IF(AJ15>0,",",""),AK15,"A"),""),")"),"")),"") | AM66: =IF(AM15="G", CONCATENATE($B15, IF(AN15+AO15>0,CONCATENATE(" (",AN15,IF(AO15>0,CONCATENATE(IF(AN15>0,",",""),AO15,"A"),""),")"),"")),"") | AN66: =IF(AM15="D", CONCATENATE($B15, IF(AN15+AO15>0,CONCATENATE(" (",AN15,IF(AO15>0,CONCATENATE(IF(AN15>0,",",""),AO15,"A"),""),")"),"")),"") | AO66: =IF(AM15="M", CONCATENATE($B15, IF(AN15+AO15>0,CONCATENATE(" (",AN15,IF(AO15>0,CONCATENATE(IF(AN15>0,",",""),AO15,"A"),""),")"),"")),"") | AP66: =IF(AM15="A", CONCATENATE($B15, IF(AN15+AO15>0,CONCATENATE(" (",AN15,IF(AO15>0,CONCATENATE(IF(AN15>0,",",""),AO15,"A"),""),")"),"")),"") | AQ66: =IF(AQ15="G", CONCATENATE($B15, IF(AR15+AS15>0,CONCATENATE(" (",AR15,IF(AS15>0,CONCATENATE(IF(AR15>0,",",""),AS15,"A"),""),")"),"")),"") | AR66: =IF(AQ15="D", CONCATENATE($B15, IF(AR15+AS15>0,CONCATENATE(" (",AR15,IF(AS15>0,CONCATENATE(IF(AR15>0,",",""),AS15,"A"),""),")"),"")),"") | AS66: =IF(AQ15="M", CONCATENATE($B15, IF(AR15+AS15>0,CONCATENATE(" (",AR15,IF(AS15>0,CONCATENATE(IF(AR15>0,",",""),AS15,"A"),""),")"),"")),"") | AT66: =IF(AQ15="A", CONCATENATE($B15, IF(AR15+AS15>0,CONCATENATE(" (",AR15,IF(AS15>0,CONCATENATE(IF(AR15>0,",",""),AS15,"A"),""),")"),"")),"") | AU66: =IF(AU15="G", CONCATENATE($B15, IF(AV15+AW15>0,CONCATENATE(" (",AV15,IF(AW15>0,CONCATENATE(IF(AV15>0,",",""),AW15,"A"),""),")"),"")),"") | AV66: =IF(AU15="D", CONCATENATE($B15, IF(AV15+AW15>0,CONCATENATE(" (",AV15,IF(AW15>0,CONCATENATE(IF(AV15>0,",",""),AW15,"A"),""),")"),"")),"") | AW66: =IF(AU15="M", CONCATENATE($B15, IF(AV15+AW15>0,CONCATENATE(" (",AV15,IF(AW15>0,CONCATENATE(IF(AV15>0,",",""),AW15,"A"),""),")"),"")),"") | AX66: =IF(AU15="A", CONCATENATE($B15, IF(AV15+AW15>0,CONCATENATE(" (",AV15,IF(AW15>0,CONCATENATE(IF(AV15>0,",",""),AW15,"A"),""),")"),"")),"") | AY66: =IF(AY15="G", CONCATENATE($B15, IF(AZ15+BA15>0,CONCATENATE(" (",AZ15,IF(BA15>0,CONCATENATE(IF(AZ15>0,",",""),BA15,"A"),""),")"),"")),"") | AZ66: =IF(AY15="D", CONCATENATE($B15, IF(AZ15+BA15>0,CONCATENATE(" (",AZ15,IF(BA15>0,CONCATENATE(IF(AZ15>0,",",""),BA15,"A"),""),")"),"")),"") | BA66: =IF(AY15="M", CONCATENATE($B15, IF(AZ15+BA15>0,CONCATENATE(" (",AZ15,IF(BA15>0,CONCATENATE(IF(AZ15>0,",",""),BA15,"A"),""),")"),"")),"") | BB66: =IF(AY15="A", CONCATENATE($B15, IF(AZ15+BA15>0,CONCATENATE(" (",AZ15,IF(BA15>0,CONCATENATE(IF(AZ15>0,",",""),BA15,"A"),""),")"),"")),"") | BC66: =IF(BC15="G", CONCATENATE($B15, IF(BD15+BE15>0,CONCATENATE(" (",BD15,IF(BE15>0,CONCATENATE(IF(BD15>0,",",""),BE15,"A"),""),")"),"")),"") | BD66: =IF(BC15="D", CONCATENATE($B15, IF(BD15+BE15>0,CONCATENATE(" (",BD15,IF(BE15>0,CONCATENATE(IF(BD15>0,",",""),BE15,"A"),""),")"),"")),"") | BE66: =IF(BC15="M", CONCATENATE($B15, IF(BD15+BE15>0,CONCATENATE(" (",BD15,IF(BE15>0,CONCATENATE(IF(BD15>0,",",""),BE15,"A"),""),")"),"")),"") | BF66: =IF(BC15="A", CONCATENATE($B15, IF(BD15+BE15>0,CONCATENATE(" (",BD15,IF(BE15>0,CONCATENATE(IF(BD15>0,",",""),BE15,"A"),""),")"),"")),"") | BG66: =IF(BG15="G", CONCATENATE($B15, IF(BH15+BI15>0,CONCATENATE(" (",BH15,IF(BI15>0,CONCATENATE(IF(BH15>0,",",""),BI15,"A"),""),")"),"")),"") | BH66: =IF(BG15="D", CONCATENATE($B15, IF(BH15+BI15>0,CONCATENATE(" (",BH15,IF(BI15>0,CONCATENATE(IF(BH15>0,",",""),BI15,"A"),""),")"),"")),"") | BI66: =IF(BG15="M", CONCATENATE($B15, IF(BH15+BI15>0,CONCATENATE(" (",BH15,IF(BI15>0,CONCATENATE(IF(BH15>0,",",""),BI15,"A"),""),")"),"")),"") | BJ66: =IF(BG15="A", CONCATENATE($B15, IF(BH15+BI15>0,CONCATENATE(" (",BH15,IF(BI15>0,CONCATENATE(IF(BH15>0,",",""),BI15,"A"),""),")"),"")),"") | BK66: =IF(BK15="G", CONCATENATE($B15, IF(BL15+BM15>0,CONCATENATE(" (",BL15,IF(BM15>0,CONCATENATE(IF(BL15>0,",",""),BM15,"A"),""),")"),"")),"") | BL66: =IF(BK15="D", CONCATENATE($B15, IF(BL15+BM15>0,CONCATENATE(" (",BL15,IF(BM15>0,CONCATENATE(IF(BL15>0,",",""),BM15,"A"),""),")"),"")),"") | BM66: =IF(BK15="M", CONCATENATE($B15, IF(BL15+BM15>0,CONCATENATE(" (",BL15,IF(BM15>0,CONCATENATE(IF(BL15>0,",",""),BM15,"A"),""),")"),"")),"") | BN66: =IF(BK15="A", CONCATENATE($B15, IF(BL15+BM15>0,CONCATENATE(" (",BL15,IF(BM15>0,CONCATENATE(IF(BL15>0,",",""),BM15,"A"),""),")"),"")),"") | BO66: =IF(BO15="G", CONCATENATE($B15, IF(BP15+BQ15>0,CONCATENATE(" (",BP15,IF(BQ15>0,CONCATENATE(IF(BP15>0,",",""),BQ15,"A"),""),")"),"")),"") | BP66: =IF(BO15="D", CONCATENATE($B15, IF(BP15+BQ15>0,CONCATENATE(" (",BP15,IF(BQ15>0,CONCATENATE(IF(BP15>0,",",""),BQ15,"A"),""),")"),"")),"") | BQ66: =IF(BO15="M", CONCATENATE($B15, IF(BP15+BQ15>0,CONCATENATE(" (",BP15,IF(BQ15>0,CONCATENATE(IF(BP15>0,",",""),BQ15,"A"),""),")"),"")),"") | BR66: =IF(BO15="A", CONCATENATE($B15, IF(BP15+BQ15>0,CONCATENATE(" (",BP15,IF(BQ15>0,CONCATENATE(IF(BP15>0,",",""),BQ15,"A"),""),")"),"")),"") | BS66: =IF(BS15="G", CONCATENATE($B15, IF(BT15+BU15>0,CONCATENATE(" (",BT15,IF(BU15>0,CONCATENATE(IF(BT15>0,",",""),BU15,"A"),""),")"),"")),"") | BT66: =IF(BS15="D", CONCATENATE($B15, IF(BT15+BU15>0,CONCATENATE(" (",BT15,IF(BU15>0,CONCATENATE(IF(BT15>0,",",""),BU15,"A"),""),")"),"")),"") | BU66: =IF(BS15="M", CONCATENATE($B15, IF(BT15+BU15>0,CONCATENATE(" (",BT15,IF(BU15>0,CONCATENATE(IF(BT15>0,",",""),BU15,"A"),""),")"),"")),"") | BV66: =IF(BS15="A", CONCATENATE($B15, IF(BT15+BU15>0,CONCATENATE(" (",BT15,IF(BU15>0,CONCATENATE(IF(BT15>0,",",""),BU15,"A"),""),")"),"")),"") | BW66: =IF(BW15="G", CONCATENATE($B15, IF(BX15+BY15>0,CONCATENATE(" (",BX15,IF(BY15>0,CONCATENATE(IF(BX15>0,",",""),BY15,"A"),""),")"),"")),"") | BX66: =IF(BW15="D", CONCATENATE($B15, IF(BX15+BY15>0,CONCATENATE(" (",BX15,IF(BY15>0,CONCATENATE(IF(BX15>0,",",""),BY15,"A"),""),")"),"")),"") | BY66: =IF(BW15="M", CONCATENATE($B15, IF(BX15+BY15>0,CONCATENATE(" (",BX15,IF(BY15>0,CONCATENATE(IF(BX15>0,",",""),BY15,"A"),""),")"),"")),"") | BZ66: =IF(BW15="A", CONCATENATE($B15, IF(BX15+BY15>0,CONCATENATE(" (",BX15,IF(BY15>0,CONCATENATE(IF(BX15>0,",",""),BY15,"A"),""),")"),"")),"") | CA66: =IF(CA15="G", CONCATENATE($B15, IF(CB15+CC15>0,CONCATENATE(" (",CB15,IF(CC15>0,CONCATENATE(IF(CB15>0,",",""),CC15,"A"),""),")"),"")),"") | CB66: =IF(CA15="D", CONCATENATE($B15, IF(CB15+CC15>0,CONCATENATE(" (",CB15,IF(CC15>0,CONCATENATE(IF(CB15>0,",",""),CC15,"A"),""),")"),"")),"") | CC66: =IF(CA15="M", CONCATENATE($B15, IF(CB15+CC15>0,CONCATENATE(" (",CB15,IF(CC15>0,CONCATENATE(IF(CB15>0,",",""),CC15,"A"),""),")"),"")),"") | CD66: =IF(CA15="A", CONCATENATE($B15, IF(CB15+CC15>0,CONCATENATE(" (",CB15,IF(CC15>0,CONCATENATE(IF(CB15>0,",",""),CC15,"A"),""),")"),"")),"") | CE66: =IF(CE15="G", CONCATENATE($B15, IF(CF15+CG15>0,CONCATENATE(" (",CF15,IF(CG15>0,CONCATENATE(IF(CF15>0,",",""),CG15,"A"),""),")"),"")),"") | CF66: =IF(CE15="D", CONCATENATE($B15, IF(CF15+CG15>0,CONCATENATE(" (",CF15,IF(CG15>0,CONCATENATE(IF(CF15>0,",",""),CG15,"A"),""),")"),"")),"") | CG66: =IF(CE15="M", CONCATENATE($B15, IF(CF15+CG15>0,CONCATENATE(" (",CF15,IF(CG15>0,CONCATENATE(IF(CF15>0,",",""),CG15,"A"),""),")"),"")),"") | CH66: =IF(CE15="A", CONCATENATE($B15, IF(CF15+CG15>0,CONCATENATE(" (",CF15,IF(CG15>0,CONCATENATE(IF(CF15>0,",",""),CG15,"A"),""),")"),"")),"") | CI66: =IF(CI15="G", CONCATENATE($B15, IF(CJ15+CK15>0,CONCATENATE(" (",CJ15,IF(CK15>0,CONCATENATE(IF(CJ15>0,",",""),CK15,"A"),""),")"),"")),"") | CJ66: =IF(CI15="D", CONCATENATE($B15, IF(CJ15+CK15>0,CONCATENATE(" (",CJ15,IF(CK15>0,CONCATENATE(IF(CJ15>0,",",""),CK15,"A"),""),")"),"")),"") | CK66: =IF(CI15="M", CONCATENATE($B15, IF(CJ15+CK15>0,CONCATENATE(" (",CJ15,IF(CK15>0,CONCATENATE(IF(CJ15>0,",",""),CK15,"A"),""),")"),"")),"") | CL66: =IF(CI15="A", CONCATENATE($B15, IF(CJ15+CK15>0,CONCATENATE(" (",CJ15,IF(CK15>0,CONCATENATE(IF(CJ15>0,",",""),CK15,"A"),""),")"),"")),"")
E67: =E66+1 -> 7 | G67: =IF(G16="G", CONCATENATE($B16, IF(H16+I16>0,CONCATENATE(" (",H16,IF(I16>0,CONCATENATE(IF(H16>0,",",""),I16,"A"),""),")"),"")),"") | H67: =IF(G16="D", CONCATENATE($B16, IF(H16+I16>0,CONCATENATE(" (",H16,IF(I16>0,CONCATENATE(IF(H16>0,",",""),I16,"A"),""),")"),"")),"") -> Felix Bull | I67: =IF(G16="M", CONCATENATE($B16, IF(H16+I16>0,CONCATENATE(" (",H16,IF(I16>0,CONCATENATE(IF(H16>0,",",""),I16,"A"),""),")"),"")),"") | J67: =IF(G16="A", CONCATENATE($B16, IF(H16+I16>0,CONCATENATE(" (",H16,IF(I16>0,CONCATENATE(IF(H16>0,",",""),I16,"A"),""),")"),"")),"") | K67: =IF(K16="G", CONCATENATE($B16, IF(L16+M16>0,CONCATENATE(" (",L16,IF(M16>0,CONCATENATE(IF(L16>0,",",""),M16,"A"),""),")"),"")),"") | L67: =IF(K16="D", CONCATENATE($B16, IF(L16+M16>0,CONCATENATE(" (",L16,IF(M16>0,CONCATENATE(IF(L16>0,",",""),M16,"A"),""),")"),"")),"") -> Felix Bull | M67: =IF(K16="M", CONCATENATE($B16, IF(L16+M16>0,CONCATENATE(" (",L16,IF(M16>0,CONCATENATE(IF(L16>0,",",""),M16,"A"),""),")"),"")),"") | N67: =IF(K16="A", CONCATENATE($B16, IF(L16+M16>0,CONCATENATE(" (",L16,IF(M16>0,CONCATENATE(IF(L16>0,",",""),M16,"A"),""),")"),"")),"") | O67: =IF(O16="G", CONCATENATE($B16, IF(P16+Q16>0,CONCATENATE(" (",P16,IF(Q16>0,CONCATENATE(IF(P16>0,",",""),Q16,"A"),""),")"),"")),"") | P67: =IF(O16="D", CONCATENATE($B16, IF(P16+Q16>0,CONCATENATE(" (",P16,IF(Q16>0,CONCATENATE(IF(P16>0,",",""),Q16,"A"),""),")"),"")),"") -> Felix Bull | Q67: =IF(O16="M", CONCATENATE($B16, IF(P16+Q16>0,CONCATENATE(" (",P16,IF(Q16>0,CONCATENATE(IF(P16>0,",",""),Q16,"A"),""),")"),"")),"") | R67: =IF(O16="A", CONCATENATE($B16, IF(P16+Q16>0,CONCATENATE(" (",P16,IF(Q16>0,CONCATENATE(IF(P16>0,",",""),Q16,"A"),""),")"),"")),"") | S67: =IF(S16="G", CONCATENATE($B16, IF(T16+U16>0,CONCATENATE(" (",T16,IF(U16>0,CONCATENATE(IF(T16>0,",",""),U16,"A"),""),")"),"")),"") | T67: =IF(S16="D", CONCATENATE($B16, IF(T16+U16>0,CONCATENATE(" (",T16,IF(U16>0,CONCATENATE(IF(T16>0,",",""),U16,"A"),""),")"),"")),"") -> Felix Bull | U67: =IF(S16="M", CONCATENATE($B16, IF(T16+U16>0,CONCATENATE(" (",T16,IF(U16>0,CONCATENATE(IF(T16>0,",",""),U16,"A"),""),")"),"")),"") | V67: =IF(S16="A", CONCATENATE($B16, IF(T16+U16>0,CONCATENATE(" (",T16,IF(U16>0,CONCATENATE(IF(T16>0,",",""),U16,"A"),""),")"),"")),"") | W67: =IF(W16="G", CONCATENATE($B16, IF(X16+Y16>0,CONCATENATE(" (",X16,IF(Y16>0,CONCATENATE(IF(X16>0,",",""),Y16,"A"),""),")"),"")),"") | X67: =IF(W16="D", CONCATENATE($B16, IF(X16+Y16>0,CONCATENATE(" (",X16,IF(Y16>0,CONCATENATE(IF(X16>0,",",""),Y16,"A"),""),")"),"")),"") | Y67: =IF(W16="M", CONCATENATE($B16, IF(X16+Y16>0,CONCATENATE(" (",X16,IF(Y16>0,CONCATENATE(IF(X16>0,",",""),Y16,"A"),""),")"),"")),"") | Z67: =IF(W16="A", CONCATENATE($B16, IF(X16+Y16>0,CONCATENATE(" (",X16,IF(Y16>0,CONCATENATE(IF(X16>0,",",""),Y16,"A"),""),")"),"")),"") | AA67: =IF(AA16="G", CONCATENATE($B16, IF(AB16+AC16>0,CONCATENATE(" (",AB16,IF(AC16>0,CONCATENATE(IF(AB16>0,",",""),AC16,"A"),""),")"),"")),"") | AB67: =IF(AA16="D", CONCATENATE($B16, IF(AB16+AC16>0,CONCATENATE(" (",AB16,IF(AC16>0,CONCATENATE(IF(AB16>0,",",""),AC16,"A"),""),")"),"")),"") -> Felix Bull | AC67: =IF(AA16="M", CONCATENATE($B16, IF(AB16+AC16>0,CONCATENATE(" (",AB16,IF(AC16>0,CONCATENATE(IF(AB16>0,",",""),AC16,"A"),""),")"),"")),"") | AD67: =IF(AA16="A", CONCATENATE($B16, IF(AB16+AC16>0,CONCATENATE(" (",AB16,IF(AC16>0,CONCATENATE(IF(AB16>0,",",""),AC16,"A"),""),")"),"")),"") | AE67: =IF(AE16="G", CONCATENATE($B16, IF(AF16+AG16>0,CONCATENATE(" (",AF16,IF(AG16>0,CONCATENATE(IF(AF16>0,",",""),AG16,"A"),""),")"),"")),"") | AF67: =IF(AE16="D", CONCATENATE($B16, IF(AF16+AG16>0,CONCATENATE(" (",AF16,IF(AG16>0,CONCATENATE(IF(AF16>0,",",""),AG16,"A"),""),")"),"")),"") | AG67: =IF(AE16="M", CONCATENATE($B16, IF(AF16+AG16>0,CONCATENATE(" (",AF16,IF(AG16>0,CONCATENATE(IF(AF16>0,",",""),AG16,"A"),""),")"),"")),"") | AH67: =IF(AE16="A", CONCATENATE($B16, IF(AF16+AG16>0,CONCATENATE(" (",AF16,IF(AG16>0,CONCATENATE(IF(AF16>0,",",""),AG16,"A"),""),")"),"")),"") | AI67: =IF(AI16="G", CONCATENATE($B16, IF(AJ16+AK16>0,CONCATENATE(" (",AJ16,IF(AK16>0,CONCATENATE(IF(AJ16>0,",",""),AK16,"A"),""),")"),"")),"") | AJ67: =IF(AI16="D", CONCATENATE($B16, IF(AJ16+AK16>0,CONCATENATE(" (",AJ16,IF(AK16>0,CONCATENATE(IF(AJ16>0,",",""),AK16,"A"),""),")"),"")),"") -> Felix Bull | AK67: =IF(AI16="M", CONCATENATE($B16, IF(AJ16+AK16>0,CONCATENATE(" (",AJ16,IF(AK16>0,CONCATENATE(IF(AJ16>0,",",""),AK16,"A"),""),")"),"")),"") | AL67: =IF(AI16="A", CONCATENATE($B16, IF(AJ16+AK16>0,CONCATENATE(" (",AJ16,IF(AK16>0,CONCATENATE(IF(AJ16>0,",",""),AK16,"A"),""),")"),"")),"") | AM67: =IF(AM16="G", CONCATENATE($B16, IF(AN16+AO16>0,CONCATENATE(" (",AN16,IF(AO16>0,CONCATENATE(IF(AN16>0,",",""),AO16,"A"),""),")"),"")),"") | AN67: =IF(AM16="D", CONCATENATE($B16, IF(AN16+AO16>0,CONCATENATE(" (",AN16,IF(AO16>0,CONCATENATE(IF(AN16>0,",",""),AO16,"A"),""),")"),"")),"") | AO67: =IF(AM16="M", CONCATENATE($B16, IF(AN16+AO16>0,CONCATENATE(" (",AN16,IF(AO16>0,CONCATENATE(IF(AN16>0,",",""),AO16,"A"),""),")"),"")),"") | AP67: =IF(AM16="A", CONCATENATE($B16, IF(AN16+AO16>0,CONCATENATE(" (",AN16,IF(AO16>0,CONCATENATE(IF(AN16>0,",",""),AO16,"A"),""),")"),"")),"") | AQ67: =IF(AQ16="G", CONCATENATE($B16, IF(AR16+AS16>0,CONCATENATE(" (",AR16,IF(AS16>0,CONCATENATE(IF(AR16>0,",",""),AS16,"A"),""),")"),"")),"") | AR67: =IF(AQ16="D", CONCATENATE($B16, IF(AR16+AS16>0,CONCATENATE(" (",AR16,IF(AS16>0,CONCATENATE(IF(AR16>0,",",""),AS16,"A"),""),")"),"")),"") -> Felix Bull | AS67: =IF(AQ16="M", CONCATENATE($B16, IF(AR16+AS16>0,CONCATENATE(" (",AR16,IF(AS16>0,CONCATENATE(IF(AR16>0,",",""),AS16,"A"),""),")"),"")),"") | AT67: =IF(AQ16="A", CONCATENATE($B16, IF(AR16+AS16>0,CONCATENATE(" (",AR16,IF(AS16>0,CONCATENATE(IF(AR16>0,",",""),AS16,"A"),""),")"),"")),"") | AU67: =IF(AU16="G", CONCATENATE($B16, IF(AV16+AW16>0,CONCATENATE(" (",AV16,IF(AW16>0,CONCATENATE(IF(AV16>0,",",""),AW16,"A"),""),")"),"")),"") | AV67: =IF(AU16="D", CONCATENATE($B16, IF(AV16+AW16>0,CONCATENATE(" (",AV16,IF(AW16>0,CONCATENATE(IF(AV16>0,",",""),AW16,"A"),""),")"),"")),"") | AW67: =IF(AU16="M", CONCATENATE($B16, IF(AV16+AW16>0,CONCATENATE(" (",AV16,IF(AW16>0,CONCATENATE(IF(AV16>0,",",""),AW16,"A"),""),")"),"")),"") | AX67: =IF(AU16="A", CONCATENATE($B16, IF(AV16+AW16>0,CONCATENATE(" (",AV16,IF(AW16>0,CONCATENATE(IF(AV16>0,",",""),AW16,"A"),""),")"),"")),"") | AY67: =IF(AY16="G", CONCATENATE($B16, IF(AZ16+BA16>0,CONCATENATE(" (",AZ16,IF(BA16>0,CONCATENATE(IF(AZ16>0,",",""),BA16,"A"),""),")"),"")),"") | AZ67: =IF(AY16="D", CONCATENATE($B16, IF(AZ16+BA16>0,CONCATENATE(" (",AZ16,IF(BA16>0,CONCATENATE(IF(AZ16>0,",",""),BA16,"A"),""),")"),"")),"") -> Felix Bull | BA67: =IF(AY16="M", CONCATENATE($B16, IF(AZ16+BA16>0,CONCATENATE(" (",AZ16,IF(BA16>0,CONCATENATE(IF(AZ16>0,",",""),BA16,"A"),""),")"),"")),"") | BB67: =IF(AY16="A", CONCATENATE($B16, IF(AZ16+BA16>0,CONCATENATE(" (",AZ16,IF(BA16>0,CONCATENATE(IF(AZ16>0,",",""),BA16,"A"),""),")"),"")),"") | BC67: =IF(BC16="G", CONCATENATE($B16, IF(BD16+BE16>0,CONCATENATE(" (",BD16,IF(BE16>0,CONCATENATE(IF(BD16>0,",",""),BE16,"A"),""),")"),"")),"") | BD67: =IF(BC16="D", CONCATENATE($B16, IF(BD16+BE16>0,CONCATENATE(" (",BD16,IF(BE16>0,CONCATENATE(IF(BD16>0,",",""),BE16,"A"),""),")"),"")),"") | BE67: =IF(BC16="M", CONCATENATE($B16, IF(BD16+BE16>0,CONCATENATE(" (",BD16,IF(BE16>0,CONCATENATE(IF(BD16>0,",",""),BE16,"A"),""),")"),"")),"") | BF67: =IF(BC16="A", CONCATENATE($B16, IF(BD16+BE16>0,CONCATENATE(" (",BD16,IF(BE16>0,CONCATENATE(IF(BD16>0,",",""),BE16,"A"),""),")"),"")),"") | BG67: =IF(BG16="G", CONCATENATE($B16, IF(BH16+BI16>0,CONCATENATE(" (",BH16,IF(BI16>0,CONCATENATE(IF(BH16>0,",",""),BI16,"A"),""),")"),"")),"") | BH67: =IF(BG16="D", CONCATENATE($B16, IF(BH16+BI16>0,CONCATENATE(" (",BH16,IF(BI16>0,CONCATENATE(IF(BH16>0,",",""),BI16,"A"),""),")"),"")),"") | BI67: =IF(BG16="M", CONCATENATE($B16, IF(BH16+BI16>0,CONCATENATE(" (",BH16,IF(BI16>0,CONCATENATE(IF(BH16>0,",",""),BI16,"A"),""),")"),"")),"") | BJ67: =IF(BG16="A", CONCATENATE($B16, IF(BH16+BI16>0,CONCATENATE(" (",BH16,IF(BI16>0,CONCATENATE(IF(BH16>0,",",""),BI16,"A"),""),")"),"")),"") | BK67: =IF(BK16="G", CONCATENATE($B16, IF(BL16+BM16>0,CONCATENATE(" (",BL16,IF(BM16>0,CONCATENATE(IF(BL16>0,",",""),BM16,"A"),""),")"),"")),"") | BL67: =IF(BK16="D", CONCATENATE($B16, IF(BL16+BM16>0,CONCATENATE(" (",BL16,IF(BM16>0,CONCATENATE(IF(BL16>0,",",""),BM16,"A"),""),")"),"")),"") | BM67: =IF(BK16="M", CONCATENATE($B16, IF(BL16+BM16>0,CONCATENATE(" (",BL16,IF(BM16>0,CONCATENATE(IF(BL16>0,",",""),BM16,"A"),""),")"),"")),"") | BN67: =IF(BK16="A", CONCATENATE($B16, IF(BL16+BM16>0,CONCATENATE(" (",BL16,IF(BM16>0,CONCATENATE(IF(BL16>0,",",""),BM16,"A"),""),")"),"")),"") | BO67: =IF(BO16="G", CONCATENATE($B16, IF(BP16+BQ16>0,CONCATENATE(" (",BP16,IF(BQ16>0,CONCATENATE(IF(BP16>0,",",""),BQ16,"A"),""),")"),"")),"") | BP67: =IF(BO16="D", CONCATENATE($B16, IF(BP16+BQ16>0,CONCATENATE(" (",BP16,IF(BQ16>0,CONCATENATE(IF(BP16>0,",",""),BQ16,"A"),""),")"),"")),"") -> Felix Bull (1) | BQ67: =IF(BO16="M", CONCATENATE($B16, IF(BP16+BQ16>0,CONCATENATE(" (",BP16,IF(BQ16>0,CONCATENATE(IF(BP16>0,",",""),BQ16,"A"),""),")"),"")),"") | BR67: =IF(BO16="A", CONCATENATE($B16, IF(BP16+BQ16>0,CONCATENATE(" (",BP16,IF(BQ16>0,CONCATENATE(IF(BP16>0,",",""),BQ16,"A"),""),")"),"")),"") | BS67: =IF(BS16="G", CONCATENATE($B16, IF(BT16+BU16>0,CONCATENATE(" (",BT16,IF(BU16>0,CONCATENATE(IF(BT16>0,",",""),BU16,"A"),""),")"),"")),"") | BT67: =IF(BS16="D", CONCATENATE($B16, IF(BT16+BU16>0,CONCATENATE(" (",BT16,IF(BU16>0,CONCATENATE(IF(BT16>0,",",""),BU16,"A"),""),")"),"")),"") -> Felix Bull | BU67: =IF(BS16="M", CONCATENATE($B16, IF(BT16+BU16>0,CONCATENATE(" (",BT16,IF(BU16>0,CONCATENATE(IF(BT16>0,",",""),BU16,"A"),""),")"),"")),"") | BV67: =IF(BS16="A", CONCATENATE($B16, IF(BT16+BU16>0,CONCATENATE(" (",BT16,IF(BU16>0,CONCATENATE(IF(BT16>0,",",""),BU16,"A"),""),")"),"")),"") | BW67: =IF(BW16="G", CONCATENATE($B16, IF(BX16+BY16>0,CONCATENATE(" (",BX16,IF(BY16>0,CONCATENATE(IF(BX16>0,",",""),BY16,"A"),""),")"),"")),"") | BX67: =IF(BW16="D", CONCATENATE($B16, IF(BX16+BY16>0,CONCATENATE(" (",BX16,IF(BY16>0,CONCATENATE(IF(BX16>0,",",""),BY16,"A"),""),")"),"")),"") -> Felix Bull | BY67: =IF(BW16="M", CONCATENATE($B16, IF(BX16+BY16>0,CONCATENATE(" (",BX16,IF(BY16>0,CONCATENATE(IF(BX16>0,",",""),BY16,"A"),""),")"),"")),"") | BZ67: =IF(BW16="A", CONCATENATE($B16, IF(BX16+BY16>0,CONCATENATE(" (",BX16,IF(BY16>0,CONCATENATE(IF(BX16>0,",",""),BY16,"A"),""),")"),"")),"") | CA67: =IF(CA16="G", CONCATENATE($B16, IF(CB16+CC16>0,CONCATENATE(" (",CB16,IF(CC16>0,CONCATENATE(IF(CB16>0,",",""),CC16,"A"),""),")"),"")),"") | CB67: =IF(CA16="D", CONCATENATE($B16, IF(CB16+CC16>0,CONCATENATE(" (",CB16,IF(CC16>0,CONCATENATE(IF(CB16>0,",",""),CC16,"A"),""),")"),"")),"") -> Felix Bull (1) | CC67: =IF(CA16="M", CONCATENATE($B16, IF(CB16+CC16>0,CONCATENATE(" (",CB16,IF(CC16>0,CONCATENATE(IF(CB16>0,",",""),CC16,"A"),""),")"),"")),"") | CD67: =IF(CA16="A", CONCATENATE($B16, IF(CB16+CC16>0,CONCATENATE(" (",CB16,IF(CC16>0,CONCATENATE(IF(CB16>0,",",""),CC16,"A"),""),")"),"")),"") | CE67: =IF(CE16="G", CONCATENATE($B16, IF(CF16+CG16>0,CONCATENATE(" (",CF16,IF(CG16>0,CONCATENATE(IF(CF16>0,",",""),CG16,"A"),""),")"),"")),"") | CF67: =IF(CE16="D", CONCATENATE($B16, IF(CF16+CG16>0,CONCATENATE(" (",CF16,IF(CG16>0,CONCATENATE(IF(CF16>0,",",""),CG16,"A"),""),")"),"")),"") | CG67: =IF(CE16="M", CONCATENATE($B16, IF(CF16+CG16>0,CONCATENATE(" (",CF16,IF(CG16>0,CONCATENATE(IF(CF16>0,",",""),CG16,"A"),""),")"),"")),"") | CH67: =IF(CE16="A", CONCATENATE($B16, IF(CF16+CG16>0,CONCATENATE(" (",CF16,IF(CG16>0,CONCATENATE(IF(CF16>0,",",""),CG16,"A"),""),")"),"")),"") | CI67: =IF(CI16="G", CONCATENATE($B16, IF(CJ16+CK16>0,CONCATENATE(" (",CJ16,IF(CK16>0,CONCATENATE(IF(CJ16>0,",",""),CK16,"A"),""),")"),"")),"") | CJ67: =IF(CI16="D", CONCATENATE($B16, IF(CJ16+CK16>0,CONCATENATE(" (",CJ16,IF(CK16>0,CONCATENATE(IF(CJ16>0,",",""),CK16,"A"),""),")"),"")),"") -> Felix Bull | CK67: =IF(CI16="M", CONCATENATE($B16, IF(CJ16+CK16>0,CONCATENATE(" (",CJ16,IF(CK16>0,CONCATENATE(IF(CJ16>0,",",""),CK16,"A"),""),")"),"")),"") | CL67: =IF(CI16="A", CONCATENATE($B16, IF(CJ16+CK16>0,CONCATENATE(" (",CJ16,IF(CK16>0,CONCATENATE(IF(CJ16>0,",",""),CK16,"A"),""),")"),"")),"")
E68: =E67+1 -> 8 | G68: =IF(G17="G", CONCATENATE($B17, IF(H17+I17>0,CONCATENATE(" (",H17,IF(I17>0,CONCATENATE(IF(H17>0,",",""),I17,"A"),""),")"),"")),"") | H68: =IF(G17="D", CONCATENATE($B17, IF(H17+I17>0,CONCATENATE(" (",H17,IF(I17>0,CONCATENATE(IF(H17>0,",",""),I17,"A"),""),")"),"")),"") | I68: =IF(G17="M", CONCATENATE($B17, IF(H17+I17>0,CONCATENATE(" (",H17,IF(I17>0,CONCATENATE(IF(H17>0,",",""),I17,"A"),""),")"),"")),"") | J68: =IF(G17="A", CONCATENATE($B17, IF(H17+I17>0,CONCATENATE(" (",H17,IF(I17>0,CONCATENATE(IF(H17>0,",",""),I17,"A"),""),")"),"")),"") | K68: =IF(K17="G", CONCATENATE($B17, IF(L17+M17>0,CONCATENATE(" (",L17,IF(M17>0,CONCATENATE(IF(L17>0,",",""),M17,"A"),""),")"),"")),"") | L68: =IF(K17="D", CONCATENATE($B17, IF(L17+M17>0,CONCATENATE(" (",L17,IF(M17>0,CONCATENATE(IF(L17>0,",",""),M17,"A"),""),")"),"")),"") | M68: =IF(K17="M", CONCATENATE($B17, IF(L17+M17>0,CONCATENATE(" (",L17,IF(M17>0,CONCATENATE(IF(L17>0,",",""),M17,"A"),""),")"),"")),"") | N68: =IF(K17="A", CONCATENATE($B17, IF(L17+M17>0,CONCATENATE(" (",L17,IF(M17>0,CONCATENATE(IF(L17>0,",",""),M17,"A"),""),")"),"")),"") | O68: =IF(O17="G", CONCATENATE($B17, IF(P17+Q17>0,CONCATENATE(" (",P17,IF(Q17>0,CONCATENATE(IF(P17>0,",",""),Q17,"A"),""),")"),"")),"") | P68: =IF(O17="D", CONCATENATE($B17, IF(P17+Q17>0,CONCATENATE(" (",P17,IF(Q17>0,CONCATENATE(IF(P17>0,",",""),Q17,"A"),""),")"),"")),"") | Q68: =IF(O17="M", CONCATENATE($B17, IF(P17+Q17>0,CONCATENATE(" (",P17,IF(Q17>0,CONCATENATE(IF(P17>0,",",""),Q17,"A"),""),")"),"")),"") -> Rob Clark | R68: =IF(O17="A", CONCATENATE($B17, IF(P17+Q17>0,CONCATENATE(" (",P17,IF(Q17>0,CONCATENATE(IF(P17>0,",",""),Q17,"A"),""),")"),"")),"") | S68: =IF(S17="G", CONCATENATE($B17, IF(T17+U17>0,CONCATENATE(" (",T17,IF(U17>0,CONCATENATE(IF(T17>0,",",""),U17,"A"),""),")"),"")),"") | T68: =IF(S17="D", CONCATENATE($B17, IF(T17+U17>0,CONCATENATE(" (",T17,IF(U17>0,CONCATENATE(IF(T17>0,",",""),U17,"A"),""),")"),"")),"") | U68: =IF(S17="M", CONCATENATE($B17, IF(T17+U17>0,CONCATENATE(" (",T17,IF(U17>0,CONCATENATE(IF(T17>0,",",""),U17,"A"),""),")"),"")),"") -> Rob Clark | V68: =IF(S17="A", CONCATENATE($B17, IF(T17+U17>0,CONCATENATE(" (",T17,IF(U17>0,CONCATENATE(IF(T17>0,",",""),U17,"A"),""),")"),"")),"") | W68: =IF(W17="G", CONCATENATE($B17, IF(X17+Y17>0,CONCATENATE(" (",X17,IF(Y17>0,CONCATENATE(IF(X17>0,",",""),Y17,"A"),""),")"),"")),"") | X68: =IF(W17="D", CONCATENATE($B17, IF(X17+Y17>0,CONCATENATE(" (",X17,IF(Y17>0,CONCATENATE(IF(X17>0,",",""),Y17,"A"),""),")"),"")),"") | Y68: =IF(W17="M", CONCATENATE($B17, IF(X17+Y17>0,CONCATENATE(" (",X17,IF(Y17>0,CONCATENATE(IF(X17>0,",",""),Y17,"A"),""),")"),"")),"") | Z68: =IF(W17="A", CONCATENATE($B17, IF(X17+Y17>0,CONCATENATE(" (",X17,IF(Y17>0,CONCATENATE(IF(X17>0,",",""),Y17,"A"),""),")"),"")),"") | AA68: =IF(AA17="G", CONCATENATE($B17, IF(AB17+AC17>0,CONCATENATE(" (",AB17,IF(AC17>0,CONCATENATE(IF(AB17>0,",",""),AC17,"A"),""),")"),"")),"") | AB68: =IF(AA17="D", CONCATENATE($B17, IF(AB17+AC17>0,CONCATENATE(" (",AB17,IF(AC17>0,CONCATENATE(IF(AB17>0,",",""),AC17,"A"),""),")"),"")),"") | AC68: =IF(AA17="M", CONCATENATE($B17, IF(AB17+AC17>0,CONCATENATE(" (",AB17,IF(AC17>0,CONCATENATE(IF(AB17>0,",",""),AC17,"A"),""),")"),"")),"") -> Rob Clark | AD68: =IF(AA17="A", CONCATENATE($B17, IF(AB17+AC17>0,CONCATENATE(" (",AB17,IF(AC17>0,CONCATENATE(IF(AB17>0,",",""),AC17,"A"),""),")"),"")),"") | AE68: =IF(AE17="G", CONCATENATE($B17, IF(AF17+AG17>0,CONCATENATE(" (",AF17,IF(AG17>0,CONCATENATE(IF(AF17>0,",",""),AG17,"A"),""),")"),"")),"") | AF68: =IF(AE17="D", CONCATENATE($B17, IF(AF17+AG17>0,CONCATENATE(" (",AF17,IF(AG17>0,CONCATENATE(IF(AF17>0,",",""),AG17,"A"),""),")"),"")),"") | AG68: =IF(AE17="M", CONCATENATE($B17, IF(AF17+AG17>0,CONCATENATE(" (",AF17,IF(AG17>0,CONCATENATE(IF(AF17>0,",",""),AG17,"A"),""),")"),"")),"") | AH68: =IF(AE17="A", CONCATENATE($B17, IF(AF17+AG17>0,CONCATENATE(" (",AF17,IF(AG17>0,CONCATENATE(IF(AF17>0,",",""),AG17,"A"),""),")"),"")),"") | AI68: =IF(AI17="G", CONCATENATE($B17, IF(AJ17+AK17>0,CONCATENATE(" (",AJ17,IF(AK17>0,CONCATENATE(IF(AJ17>0,",",""),AK17,"A"),""),")"),"")),"") | AJ68: =IF(AI17="D", CONCATENATE($B17, IF(AJ17+AK17>0,CONCATENATE(" (",AJ17,IF(AK17>0,CONCATENATE(IF(AJ17>0,",",""),AK17,"A"),""),")"),"")),"") | AK68: =IF(AI17="M", CONCATENATE($B17, IF(AJ17+AK17>0,CONCATENATE(" (",AJ17,IF(AK17>0,CONCATENATE(IF(AJ17>0,",",""),AK17,"A"),""),")"),"")),"") | AL68: =IF(AI17="A", CONCATENATE($B17, IF(AJ17+AK17>0,CONCATENATE(" (",AJ17,IF(AK17>0,CONCATENATE(IF(AJ17>0,",",""),AK17,"A"),""),")"),"")),"") | AM68: =IF(AM17="G", CONCATENATE($B17, IF(AN17+AO17>0,CONCATENATE(" (",AN17,IF(AO17>0,CONCATENATE(IF(AN17>0,",",""),AO17,"A"),""),")"),"")),"") | AN68: =IF(AM17="D", CONCATENATE($B17, IF(AN17+AO17>0,CONCATENATE(" (",AN17,IF(AO17>0,CONCATENATE(IF(AN17>0,",",""),AO17,"A"),""),")"),"")),"") | AO68: =IF(AM17="M", CONCATENATE($B17, IF(AN17+AO17>0,CONCATENATE(" (",AN17,IF(AO17>0,CONCATENATE(IF(AN17>0,",",""),AO17,"A"),""),")"),"")),"") | AP68: =IF(AM17="A", CONCATENATE($B17, IF(AN17+AO17>0,CONCATENATE(" (",AN17,IF(AO17>0,CONCATENATE(IF(AN17>0,",",""),AO17,"A"),""),")"),"")),"") | AQ68: =IF(AQ17="G", CONCATENATE($B17, IF(AR17+AS17>0,CONCATENATE(" (",AR17,IF(AS17>0,CONCATENATE(IF(AR17>0,",",""),AS17,"A"),""),")"),"")),"") | AR68: =IF(AQ17="D", CONCATENATE($B17, IF(AR17+AS17>0,CONCATENATE(" (",AR17,IF(AS17>0,CONCATENATE(IF(AR17>0,",",""),AS17,"A"),""),")"),"")),"") | AS68: =IF(AQ17="M", CONCATENATE($B17, IF(AR17+AS17>0,CONCATENATE(" (",AR17,IF(AS17>0,CONCATENATE(IF(AR17>0,",",""),AS17,"A"),""),")"),"")),"") | AT68: =IF(AQ17="A", CONCATENATE($B17, IF(AR17+AS17>0,CONCATENATE(" (",AR17,IF(AS17>0,CONCATENATE(IF(AR17>0,",",""),AS17,"A"),""),")"),"")),"") | AU68: =IF(AU17="G", CONCATENATE($B17, IF(AV17+AW17>0,CONCATENATE(" (",AV17,IF(AW17>0,CONCATENATE(IF(AV17>0,",",""),AW17,"A"),""),")"),"")),"") | AV68: =IF(AU17="D", CONCATENATE($B17, IF(AV17+AW17>0,CONCATENATE(" (",AV17,IF(AW17>0,CONCATENATE(IF(AV17>0,",",""),AW17,"A"),""),")"),"")),"") | AW68: =IF(AU17="M", CONCATENATE($B17, IF(AV17+AW17>0,CONCATENATE(" (",AV17,IF(AW17>0,CONCATENATE(IF(AV17>0,",",""),AW17,"A"),""),")"),"")),"") | AX68: =IF(AU17="A", CONCATENATE($B17, IF(AV17+AW17>0,CONCATENATE(" (",AV17,IF(AW17>0,CONCATENATE(IF(AV17>0,",",""),AW17,"A"),""),")"),"")),"") | AY68: =IF(AY17="G", CONCATENATE($B17, IF(AZ17+BA17>0,CONCATENATE(" (",AZ17,IF(BA17>0,CONCATENATE(IF(AZ17>0,",",""),BA17,"A"),""),")"),"")),"") | AZ68: =IF(AY17="D", CONCATENATE($B17, IF(AZ17+BA17>0,CONCATENATE(" (",AZ17,IF(BA17>0,CONCATENATE(IF(AZ17>0,",",""),BA17,"A"),""),")"),"")),"") | BA68: =IF(AY17="M", CONCATENATE($B17, IF(AZ17+BA17>0,CONCATENATE(" (",AZ17,IF(BA17>0,CONCATENATE(IF(AZ17>0,",",""),BA17,"A"),""),")"),"")),"") | BB68: =IF(AY17="A", CONCATENATE($B17, IF(AZ17+BA17>0,CONCATENATE(" (",AZ17,IF(BA17>0,CONCATENATE(IF(AZ17>0,",",""),BA17,"A"),""),")"),"")),"") | BC68: =IF(BC17="G", CONCATENATE($B17, IF(BD17+BE17>0,CONCATENATE(" (",BD17,IF(BE17>0,CONCATENATE(IF(BD17>0,",",""),BE17,"A"),""),")"),"")),"") | BD68: =IF(BC17="D", CONCATENATE($B17, IF(BD17+BE17>0,CONCATENATE(" (",BD17,IF(BE17>0,CONCATENATE(IF(BD17>0,",",""),BE17,"A"),""),")"),"")),"") | BE68: =IF(BC17="M", CONCATENATE($B17, IF(BD17+BE17>0,CONCATENATE(" (",BD17,IF(BE17>0,CONCATENATE(IF(BD17>0,",",""),BE17,"A"),""),")"),"")),"") | BF68: =IF(BC17="A", CONCATENATE($B17, IF(BD17+BE17>0,CONCATENATE(" (",BD17,IF(BE17>0,CONCATENATE(IF(BD17>0,",",""),BE17,"A"),""),")"),"")),"") | BG68: =IF(BG17="G", CONCATENATE($B17, IF(BH17+BI17>0,CONCATENATE(" (",BH17,IF(BI17>0,CONCATENATE(IF(BH17>0,",",""),BI17,"A"),""),")"),"")),"") | BH68: =IF(BG17="D", CONCATENATE($B17, IF(BH17+BI17>0,CONCATENATE(" (",BH17,IF(BI17>0,CONCATENATE(IF(BH17>0,",",""),BI17,"A"),""),")"),"")),"") | BI68: =IF(BG17="M", CONCATENATE($B17, IF(BH17+BI17>0,CONCATENATE(" (",BH17,IF(BI17>0,CONCATENATE(IF(BH17>0,",",""),BI17,"A"),""),")"),"")),"") | BJ68: =IF(BG17="A", CONCATENATE($B17, IF(BH17+BI17>0,CONCATENATE(" (",BH17,IF(BI17>0,CONCATENATE(IF(BH17>0,",",""),BI17,"A"),""),")"),"")),"") | BK68: =IF(BK17="G", CONCATENATE($B17, IF(BL17+BM17>0,CONCATENATE(" (",BL17,IF(BM17>0,CONCATENATE(IF(BL17>0,",",""),BM17,"A"),""),")"),"")),"") | BL68: =IF(BK17="D", CONCATENATE($B17, IF(BL17+BM17>0,CONCATENATE(" (",BL17,IF(BM17>0,CONCATENATE(IF(BL17>0,",",""),BM17,"A"),""),")"),"")),"") | BM68: =IF(BK17="M", CONCATENATE($B17, IF(BL17+BM17>0,CONCATENATE(" (",BL17,IF(BM17>0,CONCATENATE(IF(BL17>0,",",""),BM17,"A"),""),")"),"")),"") | BN68: =IF(BK17="A", CONCATENATE($B17, IF(BL17+BM17>0,CONCATENATE(" (",BL17,IF(BM17>0,CONCATENATE(IF(BL17>0,",",""),BM17,"A"),""),")"),"")),"") | BO68: =IF(BO17="G", CONCATENATE($B17, IF(BP17+BQ17>0,CONCATENATE(" (",BP17,IF(BQ17>0,CONCATENATE(IF(BP17>0,",",""),BQ17,"A"),""),")"),"")),"") | BP68: =IF(BO17="D", CONCATENATE($B17, IF(BP17+BQ17>0,CONCATENATE(" (",BP17,IF(BQ17>0,CONCATENATE(IF(BP17>0,",",""),BQ17,"A"),""),")"),"")),"") | BQ68: =IF(BO17="M", CONCATENATE($B17, IF(BP17+BQ17>0,CONCATENATE(" (",BP17,IF(BQ17>0,CONCATENATE(IF(BP17>0,",",""),BQ17,"A"),""),")"),"")),"") | BR68: =IF(BO17="A", CONCATENATE($B17, IF(BP17+BQ17>0,CONCATENATE(" (",BP17,IF(BQ17>0,CONCATENATE(IF(BP17>0,",",""),BQ17,"A"),""),")"),"")),"") | BS68: =IF(BS17="G", CONCATENATE($B17, IF(BT17+BU17>0,CONCATENATE(" (",BT17,IF(BU17>0,CONCATENATE(IF(BT17>0,",",""),BU17,"A"),""),")"),"")),"") | BT68: =IF(BS17="D", CONCATENATE($B17, IF(BT17+BU17>0,CONCATENATE(" (",BT17,IF(BU17>0,CONCATENATE(IF(BT17>0,",",""),BU17,"A"),""),")"),"")),"") | BU68: =IF(BS17="M", CONCATENATE($B17, IF(BT17+BU17>0,CONCATENATE(" (",BT17,IF(BU17>0,CONCATENATE(IF(BT17>0,",",""),BU17,"A"),""),")"),"")),"") | BV68: =IF(BS17="A", CONCATENATE($B17, IF(BT17+BU17>0,CONCATENATE(" (",BT17,IF(BU17>0,CONCATENATE(IF(BT17>0,",",""),BU17,"A"),""),")"),"")),"") | BW68: =IF(BW17="G", CONCATENATE($B17, IF(BX17+BY17>0,CONCATENATE(" (",BX17,IF(BY17>0,CONCATENATE(IF(BX17>0,",",""),BY17,"A"),""),")"),"")),"") | BX68: =IF(BW17="D", CONCATENATE($B17, IF(BX17+BY17>0,CONCATENATE(" (",BX17,IF(BY17>0,CONCATENATE(IF(BX17>0,",",""),BY17,"A"),""),")"),"")),"") | BY68: =IF(BW17="M", CONCATENATE($B17, IF(BX17+BY17>0,CONCATENATE(" (",BX17,IF(BY17>0,CONCATENATE(IF(BX17>0,",",""),BY17,"A"),""),")"),"")),"") | BZ68: =IF(BW17="A", CONCATENATE($B17, IF(BX17+BY17>0,CONCATENATE(" (",BX17,IF(BY17>0,CONCATENATE(IF(BX17>0,",",""),BY17,"A"),""),")"),"")),"") | CA68: =IF(CA17="G", CONCATENATE($B17, IF(CB17+CC17>0,CONCATENATE(" (",CB17,IF(CC17>0,CONCATENATE(IF(CB17>0,",",""),CC17,"A"),""),")"),"")),"") | CB68: =IF(CA17="D", CONCATENATE($B17, IF(CB17+CC17>0,CONCATENATE(" (",CB17,IF(CC17>0,CONCATENATE(IF(CB17>0,",",""),CC17,"A"),""),")"),"")),"") | CC68: =IF(CA17="M", CONCATENATE($B17, IF(CB17+CC17>0,CONCATENATE(" (",CB17,IF(CC17>0,CONCATENATE(IF(CB17>0,",",""),CC17,"A"),""),")"),"")),"") | CD68: =IF(CA17="A", CONCATENATE($B17, IF(CB17+CC17>0,CONCATENATE(" (",CB17,IF(CC17>0,CONCATENATE(IF(CB17>0,",",""),CC17,"A"),""),")"),"")),"") | CE68: =IF(CE17="G", CONCATENATE($B17, IF(CF17+CG17>0,CONCATENATE(" (",CF17,IF(CG17>0,CONCATENATE(IF(CF17>0,",",""),CG17,"A"),""),")"),"")),"") | CF68: =IF(CE17="D", CONCATENATE($B17, IF(CF17+CG17>0,CONCATENATE(" (",CF17,IF(CG17>0,CONCATENATE(IF(CF17>0,",",""),CG17,"A"),""),")"),"")),"") | CG68: =IF(CE17="M", CONCATENATE($B17, IF(CF17+CG17>0,CONCATENATE(" (",CF17,IF(CG17>0,CONCATENATE(IF(CF17>0,",",""),CG17,"A"),""),")"),"")),"") | CH68: =IF(CE17="A", CONCATENATE($B17, IF(CF17+CG17>0,CONCATENATE(" (",CF17,IF(CG17>0,CONCATENATE(IF(CF17>0,",",""),CG17,"A"),""),")"),"")),"") | CI68: =IF(CI17="G", CONCATENATE($B17, IF(CJ17+CK17>0,CONCATENATE(" (",CJ17,IF(CK17>0,CONCATENATE(IF(CJ17>0,",",""),CK17,"A"),""),")"),"")),"") | CJ68: =IF(CI17="D", CONCATENATE($B17, IF(CJ17+CK17>0,CONCATENATE(" (",CJ17,IF(CK17>0,CONCATENATE(IF(CJ17>0,",",""),CK17,"A"),""),")"),"")),"") | CK68: =IF(CI17="M", CONCATENATE($B17, IF(CJ17+CK17>0,CONCATENATE(" (",CJ17,IF(CK17>0,CONCATENATE(IF(CJ17>0,",",""),CK17,"A"),""),")"),"")),"") | CL68: =IF(CI17="A", CONCATENATE($B17, IF(CJ17+CK17>0,CONCATENATE(" (",CJ17,IF(CK17>0,CONCATENATE(IF(CJ17>0,",",""),CK17,"A"),""),")"),"")),"")
E69: =E68+1 -> 9 | G69: =IF(G18="G", CONCATENATE($B18, IF(H18+I18>0,CONCATENATE(" (",H18,IF(I18>0,CONCATENATE(IF(H18>0,",",""),I18,"A"),""),")"),"")),"") | H69: =IF(G18="D", CONCATENATE($B18, IF(H18+I18>0,CONCATENATE(" (",H18,IF(I18>0,CONCATENATE(IF(H18>0,",",""),I18,"A"),""),")"),"")),"") | I69: =IF(G18="M", CONCATENATE($B18, IF(H18+I18>0,CONCATENATE(" (",H18,IF(I18>0,CONCATENATE(IF(H18>0,",",""),I18,"A"),""),")"),"")),"") | J69: =IF(G18="A", CONCATENATE($B18, IF(H18+I18>0,CONCATENATE(" (",H18,IF(I18>0,CONCATENATE(IF(H18>0,",",""),I18,"A"),""),")"),"")),"") | K69: =IF(K18="G", CONCATENATE($B18, IF(L18+M18>0,CONCATENATE(" (",L18,IF(M18>0,CONCATENATE(IF(L18>0,",",""),M18,"A"),""),")"),"")),"") | L69: =IF(K18="D", CONCATENATE($B18, IF(L18+M18>0,CONCATENATE(" (",L18,IF(M18>0,CONCATENATE(IF(L18>0,",",""),M18,"A"),""),")"),"")),"") | M69: =IF(K18="M", CONCATENATE($B18, IF(L18+M18>0,CONCATENATE(" (",L18,IF(M18>0,CONCATENATE(IF(L18>0,",",""),M18,"A"),""),")"),"")),"") -> Ben Colville (1) | N69: =IF(K18="A", CONCATENATE($B18, IF(L18+M18>0,CONCATENATE(" (",L18,IF(M18>0,CONCATENATE(IF(L18>0,",",""),M18,"A"),""),")"),"")),"") | O69: =IF(O18="G", CONCATENATE($B18, IF(P18+Q18>0,CONCATENATE(" (",P18,IF(Q18>0,CONCATENATE(IF(P18>0,",",""),Q18,"A"),""),")"),"")),"") | P69: =IF(O18="D", CONCATENATE($B18, IF(P18+Q18>0,CONCATENATE(" (",P18,IF(Q18>0,CONCATENATE(IF(P18>0,",",""),Q18,"A"),""),")"),"")),"") | Q69: =IF(O18="M", CONCATENATE($B18, IF(P18+Q18>0,CONCATENATE(" (",P18,IF(Q18>0,CONCATENATE(IF(P18>0,",",""),Q18,"A"),""),")"),"")),"") | R69: =IF(O18="A", CONCATENATE($B18, IF(P18+Q18>0,CONCATENATE(" (",P18,IF(Q18>0,CONCATENATE(IF(P18>0,",",""),Q18,"A"),""),")"),"")),"") | S69: =IF(S18="G", CONCATENATE($B18, IF(T18+U18>0,CONCATENATE(" (",T18,IF(U18>0,CONCATENATE(IF(T18>0,",",""),U18,"A"),""),")"),"")),"") | T69: =IF(S18="D", CONCATENATE($B18, IF(T18+U18>0,CONCATENATE(" (",T18,IF(U18>0,CONCATENATE(IF(T18>0,",",""),U18,"A"),""),")"),"")),"") | U69: =IF(S18="M", CONCATENATE($B18, IF(T18+U18>0,CONCATENATE(" (",T18,IF(U18>0,CONCATENATE(IF(T18>0,",",""),U18,"A"),""),")"),"")),"") | V69: =IF(S18="A", CONCATENATE($B18, IF(T18+U18>0,CONCATENATE(" (",T18,IF(U18>0,CONCATENATE(IF(T18>0,",",""),U18,"A"),""),")"),"")),"") | W69: =IF(W18="G", CONCATENATE($B18, IF(X18+Y18>0,CONCATENATE(" (",X18,IF(Y18>0,CONCATENATE(IF(X18>0,",",""),Y18,"A"),""),")"),"")),"") | X69: =IF(W18="D", CONCATENATE($B18, IF(X18+Y18>0,CONCATENATE(" (",X18,IF(Y18>0,CONCATENATE(IF(X18>0,",",""),Y18,"A"),""),")"),"")),"") | Y69: =IF(W18="M", CONCATENATE($B18, IF(X18+Y18>0,CONCATENATE(" (",X18,IF(Y18>0,CONCATENATE(IF(X18>0,",",""),Y18,"A"),""),")"),"")),"") | Z69: =IF(W18="A", CONCATENATE($B18, IF(X18+Y18>0,CONCATENATE(" (",X18,IF(Y18>0,CONCATENATE(IF(X18>0,",",""),Y18,"A"),""),")"),"")),"") | AA69: =IF(AA18="G", CONCATENATE($B18, IF(AB18+AC18>0,CONCATENATE(" (",AB18,IF(AC18>0,CONCATENATE(IF(AB18>0,",",""),AC18,"A"),""),")"),"")),"") | AB69: =IF(AA18="D", CONCATENATE($B18, IF(AB18+AC18>0,CONCATENATE(" (",AB18,IF(AC18>0,CONCATENATE(IF(AB18>0,",",""),AC18,"A"),""),")"),"")),"") | AC69: =IF(AA18="M", CONCATENATE($B18, IF(AB18+AC18>0,CONCATENATE(" (",AB18,IF(AC18>0,CONCATENATE(IF(AB18>0,",",""),AC18,"A"),""),")"),"")),"") | AD69: =IF(AA18="A", CONCATENATE($B18, IF(AB18+AC18>0,CONCATENATE(" (",AB18,IF(AC18>0,CONCATENATE(IF(AB18>0,",",""),AC18,"A"),""),")"),"")),"") | AE69: =IF(AE18="G", CONCATENATE($B18, IF(AF18+AG18>0,CONCATENATE(" (",AF18,IF(AG18>0,CONCATENATE(IF(AF18>0,",",""),AG18,"A"),""),")"),"")),"") | AF69: =IF(AE18="D", CONCATENATE($B18, IF(AF18+AG18>0,CONCATENATE(" (",AF18,IF(AG18>0,CONCATENATE(IF(AF18>0,",",""),AG18,"A"),""),")"),"")),"") | AG69: =IF(AE18="M", CONCATENATE($B18, IF(AF18+AG18>0,CONCATENATE(" (",AF18,IF(AG18>0,CONCATENATE(IF(AF18>0,",",""),AG18,"A"),""),")"),"")),"") | AH69: =IF(AE18="A", CONCATENATE($B18, IF(AF18+AG18>0,CONCATENATE(" (",AF18,IF(AG18>0,CONCATENATE(IF(AF18>0,",",""),AG18,"A"),""),")"),"")),"") | AI69: =IF(AI19="G", CONCATENATE($B18, IF(AJ18+AK18>0,CONCATENATE(" (",AJ18,IF(AK18>0,CONCATENATE(IF(AJ18>0,",",""),AK18,"A"),""),")"),"")),"") | AJ69: =IF(AI19="D", CONCATENATE($B18, IF(AJ18+AK18>0,CONCATENATE(" (",AJ18,IF(AK18>0,CONCATENATE(IF(AJ18>0,",",""),AK18,"A"),""),")"),"")),"") -> Ben Colville | AK69: =IF(AI19="M", CONCATENATE($B18, IF(AJ18+AK18>0,CONCATENATE(" (",AJ18,IF(AK18>0,CONCATENATE(IF(AJ18>0,",",""),AK18,"A"),""),")"),"")),"") | AL69: =IF(AI19="A", CONCATENATE($B18, IF(AJ18+AK18>0,CONCATENATE(" (",AJ18,IF(AK18>0,CONCATENATE(IF(AJ18>0,",",""),AK18,"A"),""),")"),"")),"") | AM69: =IF(AM18="G", CONCATENATE($B18, IF(AN18+AO18>0,CONCATENATE(" (",AN18,IF(AO18>0,CONCATENATE(IF(AN18>0,",",""),AO18,"A"),""),")"),"")),"") | AN69: =IF(AM18="D", CONCATENATE($B18, IF(AN18+AO18>0,CONCATENATE(" (",AN18,IF(AO18>0,CONCATENATE(IF(AN18>0,",",""),AO18,"A"),""),")"),"")),"") | AO69: =IF(AM18="M", CONCATENATE($B18, IF(AN18+AO18>0,CONCATENATE(" (",AN18,IF(AO18>0,CONCATENATE(IF(AN18>0,",",""),AO18,"A"),""),")"),"")),"") | AP69: =IF(AM18="A", CONCATENATE($B18, IF(AN18+AO18>0,CONCATENATE(" (",AN18,IF(AO18>0,CONCATENATE(IF(AN18>0,",",""),AO18,"A"),""),")"),"")),"") | AQ69: =IF(AQ18="G", CONCATENATE($B18, IF(AR18+AS18>0,CONCATENATE(" (",AR18,IF(AS18>0,CONCATENATE(IF(AR18>0,",",""),AS18,"A"),""),")"),"")),"") | AR69: =IF(AQ18="D", CONCATENATE($B18, IF(AR18+AS18>0,CONCATENATE(" (",AR18,IF(AS18>0,CONCATENATE(IF(AR18>0,",",""),AS18,"A"),""),")"),"")),"") | AS69: =IF(AQ18="M", CONCATENATE($B18, IF(AR18+AS18>0,CONCATENATE(" (",AR18,IF(AS18>0,CONCATENATE(IF(AR18>0,",",""),AS18,"A"),""),")"),"")),"") | AT69: =IF(AQ18="A", CONCATENATE($B18, IF(AR18+AS18>0,CONCATENATE(" (",AR18,IF(AS18>0,CONCATENATE(IF(AR18>0,",",""),AS18,"A"),""),")"),"")),"") | AU69: =IF(AU18="G", CONCATENATE($B18, IF(AV18+AW18>0,CONCATENATE(" (",AV18,IF(AW18>0,CONCATENATE(IF(AV18>0,",",""),AW18,"A"),""),")"),"")),"") | AV69: =IF(AU18="D", CONCATENATE($B18, IF(AV18+AW18>0,CONCATENATE(" (",AV18,IF(AW18>0,CONCATENATE(IF(AV18>0,",",""),AW18,"A"),""),")"),"")),"") | AW69: =IF(AU18="M", CONCATENATE($B18, IF(AV18+AW18>0,CONCATENATE(" (",AV18,IF(AW18>0,CONCATENATE(IF(AV18>0,",",""),AW18,"A"),""),")"),"")),"") | AX69: =IF(AU18="A", CONCATENATE($B18, IF(AV18+AW18>0,CONCATENATE(" (",AV18,IF(AW18>0,CONCATENATE(IF(AV18>0,",",""),AW18,"A"),""),")"),"")),"") | AY69: =IF(AY18="G", CONCATENATE($B18, IF(AZ18+BA18>0,CONCATENATE(" (",AZ18,IF(BA18>0,CONCATENATE(IF(AZ18>0,",",""),BA18,"A"),""),")"),"")),"") | AZ69: =IF(AY18="D", CONCATENATE($B18, IF(AZ18+BA18>0,CONCATENATE(" (",AZ18,IF(BA18>0,CONCATENATE(IF(AZ18>0,",",""),BA18,"A"),""),")"),"")),"") | BA69: =IF(AY18="M", CONCATENATE($B18, IF(AZ18+BA18>0,CONCATENATE(" (",AZ18,IF(BA18>0,CONCATENATE(IF(AZ18>0,",",""),BA18,"A"),""),")"),"")),"") | BB69: =IF(AY18="A", CONCATENATE($B18, IF(AZ18+BA18>0,CONCATENATE(" (",AZ18,IF(BA18>0,CONCATENATE(IF(AZ18>0,",",""),BA18,"A"),""),")"),"")),"") | BC69: =IF(BC18="G", CONCATENATE($B18, IF(BD18+BE18>0,CONCATENATE(" (",BD18,IF(BE18>0,CONCATENATE(IF(BD18>0,",",""),BE18,"A"),""),")"),"")),"") | BD69: =IF(BC18="D", CONCATENATE($B18, IF(BD18+BE18>0,CONCATENATE(" (",BD18,IF(BE18>0,CONCATENATE(IF(BD18>0,",",""),BE18,"A"),""),")"),"")),"") | BE69: =IF(BC18="M", CONCATENATE($B18, IF(BD18+BE18>0,CONCATENATE(" (",BD18,IF(BE18>0,CONCATENATE(IF(BD18>0,",",""),BE18,"A"),""),")"),"")),"") | BF69: =IF(BC18="A", CONCATENATE($B18, IF(BD18+BE18>0,CONCATENATE(" (",BD18,IF(BE18>0,CONCATENATE(IF(BD18>0,",",""),BE18,"A"),""),")"),"")),"") | BG69: =IF(BG18="G", CONCATENATE($B18, IF(BH18+BI18>0,CONCATENATE(" (",BH18,IF(BI18>0,CONCATENATE(IF(BH18>0,",",""),BI18,"A"),""),")"),"")),"") | BH69: =IF(BG18="D", CONCATENATE($B18, IF(BH18+BI18>0,CONCATENATE(" (",BH18,IF(BI18>0,CONCATENATE(IF(BH18>0,",",""),BI18,"A"),""),")"),"")),"") | BI69: =IF(BG18="M", CONCATENATE($B18, IF(BH18+BI18>0,CONCATENATE(" (",BH18,IF(BI18>0,CONCATENATE(IF(BH18>0,",",""),BI18,"A"),""),")"),"")),"") | BJ69: =IF(BG18="A", CONCATENATE($B18, IF(BH18+BI18>0,CONCATENATE(" (",BH18,IF(BI18>0,CONCATENATE(IF(BH18>0,",",""),BI18,"A"),""),")"),"")),"") | BK69: =IF(BK18="G", CONCATENATE($B18, IF(BL18+BM18>0,CONCATENATE(" (",BL18,IF(BM18>0,CONCATENATE(IF(BL18>0,",",""),BM18,"A"),""),")"),"")),"") | BL69: =IF(BK18="D", CONCATENATE($B18, IF(BL18+BM18>0,CONCATENATE(" (",BL18,IF(BM18>0,CONCATENATE(IF(BL18>0,",",""),BM18,"A"),""),")"),"")),"") | BM69: =IF(BK18="M", CONCATENATE($B18, IF(BL18+BM18>0,CONCATENATE(" (",BL18,IF(BM18>0,CONCATENATE(IF(BL18>0,",",""),BM18,"A"),""),")"),"")),"") | BN69: =IF(BK18="A", CONCATENATE($B18, IF(BL18+BM18>0,CONCATENATE(" (",BL18,IF(BM18>0,CONCATENATE(IF(BL18>0,",",""),BM18,"A"),""),")"),"")),"") | BO69: =IF(BO18="G", CONCATENATE($B18, IF(BP18+BQ18>0,CONCATENATE(" (",BP18,IF(BQ18>0,CONCATENATE(IF(BP18>0,",",""),BQ18,"A"),""),")"),"")),"") | BP69: =IF(BO18="D", CONCATENATE($B18, IF(BP18+BQ18>0,CONCATENATE(" (",BP18,IF(BQ18>0,CONCATENATE(IF(BP18>0,",",""),BQ18,"A"),""),")"),"")),"") | BQ69: =IF(BO18="M", CONCATENATE($B18, IF(BP18+BQ18>0,CONCATENATE(" (",BP18,IF(BQ18>0,CONCATENATE(IF(BP18>0,",",""),BQ18,"A"),""),")"),"")),"") | BR69: =IF(BO18="A", CONCATENATE($B18, IF(BP18+BQ18>0,CONCATENATE(" (",BP18,IF(BQ18>0,CONCATENATE(IF(BP18>0,",",""),BQ18,"A"),""),")"),"")),"") | BS69: =IF(BS18="G", CONCATENATE($B18, IF(BT18+BU18>0,CONCATENATE(" (",BT18,IF(BU18>0,CONCATENATE(IF(BT18>0,",",""),BU18,"A"),""),")"),"")),"") | BT69: =IF(BS18="D", CONCATENATE($B18, IF(BT18+BU18>0,CONCATENATE(" (",BT18,IF(BU18>0,CONCATENATE(IF(BT18>0,",",""),BU18,"A"),""),")"),"")),"") | BU69: =IF(BS18="M", CONCATENATE($B18, IF(BT18+BU18>0,CONCATENATE(" (",BT18,IF(BU18>0,CONCATENATE(IF(BT18>0,",",""),BU18,"A"),""),")"),"")),"") | BV69: =IF(BS18="A", CONCATENATE($B18, IF(BT18+BU18>0,CONCATENATE(" (",BT18,IF(BU18>0,CONCATENATE(IF(BT18>0,",",""),BU18,"A"),""),")"),"")),"") | BW69: =IF(BW18="G", CONCATENATE($B18, IF(BX18+BY18>0,CONCATENATE(" (",BX18,IF(BY18>0,CONCATENATE(IF(BX18>0,",",""),BY18,"A"),""),")"),"")),"") | BX69: =IF(BW18="D", CONCATENATE($B18, IF(BX18+BY18>0,CONCATENATE(" (",BX18,IF(BY18>0,CONCATENATE(IF(BX18>0,",",""),BY18,"A"),""),")"),"")),"") | BY69: =IF(BW18="M", CONCATENATE($B18, IF(BX18+BY18>0,CONCATENATE(" (",BX18,IF(BY18>0,CONCATENATE(IF(BX18>0,",",""),BY18,"A"),""),")"),"")),"") | BZ69: =IF(BW18="A", CONCATENATE($B18, IF(BX18+BY18>0,CONCATENATE(" (",BX18,IF(BY18>0,CONCATENATE(IF(BX18>0,",",""),BY18,"A"),""),")"),"")),"") | CA69: =IF(CA18="G", CONCATENATE($B18, IF(CB18+CC18>0,CONCATENATE(" (",CB18,IF(CC18>0,CONCATENATE(IF(CB18>0,",",""),CC18,"A"),""),")"),"")),"") | CB69: =IF(CA18="D", CONCATENATE($B18, IF(CB18+CC18>0,CONCATENATE(" (",CB18,IF(CC18>0,CONCATENATE(IF(CB18>0,",",""),CC18,"A"),""),")"),"")),"") | CC69: =IF(CA18="M", CONCATENATE($B18, IF(CB18+CC18>0,CONCATENATE(" (",CB18,IF(CC18>0,CONCATENATE(IF(CB18>0,",",""),CC18,"A"),""),")"),"")),"") | CD69: =IF(CA18="A", CONCATENATE($B18, IF(CB18+CC18>0,CONCATENATE(" (",CB18,IF(CC18>0,CONCATENATE(IF(CB18>0,",",""),CC18,"A"),""),")"),"")),"") | CE69: =IF(CE18="G", CONCATENATE($B18, IF(CF18+CG18>0,CONCATENATE(" (",CF18,IF(CG18>0,CONCATENATE(IF(CF18>0,",",""),CG18,"A"),""),")"),"")),"") | CF69: =IF(CE18="D", CONCATENATE($B18, IF(CF18+CG18>0,CONCATENATE(" (",CF18,IF(CG18>0,CONCATENATE(IF(CF18>0,",",""),CG18,"A"),""),")"),"")),"") | CG69: =IF(CE18="M", CONCATENATE($B18, IF(CF18+CG18>0,CONCATENATE(" (",CF18,IF(CG18>0,CONCATENATE(IF(CF18>0,",",""),CG18,"A"),""),")"),"")),"") | CH69: =IF(CE18="A", CONCATENATE($B18, IF(CF18+CG18>0,CONCATENATE(" (",CF18,IF(CG18>0,CONCATENATE(IF(CF18>0,",",""),CG18,"A"),""),")"),"")),"") | CI69: =IF(CI18="G", CONCATENATE($B18, IF(CJ18+CK18>0,CONCATENATE(" (",CJ18,IF(CK18>0,CONCATENATE(IF(CJ18>0,",",""),CK18,"A"),""),")"),"")),"") | CJ69: =IF(CI18="D", CONCATENATE($B18, IF(CJ18+CK18>0,CONCATENATE(" (",CJ18,IF(CK18>0,CONCATENATE(IF(CJ18>0,",",""),CK18,"A"),""),")"),"")),"") | CK69: =IF(CI18="M", CONCATENATE($B18, IF(CJ18+CK18>0,CONCATENATE(" (",CJ18,IF(CK18>0,CONCATENATE(IF(CJ18>0,",",""),CK18,"A"),""),")"),"")),"") | CL69: =IF(CI18="A", CONCATENATE($B18, IF(CJ18+CK18>0,CONCATENATE(" (",CJ18,IF(CK18>0,CONCATENATE(IF(CJ18>0,",",""),CK18,"A"),""),")"),"")),"")
E70: =E69+1 -> 10 | G70: =IF(G19="G", CONCATENATE($B19, IF(H19+I19>0,CONCATENATE(" (",H19,IF(I19>0,CONCATENATE(IF(H19>0,",",""),I19,"A"),""),")"),"")),"") | H70: =IF(G19="D", CONCATENATE($B19, IF(H19+I19>0,CONCATENATE(" (",H19,IF(I19>0,CONCATENATE(IF(H19>0,",",""),I19,"A"),""),")"),"")),"") | I70: =IF(G19="M", CONCATENATE($B19, IF(H19+I19>0,CONCATENATE(" (",H19,IF(I19>0,CONCATENATE(IF(H19>0,",",""),I19,"A"),""),")"),"")),"") | J70: =IF(G19="A", CONCATENATE($B19, IF(H19+I19>0,CONCATENATE(" (",H19,IF(I19>0,CONCATENATE(IF(H19>0,",",""),I19,"A"),""),")"),"")),"") | K70: =IF(K19="G", CONCATENATE($B19, IF(L19+M19>0,CONCATENATE(" (",L19,IF(M19>0,CONCATENATE(IF(L19>0,",",""),M19,"A"),""),")"),"")),"") | L70: =IF(K19="D", CONCATENATE($B19, IF(L19+M19>0,CONCATENATE(" (",L19,IF(M19>0,CONCATENATE(IF(L19>0,",",""),M19,"A"),""),")"),"")),"") | M70: =IF(K19="M", CONCATENATE($B19, IF(L19+M19>0,CONCATENATE(" (",L19,IF(M19>0,CONCATENATE(IF(L19>0,",",""),M19,"A"),""),")"),"")),"") | N70: =IF(K19="A", CONCATENATE($B19, IF(L19+M19>0,CONCATENATE(" (",L19,IF(M19>0,CONCATENATE(IF(L19>0,",",""),M19,"A"),""),")"),"")),"") | O70: =IF(O19="G", CONCATENATE($B19, IF(P19+Q19>0,CONCATENATE(" (",P19,IF(Q19>0,CONCATENATE(IF(P19>0,",",""),Q19,"A"),""),")"),"")),"") | P70: =IF(O19="D", CONCATENATE($B19, IF(P19+Q19>0,CONCATENATE(" (",P19,IF(Q19>0,CONCATENATE(IF(P19>0,",",""),Q19,"A"),""),")"),"")),"") | Q70: =IF(O19="M", CONCATENATE($B19, IF(P19+Q19>0,CONCATENATE(" (",P19,IF(Q19>0,CONCATENATE(IF(P19>0,",",""),Q19,"A"),""),")"),"")),"") | R70: =IF(O19="A", CONCATENATE($B19, IF(P19+Q19>0,CONCATENATE(" (",P19,IF(Q19>0,CONCATENATE(IF(P19>0,",",""),Q19,"A"),""),")"),"")),"") | S70: =IF(S19="G", CONCATENATE($B19, IF(T19+U19>0,CONCATENATE(" (",T19,IF(U19>0,CONCATENATE(IF(T19>0,",",""),U19,"A"),""),")"),"")),"") | T70: =IF(S19="D", CONCATENATE($B19, IF(T19+U19>0,CONCATENATE(" (",T19,IF(U19>0,CONCATENATE(IF(T19>0,",",""),U19,"A"),""),")"),"")),"") | U70: =IF(S19="M", CONCATENATE($B19, IF(T19+U19>0,CONCATENATE(" (",T19,IF(U19>0,CONCATENATE(IF(T19>0,",",""),U19,"A"),""),")"),"")),"") | V70: =IF(S19="A", CONCATENATE($B19, IF(T19+U19>0,CONCATENATE(" (",T19,IF(U19>0,CONCATENATE(IF(T19>0,",",""),U19,"A"),""),")"),"")),"") | W70: =IF(W19="G", CONCATENATE($B19, IF(X19+Y19>0,CONCATENATE(" (",X19,IF(Y19>0,CONCATENATE(IF(X19>0,",",""),Y19,"A"),""),")"),"")),"") | X70: =IF(W19="D", CONCATENATE($B19, IF(X19+Y19>0,CONCATENATE(" (",X19,IF(Y19>0,CONCATENATE(IF(X19>0,",",""),Y19,"A"),""),")"),"")),"") | Y70: =IF(W19="M", CONCATENATE($B19, IF(X19+Y19>0,CONCATENATE(" (",X19,IF(Y19>0,CONCATENATE(IF(X19>0,",",""),Y19,"A"),""),")"),"")),"") | Z70: =IF(W19="A", CONCATENATE($B19, IF(X19+Y19>0,CONCATENATE(" (",X19,IF(Y19>0,CONCATENATE(IF(X19>0,",",""),Y19,"A"),""),")"),"")),"") | AA70: =IF(AA19="G", CONCATENATE($B19, IF(AB19+AC19>0,CONCATENATE(" (",AB19,IF(AC19>0,CONCATENATE(IF(AB19>0,",",""),AC19,"A"),""),")"),"")),"") | AB70: =IF(AA19="D", CONCATENATE($B19, IF(AB19+AC19>0,CONCATENATE(" (",AB19,IF(AC19>0,CONCATENATE(IF(AB19>0,",",""),AC19,"A"),""),")"),"")),"") | AC70: =IF(AA19="M", CONCATENATE($B19, IF(AB19+AC19>0,CONCATENATE(" (",AB19,IF(AC19>0,CONCATENATE(IF(AB19>0,",",""),AC19,"A"),""),")"),"")),"") | AD70: =IF(AA19="A", CONCATENATE($B19, IF(AB19+AC19>0,CONCATENATE(" (",AB19,IF(AC19>0,CONCATENATE(IF(AB19>0,",",""),AC19,"A"),""),")"),"")),"") | AE70: =IF(AE19="G", CONCATENATE($B19, IF(AF19+AG19>0,CONCATENATE(" (",AF19,IF(AG19>0,CONCATENATE(IF(AF19>0,",",""),AG19,"A"),""),")"),"")),"") | AF70: =IF(AE19="D", CONCATENATE($B19, IF(AF19+AG19>0,CONCATENATE(" (",AF19,IF(AG19>0,CONCATENATE(IF(AF19>0,",",""),AG19,"A"),""),")"),"")),"") | AG70: =IF(AE19="M", CONCATENATE($B19, IF(AF19+AG19>0,CONCATENATE(" (",AF19,IF(AG19>0,CONCATENATE(IF(AF19>0,",",""),AG19,"A"),""),")"),"")),"") | AH70: =IF(AE19="A", CONCATENATE($B19, IF(AF19+AG19>0,CONCATENATE(" (",AF19,IF(AG19>0,CONCATENATE(IF(AF19>0,",",""),AG19,"A"),""),")"),"")),"") | AI70: =IF(#REF!="G", CONCATENATE($B19, IF(AJ19+AK19>0,CONCATENATE(" (",AJ19,IF(AK19>0,CONCATENATE(IF(AJ19>0,",",""),AK19,"A"),""),")"),"")),"") -> #REF! | AJ70: =IF(#REF!="D", CONCATENATE($B19, IF(AJ19+AK19>0,CONCATENATE(" (",AJ19,IF(AK19>0,CONCATENATE(IF(AJ19>0,",",""),AK19,"A"),""),")"),"")),"") -> #REF! | AK70: =IF(#REF!="M", CONCATENATE($B19, IF(AJ19+AK19>0,CONCATENATE(" (",AJ19,IF(AK19>0,CONCATENATE(IF(AJ19>0,",",""),AK19,"A"),""),")"),"")),"") -> #REF! | AL70: =IF(#REF!="A", CONCATENATE($B19, IF(AJ19+AK19>0,CONCATENATE(" (",AJ19,IF(AK19>0,CONCATENATE(IF(AJ19>0,",",""),AK19,"A"),""),")"),"")),"") -> #REF! | AM70: =IF(AM19="G", CONCATENATE($B19, IF(AN19+AO19>0,CONCATENATE(" (",AN19,IF(AO19>0,CONCATENATE(IF(AN19>0,",",""),AO19,"A"),""),")"),"")),"") | AN70: =IF(AM19="D", CONCATENATE($B19, IF(AN19+AO19>0,CONCATENATE(" (",AN19,IF(AO19>0,CONCATENATE(IF(AN19>0,",",""),AO19,"A"),""),")"),"")),"") | AO70: =IF(AM19="M", CONCATENATE($B19, IF(AN19+AO19>0,CONCATENATE(" (",AN19,IF(AO19>0,CONCATENATE(IF(AN19>0,",",""),AO19,"A"),""),")"),"")),"") | AP70: =IF(AM19="A", CONCATENATE($B19, IF(AN19+AO19>0,CONCATENATE(" (",AN19,IF(AO19>0,CONCATENATE(IF(AN19>0,",",""),AO19,"A"),""),")"),"")),"") | AQ70: =IF(AQ19="G", CONCATENATE($B19, IF(AR19+AS19>0,CONCATENATE(" (",AR19,IF(AS19>0,CONCATENATE(IF(AR19>0,",",""),AS19,"A"),""),")"),"")),"") | AR70: =IF(AQ19="D", CONCATENATE($B19, IF(AR19+AS19>0,CONCATENATE(" (",AR19,IF(AS19>0,CONCATENATE(IF(AR19>0,",",""),AS19,"A"),""),")"),"")),"") | AS70: =IF(AQ19="M", CONCATENATE($B19, IF(AR19+AS19>0,CONCATENATE(" (",AR19,IF(AS19>0,CONCATENATE(IF(AR19>0,",",""),AS19,"A"),""),")"),"")),"") | AT70: =IF(AQ19="A", CONCATENATE($B19, IF(AR19+AS19>0,CONCATENATE(" (",AR19,IF(AS19>0,CONCATENATE(IF(AR19>0,",",""),AS19,"A"),""),")"),"")),"") | AU70: =IF(AU19="G", CONCATENATE($B19, IF(AV19+AW19>0,CONCATENATE(" (",AV19,IF(AW19>0,CONCATENATE(IF(AV19>0,",",""),AW19,"A"),""),")"),"")),"") | AV70: =IF(AU19="D", CONCATENATE($B19, IF(AV19+AW19>0,CONCATENATE(" (",AV19,IF(AW19>0,CONCATENATE(IF(AV19>0,",",""),AW19,"A"),""),")"),"")),"") -> Dave Copple | AW70: =IF(AU19="M", CONCATENATE($B19, IF(AV19+AW19>0,CONCATENATE(" (",AV19,IF(AW19>0,CONCATENATE(IF(AV19>0,",",""),AW19,"A"),""),")"),"")),"") | AX70: =IF(AU19="A", CONCATENATE($B19, IF(AV19+AW19>0,CONCATENATE(" (",AV19,IF(AW19>0,CONCATENATE(IF(AV19>0,",",""),AW19,"A"),""),")"),"")),"") | AY70: =IF(AY19="G", CONCATENATE($B19, IF(AZ19+BA19>0,CONCATENATE(" (",AZ19,IF(BA19>0,CONCATENATE(IF(AZ19>0,",",""),BA19,"A"),""),")"),"")),"") | AZ70: =IF(AY19="D", CONCATENATE($B19, IF(AZ19+BA19>0,CONCATENATE(" (",AZ19,IF(BA19>0,CONCATENATE(IF(AZ19>0,",",""),BA19,"A"),""),")"),"")),"") -> Dave Copple | BA70: =IF(AY19="M", CONCATENATE($B19, IF(AZ19+BA19>0,CONCATENATE(" (",AZ19,IF(BA19>0,CONCATENATE(IF(AZ19>0,",",""),BA19,"A"),""),")"),"")),"") | BB70: =IF(AY19="A", CONCATENATE($B19, IF(AZ19+BA19>0,CONCATENATE(" (",AZ19,IF(BA19>0,CONCATENATE(IF(AZ19>0,",",""),BA19,"A"),""),")"),"")),"") | BC70: =IF(BC19="G", CONCATENATE($B19, IF(BD19+BE19>0,CONCATENATE(" (",BD19,IF(BE19>0,CONCATENATE(IF(BD19>0,",",""),BE19,"A"),""),")"),"")),"") | BD70: =IF(BC19="D", CONCATENATE($B19, IF(BD19+BE19>0,CONCATENATE(" (",BD19,IF(BE19>0,CONCATENATE(IF(BD19>0,",",""),BE19,"A"),""),")"),"")),"") | BE70: =IF(BC19="M", CONCATENATE($B19, IF(BD19+BE19>0,CONCATENATE(" (",BD19,IF(BE19>0,CONCATENATE(IF(BD19>0,",",""),BE19,"A"),""),")"),"")),"") | BF70: =IF(BC19="A", CONCATENATE($B19, IF(BD19+BE19>0,CONCATENATE(" (",BD19,IF(BE19>0,CONCATENATE(IF(BD19>0,",",""),BE19,"A"),""),")"),"")),"") | BG70: =IF(BG19="G", CONCATENATE($B19, IF(BH19+BI19>0,CONCATENATE(" (",BH19,IF(BI19>0,CONCATENATE(IF(BH19>0,",",""),BI19,"A"),""),")"),"")),"") | BH70: =IF(BG19="D", CONCATENATE($B19, IF(BH19+BI19>0,CONCATENATE(" (",BH19,IF(BI19>0,CONCATENATE(IF(BH19>0,",",""),BI19,"A"),""),")"),"")),"") | BI70: =IF(BG19="M", CONCATENATE($B19, IF(BH19+BI19>0,CONCATENATE(" (",BH19,IF(BI19>0,CONCATENATE(IF(BH19>0,",",""),BI19,"A"),""),")"),"")),"") | BJ70: =IF(BG19="A", CONCATENATE($B19, IF(BH19+BI19>0,CONCATENATE(" (",BH19,IF(BI19>0,CONCATENATE(IF(BH19>0,",",""),BI19,"A"),""),")"),"")),"") | BK70: =IF(BK19="G", CONCATENATE($B19, IF(BL19+BM19>0,CONCATENATE(" (",BL19,IF(BM19>0,CONCATENATE(IF(BL19>0,",",""),BM19,"A"),""),")"),"")),"") | BL70: =IF(BK19="D", CONCATENATE($B19, IF(BL19+BM19>0,CONCATENATE(" (",BL19,IF(BM19>0,CONCATENATE(IF(BL19>0,",",""),BM19,"A"),""),")"),"")),"") | BM70: =IF(BK19="M", CONCATENATE($B19, IF(BL19+BM19>0,CONCATENATE(" (",BL19,IF(BM19>0,CONCATENATE(IF(BL19>0,",",""),BM19,"A"),""),")"),"")),"") | BN70: =IF(BK19="A", CONCATENATE($B19, IF(BL19+BM19>0,CONCATENATE(" (",BL19,IF(BM19>0,CONCATENATE(IF(BL19>0,",",""),BM19,"A"),""),")"),"")),"") | BO70: =IF(BO19="G", CONCATENATE($B19, IF(BP19+BQ19>0,CONCATENATE(" (",BP19,IF(BQ19>0,CONCATENATE(IF(BP19>0,",",""),BQ19,"A"),""),")"),"")),"") | BP70: =IF(BO19="D", CONCATENATE($B19, IF(BP19+BQ19>0,CONCATENATE(" (",BP19,IF(BQ19>0,CONCATENATE(IF(BP19>0,",",""),BQ19,"A"),""),")"),"")),"") -> Dave Copple | BQ70: =IF(BO19="M", CONCATENATE($B19, IF(BP19+BQ19>0,CONCATENATE(" (",BP19,IF(BQ19>0,CONCATENATE(IF(BP19>0,",",""),BQ19,"A"),""),")"),"")),"") | BR70: =IF(BO19="A", CONCATENATE($B19, IF(BP19+BQ19>0,CONCATENATE(" (",BP19,IF(BQ19>0,CONCATENATE(IF(BP19>0,",",""),BQ19,"A"),""),")"),"")),"") | BS70: =IF(BS19="G", CONCATENATE($B19, IF(BT19+BU19>0,CONCATENATE(" (",BT19,IF(BU19>0,CONCATENATE(IF(BT19>0,",",""),BU19,"A"),""),")"),"")),"") | BT70: =IF(BS19="D", CONCATENATE($B19, IF(BT19+BU19>0,CONCATENATE(" (",BT19,IF(BU19>0,CONCATENATE(IF(BT19>0,",",""),BU19,"A"),""),")"),"")),"") -> Dave Copple | BU70: =IF(BS19="M", CONCATENATE($B19, IF(BT19+BU19>0,CONCATENATE(" (",BT19,IF(BU19>0,CONCATENATE(IF(BT19>0,",",""),BU19,"A"),""),")"),"")),"") | BV70: =IF(BS19="A", CONCATENATE($B19, IF(BT19+BU19>0,CONCATENATE(" (",BT19,IF(BU19>0,CONCATENATE(IF(BT19>0,",",""),BU19,"A"),""),")"),"")),"") | BW70: =IF(BW19="G", CONCATENATE($B19, IF(BX19+BY19>0,CONCATENATE(" (",BX19,IF(BY19>0,CONCATENATE(IF(BX19>0,",",""),BY19,"A"),""),")"),"")),"") | BX70: =IF(BW19="D", CONCATENATE($B19, IF(BX19+BY19>0,CONCATENATE(" (",BX19,IF(BY19>0,CONCATENATE(IF(BX19>0,",",""),BY19,"A"),""),")"),"")),"") | BY70: =IF(BW19="M", CONCATENATE($B19, IF(BX19+BY19>0,CONCATENATE(" (",BX19,IF(BY19>0,CONCATENATE(IF(BX19>0,",",""),BY19,"A"),""),")"),"")),"") | BZ70: =IF(BW19="A", CONCATENATE($B19, IF(BX19+BY19>0,CONCATENATE(" (",BX19,IF(BY19>0,CONCATENATE(IF(BX19>0,",",""),BY19,"A"),""),")"),"")),"") | CA70: =IF(CA19="G", CONCATENATE($B19, IF(CB19+CC19>0,CONCATENATE(" (",CB19,IF(CC19>0,CONCATENATE(IF(CB19>0,",",""),CC19,"A"),""),")"),"")),"") | CB70: =IF(CA19="D", CONCATENATE($B19, IF(CB19+CC19>0,CONCATENATE(" (",CB19,IF(CC19>0,CONCATENATE(IF(CB19>0,",",""),CC19,"A"),""),")"),"")),"") | CC70: =IF(CA19="M", CONCATENATE($B19, IF(CB19+CC19>0,CONCATENATE(" (",CB19,IF(CC19>0,CONCATENATE(IF(CB19>0,",",""),CC19,"A"),""),")"),"")),"") | CD70: =IF(CA19="A", CONCATENATE($B19, IF(CB19+CC19>0,CONCATENATE(" (",CB19,IF(CC19>0,CONCATENATE(IF(CB19>0,",",""),CC19,"A"),""),")"),"")),"") | CE70: =IF(CE19="G", CONCATENATE($B19, IF(CF19+CG19>0,CONCATENATE(" (",CF19,IF(CG19>0,CONCATENATE(IF(CF19>0,",",""),CG19,"A"),""),")"),"")),"") | CF70: =IF(CE19="D", CONCATENATE($B19, IF(CF19+CG19>0,CONCATENATE(" (",CF19,IF(CG19>0,CONCATENATE(IF(CF19>0,",",""),CG19,"A"),""),")"),"")),"") | CG70: =IF(CE19="M", CONCATENATE($B19, IF(CF19+CG19>0,CONCATENATE(" (",CF19,IF(CG19>0,CONCATENATE(IF(CF19>0,",",""),CG19,"A"),""),")"),"")),"") | CH70: =IF(CE19="A", CONCATENATE($B19, IF(CF19+CG19>0,CONCATENATE(" (",CF19,IF(CG19>0,CONCATENATE(IF(CF19>0,",",""),CG19,"A"),""),")"),"")),"") | CI70: =IF(CI19="G", CONCATENATE($B19, IF(CJ19+CK19>0,CONCATENATE(" (",CJ19,IF(CK19>0,CONCATENATE(IF(CJ19>0,",",""),CK19,"A"),""),")"),"")),"") | CJ70: =IF(CI19="D", CONCATENATE($B19, IF(CJ19+CK19>0,CONCATENATE(" (",CJ19,IF(CK19>0,CONCATENATE(IF(CJ19>0,",",""),CK19,"A"),""),")"),"")),"") -> Dave Copple | CK70: =IF(CI19="M", CONCATENATE($B19, IF(CJ19+CK19>0,CONCATENATE(" (",CJ19,IF(CK19>0,CONCATENATE(IF(CJ19>0,",",""),CK19,"A"),""),")"),"")),"") | CL70: =IF(CI19="A", CONCATENATE($B19, IF(CJ19+CK19>0,CONCATENATE(" (",CJ19,IF(CK19>0,CONCATENATE(IF(CJ19>0,",",""),CK19,"A"),""),")"),"")),"")
E71: =E70+1 -> 11 | G71: =IF(G20="G", CONCATENATE($B20, IF(H20+I20>0,CONCATENATE(" (",H20,IF(I20>0,CONCATENATE(IF(H20>0,",",""),I20,"A"),""),")"),"")),"") | H71: =IF(G20="D", CONCATENATE($B20, IF(H20+I20>0,CONCATENATE(" (",H20,IF(I20>0,CONCATENATE(IF(H20>0,",",""),I20,"A"),""),")"),"")),"") | I71: =IF(G20="M", CONCATENATE($B20, IF(H20+I20>0,CONCATENATE(" (",H20,IF(I20>0,CONCATENATE(IF(H20>0,",",""),I20,"A"),""),")"),"")),"") -> Andy Fernando | J71: =IF(G20="A", CONCATENATE($B20, IF(H20+I20>0,CONCATENATE(" (",H20,IF(I20>0,CONCATENATE(IF(H20>0,",",""),I20,"A"),""),")"),"")),"") | K71: =IF(K20="G", CONCATENATE($B20, IF(L20+M20>0,CONCATENATE(" (",L20,IF(M20>0,CONCATENATE(IF(L20>0,",",""),M20,"A"),""),")"),"")),"") | L71: =IF(K20="D", CONCATENATE($B20, IF(L20+M20>0,CONCATENATE(" (",L20,IF(M20>0,CONCATENATE(IF(L20>0,",",""),M20,"A"),""),")"),"")),"") | M71: =IF(K20="M", CONCATENATE($B20, IF(L20+M20>0,CONCATENATE(" (",L20,IF(M20>0,CONCATENATE(IF(L20>0,",",""),M20,"A"),""),")"),"")),"") -> Andy Fernando | N71: =IF(K20="A", CONCATENATE($B20, IF(L20+M20>0,CONCATENATE(" (",L20,IF(M20>0,CONCATENATE(IF(L20>0,",",""),M20,"A"),""),")"),"")),"") | O71: =IF(O20="G", CONCATENATE($B20, IF(P20+Q20>0,CONCATENATE(" (",P20,IF(Q20>0,CONCATENATE(IF(P20>0,",",""),Q20,"A"),""),")"),"")),"") | P71: =IF(O20="D", CONCATENATE($B20, IF(P20+Q20>0,CONCATENATE(" (",P20,IF(Q20>0,CONCATENATE(IF(P20>0,",",""),Q20,"A"),""),")"),"")),"") | Q71: =IF(O20="M", CONCATENATE($B20, IF(P20+Q20>0,CONCATENATE(" (",P20,IF(Q20>0,CONCATENATE(IF(P20>0,",",""),Q20,"A"),""),")"),"")),"") -> Andy Fernando | R71: =IF(O20="A", CONCATENATE($B20, IF(P20+Q20>0,CONCATENATE(" (",P20,IF(Q20>0,CONCATENATE(IF(P20>0,",",""),Q20,"A"),""),")"),"")),"") | S71: =IF(S20="G", CONCATENATE($B20, IF(T20+U20>0,CONCATENATE(" (",T20,IF(U20>0,CONCATENATE(IF(T20>0,",",""),U20,"A"),""),")"),"")),"") | T71: =IF(S20="D", CONCATENATE($B20, IF(T20+U20>0,CONCATENATE(" (",T20,IF(U20>0,CONCATENATE(IF(T20>0,",",""),U20,"A"),""),")"),"")),"") | U71: =IF(S20="M", CONCATENATE($B20, IF(T20+U20>0,CONCATENATE(" (",T20,IF(U20>0,CONCATENATE(IF(T20>0,",",""),U20,"A"),""),")"),"")),"") -> Andy Fernando | V71: =IF(S20="A", CONCATENATE($B20, IF(T20+U20>0,CONCATENATE(" (",T20,IF(U20>0,CONCATENATE(IF(T20>0,",",""),U20,"A"),""),")"),"")),"") | W71: =IF(W20="G", CONCATENATE($B20, IF(X20+Y20>0,CONCATENATE(" (",X20,IF(Y20>0,CONCATENATE(IF(X20>0,",",""),Y20,"A"),""),")"),"")),"") | X71: =IF(W20="D", CONCATENATE($B20, IF(X20+Y20>0,CONCATENATE(" (",X20,IF(Y20>0,CONCATENATE(IF(X20>0,",",""),Y20,"A"),""),")"),"")),"") | Y71: =IF(W20="M", CONCATENATE($B20, IF(X20+Y20>0,CONCATENATE(" (",X20,IF(Y20>0,CONCATENATE(IF(X20>0,",",""),Y20,"A"),""),")"),"")),"") | Z71: =IF(W20="A", CONCATENATE($B20, IF(X20+Y20>0,CONCATENATE(" (",X20,IF(Y20>0,CONCATENATE(IF(X20>0,",",""),Y20,"A"),""),")"),"")),"") | AA71: =IF(AA20="G", CONCATENATE($B20, IF(AB20+AC20>0,CONCATENATE(" (",AB20,IF(AC20>0,CONCATENATE(IF(AB20>0,",",""),AC20,"A"),""),")"),"")),"") | AB71: =IF(AA20="D", CONCATENATE($B20, IF(AB20+AC20>0,CONCATENATE(" (",AB20,IF(AC20>0,CONCATENATE(IF(AB20>0,",",""),AC20,"A"),""),")"),"")),"") | AC71: =IF(AA20="M", CONCATENATE($B20, IF(AB20+AC20>0,CONCATENATE(" (",AB20,IF(AC20>0,CONCATENATE(IF(AB20>0,",",""),AC20,"A"),""),")"),"")),"") -> Andy Fernando | AD71: =IF(AA20="A", CONCATENATE($B20, IF(AB20+AC20>0,CONCATENATE(" (",AB20,IF(AC20>0,CONCATENATE(IF(AB20>0,",",""),AC20,"A"),""),")"),"")),"") | AE71: =IF(AE20="G", CONCATENATE($B20, IF(AF20+AG20>0,CONCATENATE(" (",AF20,IF(AG20>0,CONCATENATE(IF(AF20>0,",",""),AG20,"A"),""),")"),"")),"") | AF71: =IF(AE20="D", CONCATENATE($B20, IF(AF20+AG20>0,CONCATENATE(" (",AF20,IF(AG20>0,CONCATENATE(IF(AF20>0,",",""),AG20,"A"),""),")"),"")),"") | AG71: =IF(AE20="M", CONCATENATE($B20, IF(AF20+AG20>0,CONCATENATE(" (",AF20,IF(AG20>0,CONCATENATE(IF(AF20>0,",",""),AG20,"A"),""),")"),"")),"") | AH71: =IF(AE20="A", CONCATENATE($B20, IF(AF20+AG20>0,CONCATENATE(" (",AF20,IF(AG20>0,CONCATENATE(IF(AF20>0,",",""),AG20,"A"),""),")"),"")),"") | AI71: =IF(AI20="G", CONCATENATE($B20, IF(AJ20+AK20>0,CONCATENATE(" (",AJ20,IF(AK20>0,CONCATENATE(IF(AJ20>0,",",""),AK20,"A"),""),")"),"")),"") | AJ71: =IF(AI20="D", CONCATENATE($B20, IF(AJ20+AK20>0,CONCATENATE(" (",AJ20,IF(AK20>0,CONCATENATE(IF(AJ20>0,",",""),AK20,"A"),""),")"),"")),"") | AK71: =IF(AI20="M", CONCATENATE($B20, IF(AJ20+AK20>0,CONCATENATE(" (",AJ20,IF(AK20>0,CONCATENATE(IF(AJ20>0,",",""),AK20,"A"),""),")"),"")),"") -> Andy Fernando | AL71: =IF(AI20="A", CONCATENATE($B20, IF(AJ20+AK20>0,CONCATENATE(" (",AJ20,IF(AK20>0,CONCATENATE(IF(AJ20>0,",",""),AK20,"A"),""),")"),"")),"") | AM71: =IF(AM20="G", CONCATENATE($B20, IF(AN20+AO20>0,CONCATENATE(" (",AN20,IF(AO20>0,CONCATENATE(IF(AN20>0,",",""),AO20,"A"),""),")"),"")),"") | AN71: =IF(AM20="D", CONCATENATE($B20, IF(AN20+AO20>0,CONCATENATE(" (",AN20,IF(AO20>0,CONCATENATE(IF(AN20>0,",",""),AO20,"A"),""),")"),"")),"") | AO71: =IF(AM20="M", CONCATENATE($B20, IF(AN20+AO20>0,CONCATENATE(" (",AN20,IF(AO20>0,CONCATENATE(IF(AN20>0,",",""),AO20,"A"),""),")"),"")),"") | AP71: =IF(AM20="A", CONCATENATE($B20, IF(AN20+AO20>0,CONCATENATE(" (",AN20,IF(AO20>0,CONCATENATE(IF(AN20>0,",",""),AO20,"A"),""),")"),"")),"") | AQ71: =IF(AQ20="G", CONCATENATE($B20, IF(AR20+AS20>0,CONCATENATE(" (",AR20,IF(AS20>0,CONCATENATE(IF(AR20>0,",",""),AS20,"A"),""),")"),"")),"") | AR71: =IF(AQ20="D", CONCATENATE($B20, IF(AR20+AS20>0,CONCATENATE(" (",AR20,IF(AS20>0,CONCATENATE(IF(AR20>0,",",""),AS20,"A"),""),")"),"")),"") | AS71: =IF(AQ20="M", CONCATENATE($B20, IF(AR20+AS20>0,CONCATENATE(" (",AR20,IF(AS20>0,CONCATENATE(IF(AR20>0,",",""),AS20,"A"),""),")"),"")),"") | AT71: =IF(AQ20="A", CONCATENATE($B20, IF(AR20+AS20>0,CONCATENATE(" (",AR20,IF(AS20>0,CONCATENATE(IF(AR20>0,",",""),AS20,"A"),""),")"),"")),"") | AU71: =IF(AU20="G", CONCATENATE($B20, IF(AV20+AW20>0,CONCATENATE(" (",AV20,IF(AW20>0,CONCATENATE(IF(AV20>0,",",""),AW20,"A"),""),")"),"")),"") | AV71: =IF(AU20="D", CONCATENATE($B20, IF(AV20+AW20>0,CONCATENATE(" (",AV20,IF(AW20>0,CONCATENATE(IF(AV20>0,",",""),AW20,"A"),""),")"),"")),"") | AW71: =IF(AU20="M", CONCATENATE($B20, IF(AV20+AW20>0,CONCATENATE(" (",AV20,IF(AW20>0,CONCATENATE(IF(AV20>0,",",""),AW20,"A"),""),")"),"")),"") -> Andy Fernando | AX71: =IF(AU20="A", CONCATENATE($B20, IF(AV20+AW20>0,CONCATENATE(" (",AV20,IF(AW20>0,CONCATENATE(IF(AV20>0,",",""),AW20,"A"),""),")"),"")),"") | AY71: =IF(AY20="G", CONCATENATE($B20, IF(AZ20+BA20>0,CONCATENATE(" (",AZ20,IF(BA20>0,CONCATENATE(IF(AZ20>0,",",""),BA20,"A"),""),")"),"")),"") | AZ71: =IF(AY20="D", CONCATENATE($B20, IF(AZ20+BA20>0,CONCATENATE(" (",AZ20,IF(BA20>0,CONCATENATE(IF(AZ20>0,",",""),BA20,"A"),""),")"),"")),"") | BA71: =IF(AY20="M", CONCATENATE($B20, IF(AZ20+BA20>0,CONCATENATE(" (",AZ20,IF(BA20>0,CONCATENATE(IF(AZ20>0,",",""),BA20,"A"),""),")"),"")),"") -> Andy Fernando | BB71: =IF(AY20="A", CONCATENATE($B20, IF(AZ20+BA20>0,CONCATENATE(" (",AZ20,IF(BA20>0,CONCATENATE(IF(AZ20>0,",",""),BA20,"A"),""),")"),"")),"") | BC71: =IF(BC20="G", CONCATENATE($B20, IF(BD20+BE20>0,CONCATENATE(" (",BD20,IF(BE20>0,CONCATENATE(IF(BD20>0,",",""),BE20,"A"),""),")"),"")),"") | BD71: =IF(BC20="D", CONCATENATE($B20, IF(BD20+BE20>0,CONCATENATE(" (",BD20,IF(BE20>0,CONCATENATE(IF(BD20>0,",",""),BE20,"A"),""),")"),"")),"") | BE71: =IF(BC20="M", CONCATENATE($B20, IF(BD20+BE20>0,CONCATENATE(" (",BD20,IF(BE20>0,CONCATENATE(IF(BD20>0,",",""),BE20,"A"),""),")"),"")),"") | BF71: =IF(BC20="A", CONCATENATE($B20, IF(BD20+BE20>0,CONCATENATE(" (",BD20,IF(BE20>0,CONCATENATE(IF(BD20>0,",",""),BE20,"A"),""),")"),"")),"") | BG71: =IF(BG20="G", CONCATENATE($B20, IF(BH20+BI20>0,CONCATENATE(" (",BH20,IF(BI20>0,CONCATENATE(IF(BH20>0,",",""),BI20,"A"),""),")"),"")),"") | BH71: =IF(BG20="D", CONCATENATE($B20, IF(BH20+BI20>0,CONCATENATE(" (",BH20,IF(BI20>0,CONCATENATE(IF(BH20>0,",",""),BI20,"A"),""),")"),"")),"") | BI71: =IF(BG20="M", CONCATENATE($B20, IF(BH20+BI20>0,CONCATENATE(" (",BH20,IF(BI20>0,CONCATENATE(IF(BH20>0,",",""),BI20,"A"),""),")"),"")),"") | BJ71: =IF(BG20="A", CONCATENATE($B20, IF(BH20+BI20>0,CONCATENATE(" (",BH20,IF(BI20>0,CONCATENATE(IF(BH20>0,",",""),BI20,"A"),""),")"),"")),"") | BK71: =IF(BK20="G", CONCATENATE($B20, IF(BL20+BM20>0,CONCATENATE(" (",BL20,IF(BM20>0,CONCATENATE(IF(BL20>0,",",""),BM20,"A"),""),")"),"")),"") | BL71: =IF(BK20="D", CONCATENATE($B20, IF(BL20+BM20>0,CONCATENATE(" (",BL20,IF(BM20>0,CONCATENATE(IF(BL20>0,",",""),BM20,"A"),""),")"),"")),"") | BM71: =IF(BK20="M", CONCATENATE($B20, IF(BL20+BM20>0,CONCATENATE(" (",BL20,IF(BM20>0,CONCATENATE(IF(BL20>0,",",""),BM20,"A"),""),")"),"")),"") | BN71: =IF(BK20="A", CONCATENATE($B20, IF(BL20+BM20>0,CONCATENATE(" (",BL20,IF(BM20>0,CONCATENATE(IF(BL20>0,",",""),BM20,"A"),""),")"),"")),"") | BO71: =IF(BO20="G", CONCATENATE($B20, IF(BP20+BQ20>0,CONCATENATE(" (",BP20,IF(BQ20>0,CONCATENATE(IF(BP20>0,",",""),BQ20,"A"),""),")"),"")),"") | BP71: =IF(BO20="D", CONCATENATE($B20, IF(BP20+BQ20>0,CONCATENATE(" (",BP20,IF(BQ20>0,CONCATENATE(IF(BP20>0,",",""),BQ20,"A"),""),")"),"")),"") | BQ71: =IF(BO20="M", CONCATENATE($B20, IF(BP20+BQ20>0,CONCATENATE(" (",BP20,IF(BQ20>0,CONCATENATE(IF(BP20>0,",",""),BQ20,"A"),""),")"),"")),"") -> Andy Fernando | BR71: =IF(BO20="A", CONCATENATE($B20, IF(BP20+BQ20>0,CONCATENATE(" (",BP20,IF(BQ20>0,CONCATENATE(IF(BP20>0,",",""),BQ20,"A"),""),")"),"")),"") | BS71: =IF(BS20="G", CONCATENATE($B20, IF(BT20+BU20>0,CONCATENATE(" (",BT20,IF(BU20>0,CONCATENATE(IF(BT20>0,",",""),BU20,"A"),""),")"),"")),"") | BT71: =IF(BS20="D", CONCATENATE($B20, IF(BT20+BU20>0,CONCATENATE(" (",BT20,IF(BU20>0,CONCATENATE(IF(BT20>0,",",""),BU20,"A"),""),")"),"")),"") | BU71: =IF(BS20="M", CONCATENATE($B20, IF(BT20+BU20>0,CONCATENATE(" (",BT20,IF(BU20>0,CONCATENATE(IF(BT20>0,",",""),BU20,"A"),""),")"),"")),"") | BV71: =IF(BS20="A", CONCATENATE($B20, IF(BT20+BU20>0,CONCATENATE(" (",BT20,IF(BU20>0,CONCATENATE(IF(BT20>0,",",""),BU20,"A"),""),")"),"")),"") | BW71: =IF(BW20="G", CONCATENATE($B20, IF(BX20+BY20>0,CONCATENATE(" (",BX20,IF(BY20>0,CONCATENATE(IF(BX20>0,",",""),BY20,"A"),""),")"),"")),"") | BX71: =IF(BW20="D", CONCATENATE($B20, IF(BX20+BY20>0,CONCATENATE(" (",BX20,IF(BY20>0,CONCATENATE(IF(BX20>0,",",""),BY20,"A"),""),")"),"")),"") | BY71: =IF(BW20="M", CONCATENATE($B20, IF(BX20+BY20>0,CONCATENATE(" (",BX20,IF(BY20>0,CONCATENATE(IF(BX20>0,",",""),BY20,"A"),""),")"),"")),"") | BZ71: =IF(BW20="A", CONCATENATE($B20, IF(BX20+BY20>0,CONCATENATE(" (",BX20,IF(BY20>0,CONCATENATE(IF(BX20>0,",",""),BY20,"A"),""),")"),"")),"") | CA71: =IF(CA20="G", CONCATENATE($B20, IF(CB20+CC20>0,CONCATENATE(" (",CB20,IF(CC20>0,CONCATENATE(IF(CB20>0,",",""),CC20,"A"),""),")"),"")),"") | CB71: =IF(CA20="D", CONCATENATE($B20, IF(CB20+CC20>0,CONCATENATE(" (",CB20,IF(CC20>0,CONCATENATE(IF(CB20>0,",",""),CC20,"A"),""),")"),"")),"") | CC71: =IF(CA20="M", CONCATENATE($B20, IF(CB20+CC20>0,CONCATENATE(" (",CB20,IF(CC20>0,CONCATENATE(IF(CB20>0,",",""),CC20,"A"),""),")"),"")),"") -> Andy Fernando | CD71: =IF(CA20="A", CONCATENATE($B20, IF(CB20+CC20>0,CONCATENATE(" (",CB20,IF(CC20>0,CONCATENATE(IF(CB20>0,",",""),CC20,"A"),""),")"),"")),"") | CE71: =IF(CE20="G", CONCATENATE($B20, IF(CF20+CG20>0,CONCATENATE(" (",CF20,IF(CG20>0,CONCATENATE(IF(CF20>0,",",""),CG20,"A"),""),")"),"")),"") | CF71: =IF(CE20="D", CONCATENATE($B20, IF(CF20+CG20>0,CONCATENATE(" (",CF20,IF(CG20>0,CONCATENATE(IF(CF20>0,",",""),CG20,"A"),""),")"),"")),"") | CG71: =IF(CE20="M", CONCATENATE($B20, IF(CF20+CG20>0,CONCATENATE(" (",CF20,IF(CG20>0,CONCATENATE(IF(CF20>0,",",""),CG20,"A"),""),")"),"")),"") -> Andy Fernando | CH71: =IF(CE20="A", CONCATENATE($B20, IF(CF20+CG20>0,CONCATENATE(" (",CF20,IF(CG20>0,CONCATENATE(IF(CF20>0,",",""),CG20,"A"),""),")"),"")),"") | CI71: =IF(CI20="G", CONCATENATE($B20, IF(CJ20+CK20>0,CONCATENATE(" (",CJ20,IF(CK20>0,CONCATENATE(IF(CJ20>0,",",""),CK20,"A"),""),")"),"")),"") | CJ71: =IF(CI20="D", CONCATENATE($B20, IF(CJ20+CK20>0,CONCATENATE(" (",CJ20,IF(CK20>0,CONCATENATE(IF(CJ20>0,",",""),CK20,"A"),""),")"),"")),"") | CK71: =IF(CI20="M", CONCATENATE($B20, IF(CJ20+CK20>0,CONCATENATE(" (",CJ20,IF(CK20>0,CONCATENATE(IF(CJ20>0,",",""),CK20,"A"),""),")"),"")),"") -> Andy Fernando | CL71: =IF(CI20="A", CONCATENATE($B20, IF(CJ20+CK20>0,CONCATENATE(" (",CJ20,IF(CK20>0,CONCATENATE(IF(CJ20>0,",",""),CK20,"A"),""),")"),"")),"")
E72: =E71+1 -> 12 | G72: =IF(G21="G", CONCATENATE($B21, IF(H21+I21>0,CONCATENATE(" (",H21,IF(I21>0,CONCATENATE(IF(H21>0,",",""),I21,"A"),""),")"),"")),"") | H72: =IF(G21="D", CONCATENATE($B21, IF(H21+I21>0,CONCATENATE(" (",H21,IF(I21>0,CONCATENATE(IF(H21>0,",",""),I21,"A"),""),")"),"")),"") | I72: =IF(G21="M", CONCATENATE($B21, IF(H21+I21>0,CONCATENATE(" (",H21,IF(I21>0,CONCATENATE(IF(H21>0,",",""),I21,"A"),""),")"),"")),"") | J72: =IF(G21="A", CONCATENATE($B21, IF(H21+I21>0,CONCATENATE(" (",H21,IF(I21>0,CONCATENATE(IF(H21>0,",",""),I21,"A"),""),")"),"")),"") | K72: =IF(K21="G", CONCATENATE($B21, IF(L21+M21>0,CONCATENATE(" (",L21,IF(M21>0,CONCATENATE(IF(L21>0,",",""),M21,"A"),""),")"),"")),"") | L72: =IF(K21="D", CONCATENATE($B21, IF(L21+M21>0,CONCATENATE(" (",L21,IF(M21>0,CONCATENATE(IF(L21>0,",",""),M21,"A"),""),")"),"")),"") | M72: =IF(K21="M", CONCATENATE($B21, IF(L21+M21>0,CONCATENATE(" (",L21,IF(M21>0,CONCATENATE(IF(L21>0,",",""),M21,"A"),""),")"),"")),"") | N72: =IF(K21="A", CONCATENATE($B21, IF(L21+M21>0,CONCATENATE(" (",L21,IF(M21>0,CONCATENATE(IF(L21>0,",",""),M21,"A"),""),")"),"")),"") | O72: =IF(O21="G", CONCATENATE($B21, IF(P21+Q21>0,CONCATENATE(" (",P21,IF(Q21>0,CONCATENATE(IF(P21>0,",",""),Q21,"A"),""),")"),"")),"") | P72: =IF(O21="D", CONCATENATE($B21, IF(P21+Q21>0,CONCATENATE(" (",P21,IF(Q21>0,CONCATENATE(IF(P21>0,",",""),Q21,"A"),""),")"),"")),"") -> Elliot Fry | Q72: =IF(O21="M", CONCATENATE($B21, IF(P21+Q21>0,CONCATENATE(" (",P21,IF(Q21>0,CONCATENATE(IF(P21>0,",",""),Q21,"A"),""),")"),"")),"") | R72: =IF(O21="A", CONCATENATE($B21, IF(P21+Q21>0,CONCATENATE(" (",P21,IF(Q21>0,CONCATENATE(IF(P21>0,",",""),Q21,"A"),""),")"),"")),"") | S72: =IF(S21="G", CONCATENATE($B21, IF(T21+U21>0,CONCATENATE(" (",T21,IF(U21>0,CONCATENATE(IF(T21>0,",",""),U21,"A"),""),")"),"")),"") | T72: =IF(S21="D", CONCATENATE($B21, IF(T21+U21>0,CONCATENATE(" (",T21,IF(U21>0,CONCATENATE(IF(T21>0,",",""),U21,"A"),""),")"),"")),"") -> Elliot Fry | U72: =IF(S21="M", CONCATENATE($B21, IF(T21+U21>0,CONCATENATE(" (",T21,IF(U21>0,CONCATENATE(IF(T21>0,",",""),U21,"A"),""),")"),"")),"") | V72: =IF(S21="A", CONCATENATE($B21, IF(T21+U21>0,CONCATENATE(" (",T21,IF(U21>0,CONCATENATE(IF(T21>0,",",""),U21,"A"),""),")"),"")),"") | W72: =IF(W21="G", CONCATENATE($B21, IF(X21+Y21>0,CONCATENATE(" (",X21,IF(Y21>0,CONCATENATE(IF(X21>0,",",""),Y21,"A"),""),")"),"")),"") | X72: =IF(W21="D", CONCATENATE($B21, IF(X21+Y21>0,CONCATENATE(" (",X21,IF(Y21>0,CONCATENATE(IF(X21>0,",",""),Y21,"A"),""),")"),"")),"") | Y72: =IF(W21="M", CONCATENATE($B21, IF(X21+Y21>0,CONCATENATE(" (",X21,IF(Y21>0,CONCATENATE(IF(X21>0,",",""),Y21,"A"),""),")"),"")),"") | Z72: =IF(W21="A", CONCATENATE($B21, IF(X21+Y21>0,CONCATENATE(" (",X21,IF(Y21>0,CONCATENATE(IF(X21>0,",",""),Y21,"A"),""),")"),"")),"") | AA72: =IF(AA21="G", CONCATENATE($B21, IF(AB21+AC21>0,CONCATENATE(" (",AB21,IF(AC21>0,CONCATENATE(IF(AB21>0,",",""),AC21,"A"),""),")"),"")),"") | AB72: =IF(AA21="D", CONCATENATE($B21, IF(AB21+AC21>0,CONCATENATE(" (",AB21,IF(AC21>0,CONCATENATE(IF(AB21>0,",",""),AC21,"A"),""),")"),"")),"") -> Elliot Fry | AC72: =IF(AA21="M", CONCATENATE($B21, IF(AB21+AC21>0,CONCATENATE(" (",AB21,IF(AC21>0,CONCATENATE(IF(AB21>0,",",""),AC21,"A"),""),")"),"")),"") | AD72: =IF(AA21="A", CONCATENATE($B21, IF(AB21+AC21>0,CONCATENATE(" (",AB21,IF(AC21>0,CONCATENATE(IF(AB21>0,",",""),AC21,"A"),""),")"),"")),"") | AE72: =IF(AE21="G", CONCATENATE($B21, IF(AF21+AG21>0,CONCATENATE(" (",AF21,IF(AG21>0,CONCATENATE(IF(AF21>0,",",""),AG21,"A"),""),")"),"")),"") | AF72: =IF(AE21="D", CONCATENATE($B21, IF(AF21+AG21>0,CONCATENATE(" (",AF21,IF(AG21>0,CONCATENATE(IF(AF21>0,",",""),AG21,"A"),""),")"),"")),"") -> Elliot Fry | AG72: =IF(AE21="M", CONCATENATE($B21, IF(AF21+AG21>0,CONCATENATE(" (",AF21,IF(AG21>0,CONCATENATE(IF(AF21>0,",",""),AG21,"A"),""),")"),"")),"") | AH72: =IF(AE21="A", CONCATENATE($B21, IF(AF21+AG21>0,CONCATENATE(" (",AF21,IF(AG21>0,CONCATENATE(IF(AF21>0,",",""),AG21,"A"),""),")"),"")),"") | AI72: =IF(AI21="G", CONCATENATE($B21, IF(AJ21+AK21>0,CONCATENATE(" (",AJ21,IF(AK21>0,CONCATENATE(IF(AJ21>0,",",""),AK21,"A"),""),")"),"")),"") | AJ72: =IF(AI21="D", CONCATENATE($B21, IF(AJ21+AK21>0,CONCATENATE(" (",AJ21,IF(AK21>0,CONCATENATE(IF(AJ21>0,",",""),AK21,"A"),""),")"),"")),"") | AK72: =IF(AI21="M", CONCATENATE($B21, IF(AJ21+AK21>0,CONCATENATE(" (",AJ21,IF(AK21>0,CONCATENATE(IF(AJ21>0,",",""),AK21,"A"),""),")"),"")),"") | AL72: =IF(AI21="A", CONCATENATE($B21, IF(AJ21+AK21>0,CONCATENATE(" (",AJ21,IF(AK21>0,CONCATENATE(IF(AJ21>0,",",""),AK21,"A"),""),")"),"")),"") | AM72: =IF(AM21="G", CONCATENATE($B21, IF(AN21+AO21>0,CONCATENATE(" (",AN21,IF(AO21>0,CONCATENATE(IF(AN21>0,",",""),AO21,"A"),""),")"),"")),"") | AN72: =IF(AM21="D", CONCATENATE($B21, IF(AN21+AO21>0,CONCATENATE(" (",AN21,IF(AO21>0,CONCATENATE(IF(AN21>0,",",""),AO21,"A"),""),")"),"")),"") | AO72: =IF(AM21="M", CONCATENATE($B21, IF(AN21+AO21>0,CONCATENATE(" (",AN21,IF(AO21>0,CONCATENATE(IF(AN21>0,",",""),AO21,"A"),""),")"),"")),"") | AP72: =IF(AM21="A", CONCATENATE($B21, IF(AN21+AO21>0,CONCATENATE(" (",AN21,IF(AO21>0,CONCATENATE(IF(AN21>0,",",""),AO21,"A"),""),")"),"")),"") | AQ72: =IF(AQ21="G", CONCATENATE($B21, IF(AR21+AS21>0,CONCATENATE(" (",AR21,IF(AS21>0,CONCATENATE(IF(AR21>0,",",""),AS21,"A"),""),")"),"")),"") | AR72: =IF(AQ21="D", CONCATENATE($B21, IF(AR21+AS21>0,CONCATENATE(" (",AR21,IF(AS21>0,CONCATENATE(IF(AR21>0,",",""),AS21,"A"),""),")"),"")),"") -> Elliot Fry | AS72: =IF(AQ21="M", CONCATENATE($B21, IF(AR21+AS21>0,CONCATENATE(" (",AR21,IF(AS21>0,CONCATENATE(IF(AR21>0,",",""),AS21,"A"),""),")"),"")),"") | AT72: =IF(AQ21="A", CONCATENATE($B21, IF(AR21+AS21>0,CONCATENATE(" (",AR21,IF(AS21>0,CONCATENATE(IF(AR21>0,",",""),AS21,"A"),""),")"),"")),"") | AU72: =IF(AU21="G", CONCATENATE($B21, IF(AV21+AW21>0,CONCATENATE(" (",AV21,IF(AW21>0,CONCATENATE(IF(AV21>0,",",""),AW21,"A"),""),")"),"")),"") | AV72: =IF(AU21="D", CONCATENATE($B21, IF(AV21+AW21>0,CONCATENATE(" (",AV21,IF(AW21>0,CONCATENATE(IF(AV21>0,",",""),AW21,"A"),""),")"),"")),"") -> Elliot Fry | AW72: =IF(AU21="M", CONCATENATE($B21, IF(AV21+AW21>0,CONCATENATE(" (",AV21,IF(AW21>0,CONCATENATE(IF(AV21>0,",",""),AW21,"A"),""),")"),"")),"") | AX72: =IF(AU21="A", CONCATENATE($B21, IF(AV21+AW21>0,CONCATENATE(" (",AV21,IF(AW21>0,CONCATENATE(IF(AV21>0,",",""),AW21,"A"),""),")"),"")),"") | AY72: =IF(AY21="G", CONCATENATE($B21, IF(AZ21+BA21>0,CONCATENATE(" (",AZ21,IF(BA21>0,CONCATENATE(IF(AZ21>0,",",""),BA21,"A"),""),")"),"")),"") | AZ72: =IF(AY21="D", CONCATENATE($B21, IF(AZ21+BA21>0,CONCATENATE(" (",AZ21,IF(BA21>0,CONCATENATE(IF(AZ21>0,",",""),BA21,"A"),""),")"),"")),"") -> Elliot Fry | BA72: =IF(AY21="M", CONCATENATE($B21, IF(AZ21+BA21>0,CONCATENATE(" (",AZ21,IF(BA21>0,CONCATENATE(IF(AZ21>0,",",""),BA21,"A"),""),")"),"")),"") | BB72: =IF(AY21="A", CONCATENATE($B21, IF(AZ21+BA21>0,CONCATENATE(" (",AZ21,IF(BA21>0,CONCATENATE(IF(AZ21>0,",",""),BA21,"A"),""),")"),"")),"") | BC72: =IF(BC21="G", CONCATENATE($B21, IF(BD21+BE21>0,CONCATENATE(" (",BD21,IF(BE21>0,CONCATENATE(IF(BD21>0,",",""),BE21,"A"),""),")"),"")),"") | BD72: =IF(BC21="D", CONCATENATE($B21, IF(BD21+BE21>0,CONCATENATE(" (",BD21,IF(BE21>0,CONCATENATE(IF(BD21>0,",",""),BE21,"A"),""),")"),"")),"") | BE72: =IF(BC21="M", CONCATENATE($B21, IF(BD21+BE21>0,CONCATENATE(" (",BD21,IF(BE21>0,CONCATENATE(IF(BD21>0,",",""),BE21,"A"),""),")"),"")),"") | BF72: =IF(BC21="A", CONCATENATE($B21, IF(BD21+BE21>0,CONCATENATE(" (",BD21,IF(BE21>0,CONCATENATE(IF(BD21>0,",",""),BE21,"A"),""),")"),"")),"") | BG72: =IF(BG21="G", CONCATENATE($B21, IF(BH21+BI21>0,CONCATENATE(" (",BH21,IF(BI21>0,CONCATENATE(IF(BH21>0,",",""),BI21,"A"),""),")"),"")),"") | BH72: =IF(BG21="D", CONCATENATE($B21, IF(BH21+BI21>0,CONCATENATE(" (",BH21,IF(BI21>0,CONCATENATE(IF(BH21>0,",",""),BI21,"A"),""),")"),"")),"") | BI72: =IF(BG21="M", CONCATENATE($B21, IF(BH21+BI21>0,CONCATENATE(" (",BH21,IF(BI21>0,CONCATENATE(IF(BH21>0,",",""),BI21,"A"),""),")"),"")),"") | BJ72: =IF(BG21="A", CONCATENATE($B21, IF(BH21+BI21>0,CONCATENATE(" (",BH21,IF(BI21>0,CONCATENATE(IF(BH21>0,",",""),BI21,"A"),""),")"),"")),"") | BK72: =IF(BK21="G", CONCATENATE($B21, IF(BL21+BM21>0,CONCATENATE(" (",BL21,IF(BM21>0,CONCATENATE(IF(BL21>0,",",""),BM21,"A"),""),")"),"")),"") | BL72: =IF(BK21="D", CONCATENATE($B21, IF(BL21+BM21>0,CONCATENATE(" (",BL21,IF(BM21>0,CONCATENATE(IF(BL21>0,",",""),BM21,"A"),""),")"),"")),"") | BM72: =IF(BK21="M", CONCATENATE($B21, IF(BL21+BM21>0,CONCATENATE(" (",BL21,IF(BM21>0,CONCATENATE(IF(BL21>0,",",""),BM21,"A"),""),")"),"")),"") | BN72: =IF(BK21="A", CONCATENATE($B21, IF(BL21+BM21>0,CONCATENATE(" (",BL21,IF(BM21>0,CONCATENATE(IF(BL21>0,",",""),BM21,"A"),""),")"),"")),"") | BO72: =IF(BO21="G", CONCATENATE($B21, IF(BP21+BQ21>0,CONCATENATE(" (",BP21,IF(BQ21>0,CONCATENATE(IF(BP21>0,",",""),BQ21,"A"),""),")"),"")),"") | BP72: =IF(BO21="D", CONCATENATE($B21, IF(BP21+BQ21>0,CONCATENATE(" (",BP21,IF(BQ21>0,CONCATENATE(IF(BP21>0,",",""),BQ21,"A"),""),")"),"")),"") -> Elliot Fry | BQ72: =IF(BO21="M", CONCATENATE($B21, IF(BP21+BQ21>0,CONCATENATE(" (",BP21,IF(BQ21>0,CONCATENATE(IF(BP21>0,",",""),BQ21,"A"),""),")"),"")),"") | BR72: =IF(BO21="A", CONCATENATE($B21, IF(BP21+BQ21>0,CONCATENATE(" (",BP21,IF(BQ21>0,CONCATENATE(IF(BP21>0,",",""),BQ21,"A"),""),")"),"")),"") | BS72: =IF(BS21="G", CONCATENATE($B21, IF(BT21+BU21>0,CONCATENATE(" (",BT21,IF(BU21>0,CONCATENATE(IF(BT21>0,",",""),BU21,"A"),""),")"),"")),"") | BT72: =IF(BS21="D", CONCATENATE($B21, IF(BT21+BU21>0,CONCATENATE(" (",BT21,IF(BU21>0,CONCATENATE(IF(BT21>0,",",""),BU21,"A"),""),")"),"")),"") -> Elliot Fry | BU72: =IF(BS21="M", CONCATENATE($B21, IF(BT21+BU21>0,CONCATENATE(" (",BT21,IF(BU21>0,CONCATENATE(IF(BT21>0,",",""),BU21,"A"),""),")"),"")),"") | BV72: =IF(BS21="A", CONCATENATE($B21, IF(BT21+BU21>0,CONCATENATE(" (",BT21,IF(BU21>0,CONCATENATE(IF(BT21>0,",",""),BU21,"A"),""),")"),"")),"") | BW72: =IF(BW21="G", CONCATENATE($B21, IF(BX21+BY21>0,CONCATENATE(" (",BX21,IF(BY21>0,CONCATENATE(IF(BX21>0,",",""),BY21,"A"),""),")"),"")),"") | BX72: =IF(BW21="D", CONCATENATE($B21, IF(BX21+BY21>0,CONCATENATE(" (",BX21,IF(BY21>0,CONCATENATE(IF(BX21>0,",",""),BY21,"A"),""),")"),"")),"") -> Elliot Fry | BY72: =IF(BW21="M", CONCATENATE($B21, IF(BX21+BY21>0,CONCATENATE(" (",BX21,IF(BY21>0,CONCATENATE(IF(BX21>0,",",""),BY21,"A"),""),")"),"")),"") | BZ72: =IF(BW21="A", CONCATENATE($B21, IF(BX21+BY21>0,CONCATENATE(" (",BX21,IF(BY21>0,CONCATENATE(IF(BX21>0,",",""),BY21,"A"),""),")"),"")),"") | CA72: =IF(CA21="G", CONCATENATE($B21, IF(CB21+CC21>0,CONCATENATE(" (",CB21,IF(CC21>0,CONCATENATE(IF(CB21>0,",",""),CC21,"A"),""),")"),"")),"") | CB72: =IF(CA21="D", CONCATENATE($B21, IF(CB21+CC21>0,CONCATENATE(" (",CB21,IF(CC21>0,CONCATENATE(IF(CB21>0,",",""),CC21,"A"),""),")"),"")),"") | CC72: =IF(CA21="M", CONCATENATE($B21, IF(CB21+CC21>0,CONCATENATE(" (",CB21,IF(CC21>0,CONCATENATE(IF(CB21>0,",",""),CC21,"A"),""),")"),"")),"") | CD72: =IF(CA21="A", CONCATENATE($B21, IF(CB21+CC21>0,CONCATENATE(" (",CB21,IF(CC21>0,CONCATENATE(IF(CB21>0,",",""),CC21,"A"),""),")"),"")),"") | CE72: =IF(CE21="G", CONCATENATE($B21, IF(CF21+CG21>0,CONCATENATE(" (",CF21,IF(CG21>0,CONCATENATE(IF(CF21>0,",",""),CG21,"A"),""),")"),"")),"") | CF72: =IF(CE21="D", CONCATENATE($B21, IF(CF21+CG21>0,CONCATENATE(" (",CF21,IF(CG21>0,CONCATENATE(IF(CF21>0,",",""),CG21,"A"),""),")"),"")),"") | CG72: =IF(CE21="M", CONCATENATE($B21, IF(CF21+CG21>0,CONCATENATE(" (",CF21,IF(CG21>0,CONCATENATE(IF(CF21>0,",",""),CG21,"A"),""),")"),"")),"") | CH72: =IF(CE21="A", CONCATENATE($B21, IF(CF21+CG21>0,CONCATENATE(" (",CF21,IF(CG21>0,CONCATENATE(IF(CF21>0,",",""),CG21,"A"),""),")"),"")),"") | CI72: =IF(CI21="G", CONCATENATE($B21, IF(CJ21+CK21>0,CONCATENATE(" (",CJ21,IF(CK21>0,CONCATENATE(IF(CJ21>0,",",""),CK21,"A"),""),")"),"")),"") | CJ72: =IF(CI21="D", CONCATENATE($B21, IF(CJ21+CK21>0,CONCATENATE(" (",CJ21,IF(CK21>0,CONCATENATE(IF(CJ21>0,",",""),CK21,"A"),""),")"),"")),"") -> Elliot Fry | CK72: =IF(CI21="M", CONCATENATE($B21, IF(CJ21+CK21>0,CONCATENATE(" (",CJ21,IF(CK21>0,CONCATENATE(IF(CJ21>0,",",""),CK21,"A"),""),")"),"")),"") | CL72: =IF(CI21="A", CONCATENATE($B21, IF(CJ21+CK21>0,CONCATENATE(" (",CJ21,IF(CK21>0,CONCATENATE(IF(CJ21>0,",",""),CK21,"A"),""),")"),"")),"")
E73: =E72+1 -> 13 | G73: =IF(G22="G", CONCATENATE($B22, IF(H22+I22>0,CONCATENATE(" (",H22,IF(I22>0,CONCATENATE(IF(H22>0,",",""),I22,"A"),""),")"),"")),"") | H73: =IF(G22="D", CONCATENATE($B22, IF(H22+I22>0,CONCATENATE(" (",H22,IF(I22>0,CONCATENATE(IF(H22>0,",",""),I22,"A"),""),")"),"")),"") | I73: =IF(G22="M", CONCATENATE($B22, IF(H22+I22>0,CONCATENATE(" (",H22,IF(I22>0,CONCATENATE(IF(H22>0,",",""),I22,"A"),""),")"),"")),"") -> Alex Griffiths | J73: =IF(G22="A", CONCATENATE($B22, IF(H22+I22>0,CONCATENATE(" (",H22,IF(I22>0,CONCATENATE(IF(H22>0,",",""),I22,"A"),""),")"),"")),"") | K73: =IF(K22="G", CONCATENATE($B22, IF(L22+M22>0,CONCATENATE(" (",L22,IF(M22>0,CONCATENATE(IF(L22>0,",",""),M22,"A"),""),")"),"")),"") | L73: =IF(K22="D", CONCATENATE($B22, IF(L22+M22>0,CONCATENATE(" (",L22,IF(M22>0,CONCATENATE(IF(L22>0,",",""),M22,"A"),""),")"),"")),"") | M73: =IF(K22="M", CONCATENATE($B22, IF(L22+M22>0,CONCATENATE(" (",L22,IF(M22>0,CONCATENATE(IF(L22>0,",",""),M22,"A"),""),")"),"")),"") | N73: =IF(K22="A", CONCATENATE($B22, IF(L22+M22>0,CONCATENATE(" (",L22,IF(M22>0,CONCATENATE(IF(L22>0,",",""),M22,"A"),""),")"),"")),"") | O73: =IF(O22="G", CONCATENATE($B22, IF(P22+Q22>0,CONCATENATE(" (",P22,IF(Q22>0,CONCATENATE(IF(P22>0,",",""),Q22,"A"),""),")"),"")),"") | P73: =IF(O22="D", CONCATENATE($B22, IF(P22+Q22>0,CONCATENATE(" (",P22,IF(Q22>0,CONCATENATE(IF(P22>0,",",""),Q22,"A"),""),")"),"")),"") | Q73: =IF(O22="M", CONCATENATE($B22, IF(P22+Q22>0,CONCATENATE(" (",P22,IF(Q22>0,CONCATENATE(IF(P22>0,",",""),Q22,"A"),""),")"),"")),"") -> Alex Griffiths | R73: =IF(O22="A", CONCATENATE($B22, IF(P22+Q22>0,CONCATENATE(" (",P22,IF(Q22>0,CONCATENATE(IF(P22>0,",",""),Q22,"A"),""),")"),"")),"") | S73: =IF(S22="G", CONCATENATE($B22, IF(T22+U22>0,CONCATENATE(" (",T22,IF(U22>0,CONCATENATE(IF(T22>0,",",""),U22,"A"),""),")"),"")),"") | T73: =IF(S22="D", CONCATENATE($B22, IF(T22+U22>0,CONCATENATE(" (",T22,IF(U22>0,CONCATENATE(IF(T22>0,",",""),U22,"A"),""),")"),"")),"") | U73: =IF(S22="M", CONCATENATE($B22, IF(T22+U22>0,CONCATENATE(" (",T22,IF(U22>0,CONCATENATE(IF(T22>0,",",""),U22,"A"),""),")"),"")),"") -> Alex Griffiths | V73: =IF(S22="A", CONCATENATE($B22, IF(T22+U22>0,CONCATENATE(" (",T22,IF(U22>0,CONCATENATE(IF(T22>0,",",""),U22,"A"),""),")"),"")),"") | W73: =IF(W22="G", CONCATENATE($B22, IF(X22+Y22>0,CONCATENATE(" (",X22,IF(Y22>0,CONCATENATE(IF(X22>0,",",""),Y22,"A"),""),")"),"")),"") | X73: =IF(W22="D", CONCATENATE($B22, IF(X22+Y22>0,CONCATENATE(" (",X22,IF(Y22>0,CONCATENATE(IF(X22>0,",",""),Y22,"A"),""),")"),"")),"") | Y73: =IF(W22="M", CONCATENATE($B22, IF(X22+Y22>0,CONCATENATE(" (",X22,IF(Y22>0,CONCATENATE(IF(X22>0,",",""),Y22,"A"),""),")"),"")),"") | Z73: =IF(W22="A", CONCATENATE($B22, IF(X22+Y22>0,CONCATENATE(" (",X22,IF(Y22>0,CONCATENATE(IF(X22>0,",",""),Y22,"A"),""),")"),"")),"") | AA73: =IF(AA22="G", CONCATENATE($B22, IF(AB22+AC22>0,CONCATENATE(" (",AB22,IF(AC22>0,CONCATENATE(IF(AB22>0,",",""),AC22,"A"),""),")"),"")),"") | AB73: =IF(AA22="D", CONCATENATE($B22, IF(AB22+AC22>0,CONCATENATE(" (",AB22,IF(AC22>0,CONCATENATE(IF(AB22>0,",",""),AC22,"A"),""),")"),"")),"") | AC73: =IF(AA22="M", CONCATENATE($B22, IF(AB22+AC22>0,CONCATENATE(" (",AB22,IF(AC22>0,CONCATENATE(IF(AB22>0,",",""),AC22,"A"),""),")"),"")),"") -> Alex Griffiths | AD73: =IF(AA22="A", CONCATENATE($B22, IF(AB22+AC22>0,CONCATENATE(" (",AB22,IF(AC22>0,CONCATENATE(IF(AB22>0,",",""),AC22,"A"),""),")"),"")),"") | AE73: =IF(AE22="G", CONCATENATE($B22, IF(AF22+AG22>0,CONCATENATE(" (",AF22,IF(AG22>0,CONCATENATE(IF(AF22>0,",",""),AG22,"A"),""),")"),"")),"") | AF73: =IF(AE22="D", CONCATENATE($B22, IF(AF22+AG22>0,CONCATENATE(" (",AF22,IF(AG22>0,CONCATENATE(IF(AF22>0,",",""),AG22,"A"),""),")"),"")),"") | AG73: =IF(AE22="M", CONCATENATE($B22, IF(AF22+AG22>0,CONCATENATE(" (",AF22,IF(AG22>0,CONCATENATE(IF(AF22>0,",",""),AG22,"A"),""),")"),"")),"") -> Alex Griffiths | AH73: =IF(AE22="A", CONCATENATE($B22, IF(AF22+AG22>0,CONCATENATE(" (",AF22,IF(AG22>0,CONCATENATE(IF(AF22>0,",",""),AG22,"A"),""),")"),"")),"") | AI73: =IF(AI22="G", CONCATENATE($B22, IF(AJ22+AK22>0,CONCATENATE(" (",AJ22,IF(AK22>0,CONCATENATE(IF(AJ22>0,",",""),AK22,"A"),""),")"),"")),"") | AJ73: =IF(AI22="D", CONCATENATE($B22, IF(AJ22+AK22>0,CONCATENATE(" (",AJ22,IF(AK22>0,CONCATENATE(IF(AJ22>0,",",""),AK22,"A"),""),")"),"")),"") | AK73: =IF(AI22="M", CONCATENATE($B22, IF(AJ22+AK22>0,CONCATENATE(" (",AJ22,IF(AK22>0,CONCATENATE(IF(AJ22>0,",",""),AK22,"A"),""),")"),"")),"") -> Alex Griffiths | AL73: =IF(AI22="A", CONCATENATE($B22, IF(AJ22+AK22>0,CONCATENATE(" (",AJ22,IF(AK22>0,CONCATENATE(IF(AJ22>0,",",""),AK22,"A"),""),")"),"")),"") | AM73: =IF(AM22="G", CONCATENATE($B22, IF(AN22+AO22>0,CONCATENATE(" (",AN22,IF(AO22>0,CONCATENATE(IF(AN22>0,",",""),AO22,"A"),""),")"),"")),"") | AN73: =IF(AM22="D", CONCATENATE($B22, IF(AN22+AO22>0,CONCATENATE(" (",AN22,IF(AO22>0,CONCATENATE(IF(AN22>0,",",""),AO22,"A"),""),")"),"")),"") | AO73: =IF(AM22="M", CONCATENATE($B22, IF(AN22+AO22>0,CONCATENATE(" (",AN22,IF(AO22>0,CONCATENATE(IF(AN22>0,",",""),AO22,"A"),""),")"),"")),"") | AP73: =IF(AM22="A", CONCATENATE($B22, IF(AN22+AO22>0,CONCATENATE(" (",AN22,IF(AO22>0,CONCATENATE(IF(AN22>0,",",""),AO22,"A"),""),")"),"")),"") | AQ73: =IF(AQ22="G", CONCATENATE($B22, IF(AR22+AS22>0,CONCATENATE(" (",AR22,IF(AS22>0,CONCATENATE(IF(AR22>0,",",""),AS22,"A"),""),")"),"")),"") | AR73: =IF(AQ22="D", CONCATENATE($B22, IF(AR22+AS22>0,CONCATENATE(" (",AR22,IF(AS22>0,CONCATENATE(IF(AR22>0,",",""),AS22,"A"),""),")"),"")),"") | AS73: =IF(AQ22="M", CONCATENATE($B22, IF(AR22+AS22>0,CONCATENATE(" (",AR22,IF(AS22>0,CONCATENATE(IF(AR22>0,",",""),AS22,"A"),""),")"),"")),"") -> Alex Griffiths (1) | AT73: =IF(AQ22="A", CONCATENATE($B22, IF(AR22+AS22>0,CONCATENATE(" (",AR22,IF(AS22>0,CONCATENATE(IF(AR22>0,",",""),AS22,"A"),""),")"),"")),"") | AU73: =IF(AU22="G", CONCATENATE($B22, IF(AV22+AW22>0,CONCATENATE(" (",AV22,IF(AW22>0,CONCATENATE(IF(AV22>0,",",""),AW22,"A"),""),")"),"")),"") | AV73: =IF(AU22="D", CONCATENATE($B22, IF(AV22+AW22>0,CONCATENATE(" (",AV22,IF(AW22>0,CONCATENATE(IF(AV22>0,",",""),AW22,"A"),""),")"),"")),"") | AW73: =IF(AU22="M", CONCATENATE($B22, IF(AV22+AW22>0,CONCATENATE(" (",AV22,IF(AW22>0,CONCATENATE(IF(AV22>0,",",""),AW22,"A"),""),")"),"")),"") -> Alex Griffiths | AX73: =IF(AU22="A", CONCATENATE($B22, IF(AV22+AW22>0,CONCATENATE(" (",AV22,IF(AW22>0,CONCATENATE(IF(AV22>0,",",""),AW22,"A"),""),")"),"")),"") | AY73: =IF(AY22="G", CONCATENATE($B22, IF(AZ22+BA22>0,CONCATENATE(" (",AZ22,IF(BA22>0,CONCATENATE(IF(AZ22>0,",",""),BA22,"A"),""),")"),"")),"") | AZ73: =IF(AY22="D", CONCATENATE($B22, IF(AZ22+BA22>0,CONCATENATE(" (",AZ22,IF(BA22>0,CONCATENATE(IF(AZ22>0,",",""),BA22,"A"),""),")"),"")),"") | BA73: =IF(AY22="M", CONCATENATE($B22, IF(AZ22+BA22>0,CONCATENATE(" (",AZ22,IF(BA22>0,CONCATENATE(IF(AZ22>0,",",""),BA22,"A"),""),")"),"")),"") | BB73: =IF(AY22="A", CONCATENATE($B22, IF(AZ22+BA22>0,CONCATENATE(" (",AZ22,IF(BA22>0,CONCATENATE(IF(AZ22>0,",",""),BA22,"A"),""),")"),"")),"") -> Alex Griffiths | BC73: =IF(BC22="G", CONCATENATE($B22, IF(BD22+BE22>0,CONCATENATE(" (",BD22,IF(BE22>0,CONCATENATE(IF(BD22>0,",",""),BE22,"A"),""),")"),"")),"") | BD73: =IF(BC22="D", CONCATENATE($B22, IF(BD22+BE22>0,CONCATENATE(" (",BD22,IF(BE22>0,CONCATENATE(IF(BD22>0,",",""),BE22,"A"),""),")"),"")),"") | BE73: =IF(BC22="M", CONCATENATE($B22, IF(BD22+BE22>0,CONCATENATE(" (",BD22,IF(BE22>0,CONCATENATE(IF(BD22>0,",",""),BE22,"A"),""),")"),"")),"") | BF73: =IF(BC22="A", CONCATENATE($B22, IF(BD22+BE22>0,CONCATENATE(" (",BD22,IF(BE22>0,CONCATENATE(IF(BD22>0,",",""),BE22,"A"),""),")"),"")),"") | BG73: =IF(BG22="G", CONCATENATE($B22, IF(BH22+BI22>0,CONCATENATE(" (",BH22,IF(BI22>0,CONCATENATE(IF(BH22>0,",",""),BI22,"A"),""),")"),"")),"") | BH73: =IF(BG22="D", CONCATENATE($B22, IF(BH22+BI22>0,CONCATENATE(" (",BH22,IF(BI22>0,CONCATENATE(IF(BH22>0,",",""),BI22,"A"),""),")"),"")),"") | BI73: =IF(BG22="M", CONCATENATE($B22, IF(BH22+BI22>0,CONCATENATE(" (",BH22,IF(BI22>0,CONCATENATE(IF(BH22>0,",",""),BI22,"A"),""),")"),"")),"") | BJ73: =IF(BG22="A", CONCATENATE($B22, IF(BH22+BI22>0,CONCATENATE(" (",BH22,IF(BI22>0,CONCATENATE(IF(BH22>0,",",""),BI22,"A"),""),")"),"")),"") | BK73: =IF(BK22="G", CONCATENATE($B22, IF(BL22+BM22>0,CONCATENATE(" (",BL22,IF(BM22>0,CONCATENATE(IF(BL22>0,",",""),BM22,"A"),""),")"),"")),"") | BL73: =IF(BK22="D", CONCATENATE($B22, IF(BL22+BM22>0,CONCATENATE(" (",BL22,IF(BM22>0,CONCATENATE(IF(BL22>0,",",""),BM22,"A"),""),")"),"")),"") | BM73: =IF(BK22="M", CONCATENATE($B22, IF(BL22+BM22>0,CONCATENATE(" (",BL22,IF(BM22>0,CONCATENATE(IF(BL22>0,",",""),BM22,"A"),""),")"),"")),"") | BN73: =IF(BK22="A", CONCATENATE($B22, IF(BL22+BM22>0,CONCATENATE(" (",BL22,IF(BM22>0,CONCATENATE(IF(BL22>0,",",""),BM22,"A"),""),")"),"")),"") | BO73: =IF(BO22="G", CONCATENATE($B22, IF(BP22+BQ22>0,CONCATENATE(" (",BP22,IF(BQ22>0,CONCATENATE(IF(BP22>0,",",""),BQ22,"A"),""),")"),"")),"") | BP73: =IF(BO22="D", CONCATENATE($B22, IF(BP22+BQ22>0,CONCATENATE(" (",BP22,IF(BQ22>0,CONCATENATE(IF(BP22>0,",",""),BQ22,"A"),""),")"),"")),"") | BQ73: =IF(BO22="M", CONCATENATE($B22, IF(BP22+BQ22>0,CONCATENATE(" (",BP22,IF(BQ22>0,CONCATENATE(IF(BP22>0,",",""),BQ22,"A"),""),")"),"")),"") -> Alex Griffiths | BR73: =IF(BO22="A", CONCATENATE($B22, IF(BP22+BQ22>0,CONCATENATE(" (",BP22,IF(BQ22>0,CONCATENATE(IF(BP22>0,",",""),BQ22,"A"),""),")"),"")),"") | BS73: =IF(BS22="G", CONCATENATE($B22, IF(BT22+BU22>0,CONCATENATE(" (",BT22,IF(BU22>0,CONCATENATE(IF(BT22>0,",",""),BU22,"A"),""),")"),"")),"") | BT73: =IF(BS22="D", CONCATENATE($B22, IF(BT22+BU22>0,CONCATENATE(" (",BT22,IF(BU22>0,CONCATENATE(IF(BT22>0,",",""),BU22,"A"),""),")"),"")),"") | BU73: =IF(BS22="M", CONCATENATE($B22, IF(BT22+BU22>0,CONCATENATE(" (",BT22,IF(BU22>0,CONCATENATE(IF(BT22>0,",",""),BU22,"A"),""),")"),"")),"") -> Alex Griffiths | BV73: =IF(BS22="A", CONCATENATE($B22, IF(BT22+BU22>0,CONCATENATE(" (",BT22,IF(BU22>0,CONCATENATE(IF(BT22>0,",",""),BU22,"A"),""),")"),"")),"") | BW73: =IF(BW22="G", CONCATENATE($B22, IF(BX22+BY22>0,CONCATENATE(" (",BX22,IF(BY22>0,CONCATENATE(IF(BX22>0,",",""),BY22,"A"),""),")"),"")),"") | BX73: =IF(BW22="D", CONCATENATE($B22, IF(BX22+BY22>0,CONCATENATE(" (",BX22,IF(BY22>0,CONCATENATE(IF(BX22>0,",",""),BY22,"A"),""),")"),"")),"") | BY73: =IF(BW22="M", CONCATENATE($B22, IF(BX22+BY22>0,CONCATENATE(" (",BX22,IF(BY22>0,CONCATENATE(IF(BX22>0,",",""),BY22,"A"),""),")"),"")),"") | BZ73: =IF(BW22="A", CONCATENATE($B22, IF(BX22+BY22>0,CONCATENATE(" (",BX22,IF(BY22>0,CONCATENATE(IF(BX22>0,",",""),BY22,"A"),""),")"),"")),"") | CA73: =IF(CA22="G", CONCATENATE($B22, IF(CB22+CC22>0,CONCATENATE(" (",CB22,IF(CC22>0,CONCATENATE(IF(CB22>0,",",""),CC22,"A"),""),")"),"")),"") | CB73: =IF(CA22="D", CONCATENATE($B22, IF(CB22+CC22>0,CONCATENATE(" (",CB22,IF(CC22>0,CONCATENATE(IF(CB22>0,",",""),CC22,"A"),""),")"),"")),"") | CC73: =IF(CA22="M", CONCATENATE($B22, IF(CB22+CC22>0,CONCATENATE(" (",CB22,IF(CC22>0,CONCATENATE(IF(CB22>0,",",""),CC22,"A"),""),")"),"")),"") | CD73: =IF(CA22="A", CONCATENATE($B22, IF(CB22+CC22>0,CONCATENATE(" (",CB22,IF(CC22>0,CONCATENATE(IF(CB22>0,",",""),CC22,"A"),""),")"),"")),"") | CE73: =IF(CE22="G", CONCATENATE($B22, IF(CF22+CG22>0,CONCATENATE(" (",CF22,IF(CG22>0,CONCATENATE(IF(CF22>0,",",""),CG22,"A"),""),")"),"")),"") | CF73: =IF(CE22="D", CONCATENATE($B22, IF(CF22+CG22>0,CONCATENATE(" (",CF22,IF(CG22>0,CONCATENATE(IF(CF22>0,",",""),CG22,"A"),""),")"),"")),"") | CG73: =IF(CE22="M", CONCATENATE($B22, IF(CF22+CG22>0,CONCATENATE(" (",CF22,IF(CG22>0,CONCATENATE(IF(CF22>0,",",""),CG22,"A"),""),")"),"")),"") | CH73: =IF(CE22="A", CONCATENATE($B22, IF(CF22+CG22>0,CONCATENATE(" (",CF22,IF(CG22>0,CONCATENATE(IF(CF22>0,",",""),CG22,"A"),""),")"),"")),"") -> Alex Griffiths | CI73: =IF(CI22="G", CONCATENATE($B22, IF(CJ22+CK22>0,CONCATENATE(" (",CJ22,IF(CK22>0,CONCATENATE(IF(CJ22>0,",",""),CK22,"A"),""),")"),"")),"") | CJ73: =IF(CI22="D", CONCATENATE($B22, IF(CJ22+CK22>0,CONCATENATE(" (",CJ22,IF(CK22>0,CONCATENATE(IF(CJ22>0,",",""),CK22,"A"),""),")"),"")),"") | CK73: =IF(CI22="M", CONCATENATE($B22, IF(CJ22+CK22>0,CONCATENATE(" (",CJ22,IF(CK22>0,CONCATENATE(IF(CJ22>0,",",""),CK22,"A"),""),")"),"")),"") | CL73: =IF(CI22="A", CONCATENATE($B22, IF(CJ22+CK22>0,CONCATENATE(" (",CJ22,IF(CK22>0,CONCATENATE(IF(CJ22>0,",",""),CK22,"A"),""),")"),"")),"")
E74: =E73+1 -> 14 | G74: =IF(G23="G", CONCATENATE($B23, IF(H23+I23>0,CONCATENATE(" (",H23,IF(I23>0,CONCATENATE(IF(H23>0,",",""),I23,"A"),""),")"),"")),"") | H74: =IF(G23="D", CONCATENATE($B23, IF(H23+I23>0,CONCATENATE(" (",H23,IF(I23>0,CONCATENATE(IF(H23>0,",",""),I23,"A"),""),")"),"")),"") | I74: =IF(G23="M", CONCATENATE($B23, IF(H23+I23>0,CONCATENATE(" (",H23,IF(I23>0,CONCATENATE(IF(H23>0,",",""),I23,"A"),""),")"),"")),"") | J74: =IF(G23="A", CONCATENATE($B23, IF(H23+I23>0,CONCATENATE(" (",H23,IF(I23>0,CONCATENATE(IF(H23>0,",",""),I23,"A"),""),")"),"")),"") | K74: =IF(K23="G", CONCATENATE($B23, IF(L23+M23>0,CONCATENATE(" (",L23,IF(M23>0,CONCATENATE(IF(L23>0,",",""),M23,"A"),""),")"),"")),"") | L74: =IF(K23="D", CONCATENATE($B23, IF(L23+M23>0,CONCATENATE(" (",L23,IF(M23>0,CONCATENATE(IF(L23>0,",",""),M23,"A"),""),")"),"")),"") | M74: =IF(K23="M", CONCATENATE($B23, IF(L23+M23>0,CONCATENATE(" (",L23,IF(M23>0,CONCATENATE(IF(L23>0,",",""),M23,"A"),""),")"),"")),"") | N74: =IF(K23="A", CONCATENATE($B23, IF(L23+M23>0,CONCATENATE(" (",L23,IF(M23>0,CONCATENATE(IF(L23>0,",",""),M23,"A"),""),")"),"")),"") | O74: =IF(O23="G", CONCATENATE($B23, IF(P23+Q23>0,CONCATENATE(" (",P23,IF(Q23>0,CONCATENATE(IF(P23>0,",",""),Q23,"A"),""),")"),"")),"") | P74: =IF(O23="D", CONCATENATE($B23, IF(P23+Q23>0,CONCATENATE(" (",P23,IF(Q23>0,CONCATENATE(IF(P23>0,",",""),Q23,"A"),""),")"),"")),"") | Q74: =IF(O23="M", CONCATENATE($B23, IF(P23+Q23>0,CONCATENATE(" (",P23,IF(Q23>0,CONCATENATE(IF(P23>0,",",""),Q23,"A"),""),")"),"")),"") | R74: =IF(O23="A", CONCATENATE($B23, IF(P23+Q23>0,CONCATENATE(" (",P23,IF(Q23>0,CONCATENATE(IF(P23>0,",",""),Q23,"A"),""),")"),"")),"") | S74: =IF(S23="G", CONCATENATE($B23, IF(T23+U23>0,CONCATENATE(" (",T23,IF(U23>0,CONCATENATE(IF(T23>0,",",""),U23,"A"),""),")"),"")),"") | T74: =IF(S23="D", CONCATENATE($B23, IF(T23+U23>0,CONCATENATE(" (",T23,IF(U23>0,CONCATENATE(IF(T23>0,",",""),U23,"A"),""),")"),"")),"") -> Jussi Grut | U74: =IF(S23="M", CONCATENATE($B23, IF(T23+U23>0,CONCATENATE(" (",T23,IF(U23>0,CONCATENATE(IF(T23>0,",",""),U23,"A"),""),")"),"")),"") | V74: =IF(S23="A", CONCATENATE($B23, IF(T23+U23>0,CONCATENATE(" (",T23,IF(U23>0,CONCATENATE(IF(T23>0,",",""),U23,"A"),""),")"),"")),"") | W74: =IF(W23="G", CONCATENATE($B23, IF(X23+Y23>0,CONCATENATE(" (",X23,IF(Y23>0,CONCATENATE(IF(X23>0,",",""),Y23,"A"),""),")"),"")),"") | X74: =IF(W23="D", CONCATENATE($B23, IF(X23+Y23>0,CONCATENATE(" (",X23,IF(Y23>0,CONCATENATE(IF(X23>0,",",""),Y23,"A"),""),")"),"")),"") | Y74: =IF(W23="M", CONCATENATE($B23, IF(X23+Y23>0,CONCATENATE(" (",X23,IF(Y23>0,CONCATENATE(IF(X23>0,",",""),Y23,"A"),""),")"),"")),"") | Z74: =IF(W23="A", CONCATENATE($B23, IF(X23+Y23>0,CONCATENATE(" (",X23,IF(Y23>0,CONCATENATE(IF(X23>0,",",""),Y23,"A"),""),")"),"")),"") | AA74: =IF(AA23="G", CONCATENATE($B23, IF(AB23+AC23>0,CONCATENATE(" (",AB23,IF(AC23>0,CONCATENATE(IF(AB23>0,",",""),AC23,"A"),""),")"),"")),"") | AB74: =IF(AA23="D", CONCATENATE($B23, IF(AB23+AC23>0,CONCATENATE(" (",AB23,IF(AC23>0,CONCATENATE(IF(AB23>0,",",""),AC23,"A"),""),")"),"")),"") | AC74: =IF(AA23="M", CONCATENATE($B23, IF(AB23+AC23>0,CONCATENATE(" (",AB23,IF(AC23>0,CONCATENATE(IF(AB23>0,",",""),AC23,"A"),""),")"),"")),"") | AD74: =IF(AA23="A", CONCATENATE($B23, IF(AB23+AC23>0,CONCATENATE(" (",AB23,IF(AC23>0,CONCATENATE(IF(AB23>0,",",""),AC23,"A"),""),")"),"")),"") | AE74: =IF(AE23="G", CONCATENATE($B23, IF(AF23+AG23>0,CONCATENATE(" (",AF23,IF(AG23>0,CONCATENATE(IF(AF23>0,",",""),AG23,"A"),""),")"),"")),"") | AF74: =IF(AE23="D", CONCATENATE($B23, IF(AF23+AG23>0,CONCATENATE(" (",AF23,IF(AG23>0,CONCATENATE(IF(AF23>0,",",""),AG23,"A"),""),")"),"")),"") | AG74: =IF(AE23="M", CONCATENATE($B23, IF(AF23+AG23>0,CONCATENATE(" (",AF23,IF(AG23>0,CONCATENATE(IF(AF23>0,",",""),AG23,"A"),""),")"),"")),"") -> Jussi Grut | AH74: =IF(AE23="A", CONCATENATE($B23, IF(AF23+AG23>0,CONCATENATE(" (",AF23,IF(AG23>0,CONCATENATE(IF(AF23>0,",",""),AG23,"A"),""),")"),"")),"") | AI74: =IF(AI23="G", CONCATENATE($B23, IF(AJ23+AK23>0,CONCATENATE(" (",AJ23,IF(AK23>0,CONCATENATE(IF(AJ23>0,",",""),AK23,"A"),""),")"),"")),"") | AJ74: =IF(AI23="D", CONCATENATE($B23, IF(AJ23+AK23>0,CONCATENATE(" (",AJ23,IF(AK23>0,CONCATENATE(IF(AJ23>0,",",""),AK23,"A"),""),")"),"")),"") | AK74: =IF(AI23="M", CONCATENATE($B23, IF(AJ23+AK23>0,CONCATENATE(" (",AJ23,IF(AK23>0,CONCATENATE(IF(AJ23>0,",",""),AK23,"A"),""),")"),"")),"") -> Jussi Grut | AL74: =IF(AI23="A", CONCATENATE($B23, IF(AJ23+AK23>0,CONCATENATE(" (",AJ23,IF(AK23>0,CONCATENATE(IF(AJ23>0,",",""),AK23,"A"),""),")"),"")),"") | AM74: =IF(AM23="G", CONCATENATE($B23, IF(AN23+AO23>0,CONCATENATE(" (",AN23,IF(AO23>0,CONCATENATE(IF(AN23>0,",",""),AO23,"A"),""),")"),"")),"") | AN74: =IF(AM23="D", CONCATENATE($B23, IF(AN23+AO23>0,CONCATENATE(" (",AN23,IF(AO23>0,CONCATENATE(IF(AN23>0,",",""),AO23,"A"),""),")"),"")),"") | AO74: =IF(AM23="M", CONCATENATE($B23, IF(AN23+AO23>0,CONCATENATE(" (",AN23,IF(AO23>0,CONCATENATE(IF(AN23>0,",",""),AO23,"A"),""),")"),"")),"") | AP74: =IF(AM23="A", CONCATENATE($B23, IF(AN23+AO23>0,CONCATENATE(" (",AN23,IF(AO23>0,CONCATENATE(IF(AN23>0,",",""),AO23,"A"),""),")"),"")),"") | AQ74: =IF(AQ23="G", CONCATENATE($B23, IF(AR23+AS23>0,CONCATENATE(" (",AR23,IF(AS23>0,CONCATENATE(IF(AR23>0,",",""),AS23,"A"),""),")"),"")),"") | AR74: =IF(AQ23="D", CONCATENATE($B23, IF(AR23+AS23>0,CONCATENATE(" (",AR23,IF(AS23>0,CONCATENATE(IF(AR23>0,",",""),AS23,"A"),""),")"),"")),"") | AS74: =IF(AQ23="M", CONCATENATE($B23, IF(AR23+AS23>0,CONCATENATE(" (",AR23,IF(AS23>0,CONCATENATE(IF(AR23>0,",",""),AS23,"A"),""),")"),"")),"") | AT74: =IF(AQ23="A", CONCATENATE($B23, IF(AR23+AS23>0,CONCATENATE(" (",AR23,IF(AS23>0,CONCATENATE(IF(AR23>0,",",""),AS23,"A"),""),")"),"")),"") -> Jussi Grut | AU74: =IF(AU23="G", CONCATENATE($B23, IF(AV23+AW23>0,CONCATENATE(" (",AV23,IF(AW23>0,CONCATENATE(IF(AV23>0,",",""),AW23,"A"),""),")"),"")),"") | AV74: =IF(AU23="D", CONCATENATE($B23, IF(AV23+AW23>0,CONCATENATE(" (",AV23,IF(AW23>0,CONCATENATE(IF(AV23>0,",",""),AW23,"A"),""),")"),"")),"") | AW74: =IF(AU23="M", CONCATENATE($B23, IF(AV23+AW23>0,CONCATENATE(" (",AV23,IF(AW23>0,CONCATENATE(IF(AV23>0,",",""),AW23,"A"),""),")"),"")),"") | AX74: =IF(AU23="A", CONCATENATE($B23, IF(AV23+AW23>0,CONCATENATE(" (",AV23,IF(AW23>0,CONCATENATE(IF(AV23>0,",",""),AW23,"A"),""),")"),"")),"") | AY74: =IF(AY23="G", CONCATENATE($B23, IF(AZ23+BA23>0,CONCATENATE(" (",AZ23,IF(BA23>0,CONCATENATE(IF(AZ23>0,",",""),BA23,"A"),""),")"),"")),"") | AZ74: =IF(AY23="D", CONCATENATE($B23, IF(AZ23+BA23>0,CONCATENATE(" (",AZ23,IF(BA23>0,CONCATENATE(IF(AZ23>0,",",""),BA23,"A"),""),")"),"")),"") | BA74: =IF(AY23="M", CONCATENATE($B23, IF(AZ23+BA23>0,CONCATENATE(" (",AZ23,IF(BA23>0,CONCATENATE(IF(AZ23>0,",",""),BA23,"A"),""),")"),"")),"") | BB74: =IF(AY23="A", CONCATENATE($B23, IF(AZ23+BA23>0,CONCATENATE(" (",AZ23,IF(BA23>0,CONCATENATE(IF(AZ23>0,",",""),BA23,"A"),""),")"),"")),"") | BC74: =IF(BC23="G", CONCATENATE($B23, IF(BD23+BE23>0,CONCATENATE(" (",BD23,IF(BE23>0,CONCATENATE(IF(BD23>0,",",""),BE23,"A"),""),")"),"")),"") | BD74: =IF(BC23="D", CONCATENATE($B23, IF(BD23+BE23>0,CONCATENATE(" (",BD23,IF(BE23>0,CONCATENATE(IF(BD23>0,",",""),BE23,"A"),""),")"),"")),"") | BE74: =IF(BC23="M", CONCATENATE($B23, IF(BD23+BE23>0,CONCATENATE(" (",BD23,IF(BE23>0,CONCATENATE(IF(BD23>0,",",""),BE23,"A"),""),")"),"")),"") | BF74: =IF(BC23="A", CONCATENATE($B23, IF(BD23+BE23>0,CONCATENATE(" (",BD23,IF(BE23>0,CONCATENATE(IF(BD23>0,",",""),BE23,"A"),""),")"),"")),"") | BG74: =IF(BG23="G", CONCATENATE($B23, IF(BH23+BI23>0,CONCATENATE(" (",BH23,IF(BI23>0,CONCATENATE(IF(BH23>0,",",""),BI23,"A"),""),")"),"")),"") | BH74: =IF(BG23="D", CONCATENATE($B23, IF(BH23+BI23>0,CONCATENATE(" (",BH23,IF(BI23>0,CONCATENATE(IF(BH23>0,",",""),BI23,"A"),""),")"),"")),"") | BI74: =IF(BG23="M", CONCATENATE($B23, IF(BH23+BI23>0,CONCATENATE(" (",BH23,IF(BI23>0,CONCATENATE(IF(BH23>0,",",""),BI23,"A"),""),")"),"")),"") | BJ74: =IF(BG23="A", CONCATENATE($B23, IF(BH23+BI23>0,CONCATENATE(" (",BH23,IF(BI23>0,CONCATENATE(IF(BH23>0,",",""),BI23,"A"),""),")"),"")),"") | BK74: =IF(BK23="G", CONCATENATE($B23, IF(BL23+BM23>0,CONCATENATE(" (",BL23,IF(BM23>0,CONCATENATE(IF(BL23>0,",",""),BM23,"A"),""),")"),"")),"") | BL74: =IF(BK23="D", CONCATENATE($B23, IF(BL23+BM23>0,CONCATENATE(" (",BL23,IF(BM23>0,CONCATENATE(IF(BL23>0,",",""),BM23,"A"),""),")"),"")),"") | BM74: =IF(BK23="M", CONCATENATE($B23, IF(BL23+BM23>0,CONCATENATE(" (",BL23,IF(BM23>0,CONCATENATE(IF(BL23>0,",",""),BM23,"A"),""),")"),"")),"") | BN74: =IF(BK23="A", CONCATENATE($B23, IF(BL23+BM23>0,CONCATENATE(" (",BL23,IF(BM23>0,CONCATENATE(IF(BL23>0,",",""),BM23,"A"),""),")"),"")),"") | BO74: =IF(BO23="G", CONCATENATE($B23, IF(BP23+BQ23>0,CONCATENATE(" (",BP23,IF(BQ23>0,CONCATENATE(IF(BP23>0,",",""),BQ23,"A"),""),")"),"")),"") | BP74: =IF(BO23="D", CONCATENATE($B23, IF(BP23+BQ23>0,CONCATENATE(" (",BP23,IF(BQ23>0,CONCATENATE(IF(BP23>0,",",""),BQ23,"A"),""),")"),"")),"") | BQ74: =IF(BO23="M", CONCATENATE($B23, IF(BP23+BQ23>0,CONCATENATE(" (",BP23,IF(BQ23>0,CONCATENATE(IF(BP23>0,",",""),BQ23,"A"),""),")"),"")),"") | BR74: =IF(BO23="A", CONCATENATE($B23, IF(BP23+BQ23>0,CONCATENATE(" (",BP23,IF(BQ23>0,CONCATENATE(IF(BP23>0,",",""),BQ23,"A"),""),")"),"")),"") | BS74: =IF(BS23="G", CONCATENATE($B23, IF(BT23+BU23>0,CONCATENATE(" (",BT23,IF(BU23>0,CONCATENATE(IF(BT23>0,",",""),BU23,"A"),""),")"),"")),"") | BT74: =IF(BS23="D", CONCATENATE($B23, IF(BT23+BU23>0,CONCATENATE(" (",BT23,IF(BU23>0,CONCATENATE(IF(BT23>0,",",""),BU23,"A"),""),")"),"")),"") | BU74: =IF(BS23="M", CONCATENATE($B23, IF(BT23+BU23>0,CONCATENATE(" (",BT23,IF(BU23>0,CONCATENATE(IF(BT23>0,",",""),BU23,"A"),""),")"),"")),"") | BV74: =IF(BS23="A", CONCATENATE($B23, IF(BT23+BU23>0,CONCATENATE(" (",BT23,IF(BU23>0,CONCATENATE(IF(BT23>0,",",""),BU23,"A"),""),")"),"")),"") | BW74: =IF(BW23="G", CONCATENATE($B23, IF(BX23+BY23>0,CONCATENATE(" (",BX23,IF(BY23>0,CONCATENATE(IF(BX23>0,",",""),BY23,"A"),""),")"),"")),"") | BX74: =IF(BW23="D", CONCATENATE($B23, IF(BX23+BY23>0,CONCATENATE(" (",BX23,IF(BY23>0,CONCATENATE(IF(BX23>0,",",""),BY23,"A"),""),")"),"")),"") | BY74: =IF(BW23="M", CONCATENATE($B23, IF(BX23+BY23>0,CONCATENATE(" (",BX23,IF(BY23>0,CONCATENATE(IF(BX23>0,",",""),BY23,"A"),""),")"),"")),"") | BZ74: =IF(BW23="A", CONCATENATE($B23, IF(BX23+BY23>0,CONCATENATE(" (",BX23,IF(BY23>0,CONCATENATE(IF(BX23>0,",",""),BY23,"A"),""),")"),"")),"") | CA74: =IF(CA23="G", CONCATENATE($B23, IF(CB23+CC23>0,CONCATENATE(" (",CB23,IF(CC23>0,CONCATENATE(IF(CB23>0,",",""),CC23,"A"),""),")"),"")),"") | CB74: =IF(CA23="D", CONCATENATE($B23, IF(CB23+CC23>0,CONCATENATE(" (",CB23,IF(CC23>0,CONCATENATE(IF(CB23>0,",",""),CC23,"A"),""),")"),"")),"") | CC74: =IF(CA23="M", CONCATENATE($B23, IF(CB23+CC23>0,CONCATENATE(" (",CB23,IF(CC23>0,CONCATENATE(IF(CB23>0,",",""),CC23,"A"),""),")"),"")),"") | CD74: =IF(CA23="A", CONCATENATE($B23, IF(CB23+CC23>0,CONCATENATE(" (",CB23,IF(CC23>0,CONCATENATE(IF(CB23>0,",",""),CC23,"A"),""),")"),"")),"") | CE74: =IF(CE23="G", CONCATENATE($B23, IF(CF23+CG23>0,CONCATENATE(" (",CF23,IF(CG23>0,CONCATENATE(IF(CF23>0,",",""),CG23,"A"),""),")"),"")),"") | CF74: =IF(CE23="D", CONCATENATE($B23, IF(CF23+CG23>0,CONCATENATE(" (",CF23,IF(CG23>0,CONCATENATE(IF(CF23>0,",",""),CG23,"A"),""),")"),"")),"") | CG74: =IF(CE23="M", CONCATENATE($B23, IF(CF23+CG23>0,CONCATENATE(" (",CF23,IF(CG23>0,CONCATENATE(IF(CF23>0,",",""),CG23,"A"),""),")"),"")),"") | CH74: =IF(CE23="A", CONCATENATE($B23, IF(CF23+CG23>0,CONCATENATE(" (",CF23,IF(CG23>0,CONCATENATE(IF(CF23>0,",",""),CG23,"A"),""),")"),"")),"") | CI74: =IF(CI23="G", CONCATENATE($B23, IF(CJ23+CK23>0,CONCATENATE(" (",CJ23,IF(CK23>0,CONCATENATE(IF(CJ23>0,",",""),CK23,"A"),""),")"),"")),"") | CJ74: =IF(CI23="D", CONCATENATE($B23, IF(CJ23+CK23>0,CONCATENATE(" (",CJ23,IF(CK23>0,CONCATENATE(IF(CJ23>0,",",""),CK23,"A"),""),")"),"")),"") | CK74: =IF(CI23="M", CONCATENATE($B23, IF(CJ23+CK23>0,CONCATENATE(" (",CJ23,IF(CK23>0,CONCATENATE(IF(CJ23>0,",",""),CK23,"A"),""),")"),"")),"") | CL74: =IF(CI23="A", CONCATENATE($B23, IF(CJ23+CK23>0,CONCATENATE(" (",CJ23,IF(CK23>0,CONCATENATE(IF(CJ23>0,",",""),CK23,"A"),""),")"),"")),"")
