Workbook

Sheet Stats
C1: Date | I1: 43008 | M1: 43015 | Q1: 43022 | U1: 43029 | Y1: 43036 | AC1: 43050 | AG1: 43057 | AK1: 43064 | AO1: 43071 | AS1: 43078 | AW1: 43113 | BA1: 43120 | BE1: 43127 | BI1: 43141 | BM1: 43148 | BQ1: 43155 | BU1: 43162 | BY1: 43176 | CC1: 43183 | CG1: 43204
C2: Team | I2: Hillcroft B | M2: Welwyn 2 | Q2: Spencer 3 | U2: Epsom | Y2: Maidstone | AC2: Hillcroft A | AG2: EG | AK2: Oxford Uni | AO2: Hillcroft A | AS2: Spencer 2 | AW2: Hillcroft B | BA2: Welwyn 2 | BE2: Spencer 3 | BI2: Epsom | BM2: Maidstone | BQ2: Hillcroft A | BU2: EG | BY2: Spencer 2 | CC2: Oxford Uni | CG2: EG
C3: Venue | H3: Avg | I3: Away | M3: Home | Q3: Away | U3: Home | Y3: Away | AC3: Away | AG3: Away | AK3: Away | AO3: Home | AS3: Home | AW3: Home | BA3: Away | BE3: Home | BI3: Away | BM3: Home | BQ3: Away | BU3: Home | BY3: Away | CC3: Home | CG3: Home
C4: Competition | I4: East1 | M4: East1 | Q4: East1 | U4: East1 | Y4: East1 | AC4: Int Flags | AG4: East1 | AK4: East1 | AO4: East1 | AS4: East1 | AW4: East1 | BA4: East1 | BE4: East1 | BI4: East1 | BM4: East1 | BQ4: East1 | BU4: East1 | BY4: East1 | CC4: East1 | CG4: East1
C5: For | G5: =SUM(I5:CG5) -> 108 | H5: =IF(G7=0,"",G5/G7) -> 6.3529412 | I5: =SUM(J10:J49) -> 6 | M5: =SUM(N10:N49) -> 15 | Q5: =SUM(R10:R49) -> 3 | U5: =SUM(V10:V49) -> 10 | Y5: =SUM(Z10:Z49) -> 6 | AC5: =SUM(AD10:AD49) -> 3 | AG5: P-P | AK5: =SUM(AL10:AL49) -> 5 | AO5: =SUM(AP10:AP49) -> 8 | AS5: =SUM(AT10:AT49) -> 3 | AW5: =SUM(AX10:AX49) -> 8 | BA5: =SUM(BB10:BB49) -> 7 | BE5: =SUM(BF10:BF49) -> 8 | BI5: =SUM(BJ10:BJ49) -> 7 | BM5: 10 | BQ5: =SUM(BR10:BR49) -> 2 | BU5: P-P | BY5: Abandoned | CC5: =SUM(CD10:CD49) -> 4 | CG5: =SUM(CH10:CH49) -> 3
C6: Against | G6: =SUM(I6:CG6) -> 143 | H6: =IF(G7=0,"",G6/G7) -> 8.4117647 | I6: 4 | M6: 2 | Q6: 10 | U6: 6 | Y6: 6 | AC6: 18 | AK6: 11 | AO6: 14 | AS6: 10 | AW6: 8 | BA6: 5 | BE6: 8 | BI6: 5 | BM6: 0 | BQ6: 11 | CC6: 16 | CG6: 9
C7: Played | G7: =COUNT(I6:CG6) -> 17
A8: Columns: Position (GDMA), Goals, Assists, Referee-quarters
A9: No. | B9: Name | C9: Sutname | E9: Position | F9: Apps | G9: Goals | H9: Assts | I9: P | J9: G | K9: A | L9: R | M9: P | N9: G | O9: A | P9: R | Q9: P | R9: G | S9: A | T9: R | U9: P | V9: G | W9: A | X9: R | Y9: P | Z9: G | AA9: A | AB9: R | AC9: P | AD9: G | AE9: A | AF9: R | AG9: P | AH9: G | AI9: A | AJ9: R | AK9: P | AL9: G | AM9: A | AN9: R | AO9: P | AP9: G | AQ9: A | AR9: R | AS9: P | AT9: G | AU9: A | AV9: R | AW9: P | AX9: G | AY9: A | AZ9: R | BA9: P | BB9: G | BC9: A | BD9: R | BE9: P | BF9: G | BG9: A | BH9: R | BI9: P | BJ9: G | BK9: A | BL9: R | BM9: P | BN9: G | BO9: A | BP9: R | BQ9: P | BR9: G | BS9: A | BT9: R | BU9: P | BV9: G | BW9: A | BX9: R | BY9: P | BZ9: G | CA9: A | CB9: R | CC9: P | CD9: G | CE9: A | CF9: R | CG9: P | CH9: G | CI9: A | CJ9: R
A10: 888 | B10: Jordan | C10: Anning | D10: =IF(C10<>"",CONCATENATE(B10," ",C10),B10) -> Jordan Anning | E10: Midfield | F10: =COUNTIF(I10:CO10,"=*") -> 1 | G10: =SUMIF(I$9:CO$9,"G",I10:CO10) -> 0 | H10: =SUMIF(I$9:CO$9,"A",I10:CO10) -> 0 | AW10: M
A11: 888 | B11: Lorenzo | C11: Balzarini | D11: =IF(C11<>"",CONCATENATE(B11," ",C11),B11) -> Lorenzo Balzarini | E11: Midfield | F11: =COUNTIF(I11:CO11,"=*") -> 10 | G11: =SUMIF(I$9:CO$9,"G",I11:CO11) -> 7 | H11: =SUMIF(I$9:CO$9,"A",I11:CO11) -> 0 | Y11: M | Z11: 2 | AC11: M | AD11: 1 | AK11: M | AO11: M | AS11: M | AW11: M | AX11: 2 | BE11: M | BF11: 1 | BI11: M | BJ11: 1 | BQ11: M | CG11: M
A12: 5 | B12: Justin | C12: Baranowski | D12: =IF(C12<>"",CONCATENATE(B12," ",C12),B12) -> Justin Baranowski | E12: Attack | F12: =COUNTIF(I12:CO12,"=*") -> 13 | G12: =SUMIF(I$9:CO$9,"G",I12:CO12) -> 14 | H12: =SUMIF(I$9:CO$9,"A",I12:CO12) -> 0 | I12: A | J12: 2 | M12: A | N12: 2 | Q12: A | U12: A | V12: 1 | Y12: A | Z12: 1 | AC12: A | AD12: 1 | AK12: A | AL12: 2 | AO12: A | AP12: 1 | AS12: A | BE12: A | BF12: 2 | BI12: A | BQ12: A | CC12: A | CD12: 2
A13: 888 | B13: Sam | C13: Baranowski | D13: =IF(C13<>"",CONCATENATE(B13," ",C13),B13) -> Sam Baranowski | E13: Midfield | F13: =COUNTIF(I13:CO13,"=*") -> 10 | G13: =SUMIF(I$9:CO$9,"G",I13:CO13) -> 0 | H13: =SUMIF(I$9:CO$9,"A",I13:CO13) -> 0 | I13: M | M13: M | Q13: M | U13: M | AC13: M | AK13: M | AO13: M | BQ13: M | CC13: M | CG13: M
A14: 888 | B14: Mike | C14: Barratt | D14: =IF(C14<>"",CONCATENATE(B14," ",C14),B14) -> Mike Barratt | E14: Midfield/FO | F14: =COUNTIF(I14:CO14,"=*") -> 6 | G14: =SUMIF(I$9:CO$9,"G",I14:CO14) -> 8 | H14: =SUMIF(I$9:CO$9,"A",I14:CO14) -> 0 | M14: M | N14: 2 | AO14: M | AP14: 1 | AS14: M | AT14: 1 | BE14: M | BF14: 3 | CC14: M | CG14: M | CH14: 1
A15: 888 | B15: Dave | C15: Berman | D15: =IF(C15<>"",CONCATENATE(B15," ",C15),B15) -> Dave Berman | E15: Midfield | F15: =COUNTIF(I15:CO15,"=*") -> 3 | G15: =SUMIF(I$9:CO$9,"G",I15:CO15) -> 4 | H15: =SUMIF(I$9:CO$9,"A",I15:CO15) -> 0 | I15: M | J15: 2 | M15: M | N15: 1 | CG15: A | CH15: 1
A16: 888 | B16: Lewis | C16: Blackshaw | D16: =IF(C16<>"",CONCATENATE(B16," ",C16),B16) -> Lewis Blackshaw | E16: Midfield | F16: =COUNTIF(I16:CO16,"=*") -> 1 | G16: =SUMIF(I$9:CO$9,"G",I16:CO16) -> 0 | H16: =SUMIF(I$9:CO$9,"A",I16:CO16) -> 0 | AS16: M
A17: 3 | B17: Andy | C17: Booth | D17: =IF(C17<>"",CONCATENATE(B17," ",C17),B17) -> Andy Booth | E17: Defence | F17: =COUNTIF(I17:CO17,"=*") -> 12 | G17: =SUMIF(I$9:CO$9,"G",I17:CO17) -> 0 | H17: =SUMIF(I$9:CO$9,"A",I17:CO17) -> 0 | I17: D | M17: D | Q17: D | U17: D | Y17: D | AK17: M | AO17: D | AS17: D | AZ17: 4 | BA17: D | BE17: D | BI17: D | BQ17: D | CF17: 4 | CJ17: 4
A18: 888 | B18: Lygon | C18: Bowen-west | D18: =IF(C18<>"",CONCATENATE(B18," ",C18),B18) -> Lygon Bowen-west | E18: Goal | F18: =COUNTIF(I18:CO18,"=*") -> 1 | G18: =SUMIF(I$9:CO$9,"G",I18:CO18) -> 0 | H18: =SUMIF(I$9:CO$9,"A",I18:CO18) -> 0 | U18: G
A19: 888 | B19: Billy | C19: Camuso | D19: =IF(C19<>"",CONCATENATE(B19," ",C19),B19) -> Billy Camuso | E19: Attack | F19: =COUNTIF(I19:CO19,"=*") -> 9 | G19: =SUMIF(I$9:CO$9,"G",I19:CO19) -> 2 | H19: =SUMIF(I$9:CO$9,"A",I19:CO19) -> 0 | I19: A | M19: A | Q19: A | Y19: A | AC19: A | AK19: A | BI19: A | BJ19: 1 | BQ19: A | BR19: 1 | CG19: A
A20: 6 | B20: David | C20: Copple | D20: =IF(C20<>"",CONCATENATE(B20," ",C20),B20) -> David Copple | E20: Defence | F20: =COUNTIF(I20:CO20,"=*") -> 14 | G20: =SUMIF(I$9:CO$9,"G",I20:CO20) -> 0 | H20: =SUMIF(I$9:CO$9,"A",I20:CO20) -> 0 | I20: D | M20: D | Q20: D | U20: D | AC20: D | AO20: D | AS20: D | AW20: D | BA20: D | BE20: D | BI20: D | BQ20: D | CC20: D | CG20: D
A21: 888 | B21: Eddie | C21: Dale | D21: =IF(C21<>"",CONCATENATE(B21," ",C21),B21) -> Eddie Dale | E21: Midfield/FO | F21: =COUNTIF(I21:CO21,"=*") -> 6 | G21: =SUMIF(I$9:CO$9,"G",I21:CO21) -> 0 | H21: =SUMIF(I$9:CO$9,"A",I21:CO21) -> 0 | I21: M | M21: M | Q21: M | U21: M | Y21: M | AC21: M
A22: 888 | B22: Will | C22: Duval | D22: =IF(C22<>"",CONCATENATE(B22," ",C22),B22) -> Will Duval | E22: Midfield | F22: =COUNTIF(I22:CO22,"=*") -> 1 | G22: =SUMIF(I$9:CO$9,"G",I22:CO22) -> 1 | H22: =SUMIF(I$9:CO$9,"A",I22:CO22) -> 0 | Q22: M | R22: 1
A23: 888 | B23: Eugene | C23: Fung | D23: =IF(C23<>"",CONCATENATE(B23," ",C23),B23) -> Eugene Fung | E23: Midfield | F23: =COUNTIF(I23:CO23,"=*") -> 1 | G23: =SUMIF(I$9:CO$9,"G",I23:CO23) -> 0 | H23: =SUMIF(I$9:CO$9,"A",I23:CO23) -> 0 | Q23: M
A24: 888 | B24: Sam | C24: Guest | D24: =IF(C24<>"",CONCATENATE(B24," ",C24),B24) -> Sam Guest | E24: Defence | F24: =COUNTIF(I24:CO24,"=*") -> 3 | G24: =SUMIF(I$9:CO$9,"G",I24:CO24) -> 1 | H24: =SUMIF(I$9:CO$9,"A",I24:CO24) -> 0 | AW24: D | AX24: 1 | BE24: D | CG24: D
A25: 888 | B25: Jacob | C25: Hall | D25: =IF(C25<>"",CONCATENATE(B25," ",C25),B25) -> Jacob Hall | E25: Midfield | F25: =COUNTIF(I25:CO25,"=*") -> 5 | G25: =SUMIF(I$9:CO$9,"G",I25:CO25) -> 1 | H25: =SUMIF(I$9:CO$9,"A",I25:CO25) -> 0 | Y25: M | Z25: 1 | AK25: M | AW25: M | BA25: M | BE25: M
A26: 888 | B26: Sam | C26: Hallows | D26: =IF(C26<>"",CONCATENATE(B26," ",C26),B26) -> Sam Hallows | E26: Attack | F26: =COUNTIF(I26:CO26,"=*") -> 3 | G26: =SUMIF(I$9:CO$9,"G",I26:CO26) -> 0 | H26: =SUMIF(I$9:CO$9,"A",I26:CO26) -> 0 | BQ26: A | CC26: A | CG26: A
A27: 888 | B27: David | C27: Hudson | D27: =IF(C27<>"",CONCATENATE(B27," ",C27),B27) -> David Hudson | E27: Defence | F27: =COUNTIF(I27:CO27,"=*") -> 1 | G27: =SUMIF(I$9:CO$9,"G",I27:CO27) -> 0 | H27: =SUMIF(I$9:CO$9,"A",I27:CO27) -> 0 | CG27: M
A28: 888 | B28: Ben | C28: Iremonger | D28: =IF(C28<>"",CONCATENATE(B28," ",C28),B28) -> Ben Iremonger | E28: Midfield | F28: =COUNTIF(I28:CO28,"=*") -> 7 | G28: =SUMIF(I$9:CO$9,"G",I28:CO28) -> 8 | H28: =SUMIF(I$9:CO$9,"A",I28:CO28) -> 0 | M28: M | N28: 2 | Q28: M | U28: M | V28: 1 | Y28: M | AS28: M | BA28: M | BB28: 4 | BE28: M | BF28: 1
A29: 888 | B29: Luke | C29: Johnstone | D29: =IF(C29<>"",CONCATENATE(B29," ",C29),B29) -> Luke Johnstone | E29: Attack | F29: =COUNTIF(I29:CO29,"=*") -> 3 | G29: =SUMIF(I$9:CO$9,"G",I29:CO29) -> 3 | H29: =SUMIF(I$9:CO$9,"A",I29:CO29) -> 0 | I29: A | J29: 1 | U29: A | V29: 2 | CG29: A
A30: 9 | B30: Myles | C30: Johnstone | D30: =IF(C30<>"",CONCATENATE(B30," ",C30),B30) -> Myles Johnstone | E30: Midfield | F30: =COUNTIF(I30:CO30,"=*") -> 15 | G30: =SUMIF(I$9:CO$9,"G",I30:CO30) -> 7 | H30: =SUMIF(I$9:CO$9,"A",I30:CO30) -> 0 | I30: M | J30: 1 | M30: M | Q30: M | U30: M | V30: 1 | Y30: M | Z30: 1 | AC30: M | AK30: M | AL30: 1 | AO30: A | AS30: A | AW30: A | BA30: A | BB30: 1 | BE30: A | BF30: 1 | BI30: A | CC30: M | CG30: M | CH30: 1
A31: 888 | B31: Will | C31: Lucas | D31: =IF(C31<>"",CONCATENATE(B31," ",C31),B31) -> Will Lucas | E31: Defence | F31: =COUNTIF(I31:CO31,"=*") -> 3 | G31: =SUMIF(I$9:CO$9,"G",I31:CO31) -> 0 | H31: =SUMIF(I$9:CO$9,"A",I31:CO31) -> 0 | AK31: D | CC31: D | CG31: D
A32: 888 | B32: Kieran | C32: Kershaw | D32: =IF(C32<>"",CONCATENATE(B32," ",C32),B32) -> Kieran Kershaw | E32: Midfield | F32: =COUNTIF(I32:CO32,"=*") -> 1 | G32: =SUMIF(I$9:CO$9,"G",I32:CO32) -> 0 | H32: =SUMIF(I$9:CO$9,"A",I32:CO32) -> 0 | BQ32: M
A33: 888 | B33: Charlie | C33: Merry | D33: =IF(C33<>"",CONCATENATE(B33," ",C33),B33) -> Charlie Merry | E33: Defence | F33: =COUNTIF(I33:CO33,"=*") -> 1 | G33: =SUMIF(I$9:CO$9,"G",I33:CO33) -> 0 | H33: =SUMIF(I$9:CO$9,"A",I33:CO33) -> 0 | U33: D
A34: 888 | B34: Conor | C34: Mills | D34: =IF(C34<>"",CONCATENATE(B34," ",C34),B34) -> Conor Mills | E34: Defence | F34: =COUNTIF(I34:CO34,"=*") -> 7 | G34: =SUMIF(I$9:CO$9,"G",I34:CO34) -> 0 | H34: =SUMIF(I$9:CO$9,"A",I34:CO34) -> 0 | Y34: D | AK34: D | AO34: D | BA34: D | BQ34: D | CC34: D | CG34: D
A35: 7 | B35: Matt | C35: Payne | D35: =IF(C35<>"",CONCATENATE(B35," ",C35),B35) -> Matt Payne | E35: Attack | F35: =COUNTIF(I35:CO35,"=*") -> 12 | G35: =SUMIF(I$9:CO$9,"G",I35:CO35) -> 23 | H35: =SUMIF(I$9:CO$9,"A",I35:CO35) -> 0 | M35: A | N35: 5 | Q35: A | R35: 1 | U35: A | V35: 3 | AC35: A | AD35: 1 | AK35: A | AL35: 2 | AO35: A | AP35: 5 | AS35: A | AT35: 1 | AW35: A | AX35: 2 | BE35: A | BI35: A | BJ35: 2 | CC35: A | CD35: 1 | CG35: A
A36: 888 | B36: Richard | C36: Pearse | D36: =IF(C36<>"",CONCATENATE(B36," ",C36),B36) -> Richard Pearse | E36: Midfield | F36: =COUNTIF(I36:CO36,"=*") -> 12 | G36: =SUMIF(I$9:CO$9,"G",I36:CO36) -> 8 | H36: =SUMIF(I$9:CO$9,"A",I36:CO36) -> 0 | I36: M | M36: M | N36: 2 | Y36: A | AC36: M | AO36: M | AS36: M | AT36: 1 | AW36: M | BA36: A | BB36: 1 | BI36: M | BJ36: 3 | BQ36: M | BR36: 1 | CC36: M | CG36: M
A37: 888 | B37: Eliot | C37: Pugh | D37: =IF(C37<>"",CONCATENATE(B37," ",C37),B37) -> Eliot Pugh | E37: Goal | F37: =COUNTIF(I37:CO37,"=*") -> 1 | G37: =SUMIF(I$9:CO$9,"G",I37:CO37) -> 0 | H37: =SUMIF(I$9:CO$9,"A",I37:CO37) -> 0 | AS37: G
A38: 888 | B38: Ben | C38: Reed | D38: =IF(C38<>"",CONCATENATE(B38," ",C38),B38) -> Ben Reed | E38: Attack | F38: =COUNTIF(I38:CO38,"=*") -> 1 | G38: =SUMIF(I$9:CO$9,"G",I38:CO38) -> 3 | H38: =SUMIF(I$9:CO$9,"A",I38:CO38) -> 0 | AW38: A | AX38: 3
A39: 28 | B39: Dave | C39: Slaughter | D39: =IF(C39<>"",CONCATENATE(B39," ",C39),B39) -> Dave Slaughter | E39: Defence | F39: =COUNTIF(I39:CO39,"=*") -> 9 | G39: =SUMIF(I$9:CO$9,"G",I39:CO39) -> 1 | H39: =SUMIF(I$9:CO$9,"A",I39:CO39) -> 0 | I39: D | P39: 4 | Q39: G | X39: 4 | Y39: D | AC39: D | AK39: D | AR39: 4 | AV39: 4 | AW39: G | BA39: A | BB39: 1 | BH39: 4 | BI39: D | BQ39: D
A40: 888 | B40: Jacob | C40: Thorne | D40: =IF(C40<>"",CONCATENATE(B40," ",C40),B40) -> Jacob Thorne | E40: Goal | F40: =COUNTIF(I40:CO40,"=*") -> 12 | G40: =SUMIF(I$9:CO$9,"G",I40:CO40) -> 0 | H40: =SUMIF(I$9:CO$9,"A",I40:CO40) -> 0 | I40: G | M40: G | Y40: G | AC40: G | AK40: G | AO40: G | BA40: G | BE40: G | BI40: G | BQ40: G | CC40: G | CG40: G
A41: 888 | B41: Matt | C41: Twose | D41: =IF(C41<>"",CONCATENATE(B41," ",C41),B41) -> Matt Twose | E41: Midfield | F41: =COUNTIF(I41:CO41,"=*") -> 13 | G41: =SUMIF(I$9:CO$9,"G",I41:CO41) -> 7 | H41: =SUMIF(I$9:CO$9,"A",I41:CO41) -> 0 | M41: M | N41: 1 | Q41: M | R41: 1 | U41: M | V41: 2 | Y41: M | Z41: 1 | AC41: M | AO41: M | AP41: 1 | AS41: M | AW41: M | BA41: M | BE41: M | BQ41: M | CC41: M | CD41: 1 | CG41: M
A42: 888 | B42: Mark | C42: Winter | D42: =IF(C42<>"",CONCATENATE(B42," ",C42),B42) -> Mark Winter | E42: Defence | F42: =COUNTIF(I42:CO42,"=*") -> 15 | G42: =SUMIF(I$9:CO$9,"G",I42:CO42) -> 0 | H42: =SUMIF(I$9:CO$9,"A",I42:CO42) -> 0 | I42: D | M42: D | Q42: D | U42: D | Y42: D | AC42: D | AK42: D | AO42: D | AS42: D | BA42: D | BE42: D | BI42: D | BQ42: D | CC42: D | CG42: D
D43: =IF(C43<>"",CONCATENATE(B43," ",C43),B43) -> 0 | F43: =COUNTIF(I43:CO43,"=*") -> 0 | G43: =SUMIF(I$9:CO$9,"G",I43:CO43) -> 0 | H43: =SUMIF(I$9:CO$9,"A",I43:CO43) -> 0
D44: =IF(C44<>"",CONCATENATE(B44," ",C44),B44) -> 0 | F44: =COUNTIF(I44:CO44,"=*") -> 0 | G44: =SUMIF(I$9:CO$9,"G",I44:CO44) -> 0 | H44: =SUMIF(I$9:CO$9,"A",I44:CO44) -> 0
D45: =IF(C45<>"",CONCATENATE(B45," ",C45),B45) -> 0 | F45: =COUNTIF(I45:CO45,"=*") -> 0 | G45: =SUMIF(I$9:CO$9,"G",I45:CO45) -> 0 | H45: =SUMIF(I$9:CO$9,"A",I45:CO45) -> 0
D46: =IF(C46<>"",CONCATENATE(B46," ",C46),B46) -> 0 | F46: =COUNTIF(I46:CO46,"=*") -> 0 | G46: =SUMIF(I$9:CO$9,"G",I46:CO46) -> 0 | H46: =SUMIF(I$9:CO$9,"A",I46:CO46) -> 0
D47: =IF(C47<>"",CONCATENATE(B47," ",C47),B47) -> 0 | F47: =COUNTIF(I47:CO47,"=*") -> 0 | G47: =SUMIF(I$9:CO$9,"G",I47:CO47) -> 0 | H47: =SUMIF(I$9:CO$9,"A",I47:CO47) -> 0
A48: 888 | C48: Own Goal | D48: =IF(C48<>"",CONCATENATE(B48," ",C48),B48) -> Own Goal | F48: =COUNTIF(I48:CO48,"=*") -> 0 | G48: =SUMIF(I$9:CO$9,"G",I48:CO48) -> 0 | H48: =SUMIF(I$9:CO$9,"A",I48:CO48) -> 0
A49: 777 | C49: A.N.Other | D49: =IF(C49<>"",CONCATENATE(B49," ",C49),B49) -> A.N.Other | F49: =COUNTIF(I49:CO49,"=*") -> 0 | G49: =SUMIF(I$9:CO$9,"G",I49:CO49) -> 0 | H49: =SUMIF(I$9:CO$9,"A",I49:CO49) -> 0
C50: =Summary!B46 -> Total | F50: =SUM(F10:F49) -> 212 | G50: =SUM(G10:G49) -> 98 | H50: =SUM(H10:H49) -> 0 | L50: =SUM(L10:L49) -> 0 | P50: =SUM(P10:P49) -> 4 | T50: =SUM(T10:T49) -> 0 | X50: =SUM(X10:X49) -> 4 | AB50: =SUM(AB10:AB49) -> 0 | AF50: =SUM(AF10:AF49) -> 0 | AJ50: =SUM(AJ10:AJ49) -> 0 | AN50: =SUM(AN10:AN49) -> 0 | AR50: =SUM(AR10:AR49) -> 4 | AV50: =SUM(AV10:AV49) -> 4 | AZ50: =SUM(AZ10:AZ49) -> 4 | BD50: =SUM(BD10:BD49) -> 0 | BH50: =SUM(BH10:BH49) -> 4 | BL50: =SUM(BL10:BL49) -> 0 | BP50: =SUM(BP10:BP49) -> 0 | BT50: =SUM(BT10:BT49) -> 0 | BX50: =SUM(BX10:BX49) -> 0 | CB50: =SUM(CB10:CB49) -> 0 | CF50: =SUM(CF10:CF49) -> 4 | CJ50: =SUM(CJ10:CJ49) -> 4
C51: G | J51: =IF(ISNUMBER(I$6),COUNTIF(I$10:I$49,$C51),"") -> 1 | N51: =IF(ISNUMBER(M$6),COUNTIF(M$10:M$49,$C51),"") -> 1 | R51: =IF(ISNUMBER(Q$6),COUNTIF(Q$10:Q$49,$C51),"") -> 1 | V51: =IF(ISNUMBER(U$6),COUNTIF(U$10:U$49,$C51),"") -> 1 | Z51: =IF(ISNUMBER(Y$6),COUNTIF(Y$10:Y$49,$C51),"") -> 1 | AD51: =IF(ISNUMBER(AC$6),COUNTIF(AC$10:AC$49,$C51),"") -> 1 | AH51: =IF(ISNUMBER(AG$6),COUNTIF(AG$10:AG$49,$C51),"") | AL51: =IF(ISNUMBER(AK$6),COUNTIF(AK$10:AK$49,$C51),"") -> 1 | AP51: =IF(ISNUMBER(AO$6),COUNTIF(AO$10:AO$49,$C51),"") -> 1 | AT51: =IF(ISNUMBER(AS$6),COUNTIF(AS$10:AS$49,$C51),"") -> 1 | AX51: =IF(ISNUMBER(AW$6),COUNTIF(AW$10:AW$49,$C51),"") -> 1 | BB51: =IF(ISNUMBER(BA$6),COUNTIF(BA$10:BA$49,$C51),"") -> 1 | BF51: =IF(ISNUMBER(BE$6),COUNTIF(BE$10:BE$49,$C51),"") -> 1 | BJ51: =IF(ISNUMBER(BI$6),COUNTIF(BI$10:BI$49,$C51),"") -> 1 | BN51: =IF(ISNUMBER(BM$6),COUNTIF(BM$10:BM$49,$C51),"") -> 0 | BR51: =IF(ISNUMBER(BQ$6),COUNTIF(BQ$10:BQ$49,$C51),"") -> 1 | BV51: =IF(ISNUMBER(BU$6),COUNTIF(BU$10:BU$49,$C51),"") | BZ51: =IF(ISNUMBER(BY$6),COUNTIF(BY$10:BY$49,$C51),"") | CD51: =IF(ISNUMBER(CC$6),COUNTIF(CC$10:CC$49,$C51),"") -> 1 | CH51: =IF(ISNUMBER(CG$6),COUNTIF(CG$10:CG$49,$C51),"") -> 1
C52: D | J52: =IF(ISNUMBER(I$6),COUNTIF(I$10:I$49,$C52),"") -> 4 | N52: =IF(ISNUMBER(M$6),COUNTIF(M$10:M$49,$C52),"") -> 3 | R52: =IF(ISNUMBER(Q$6),COUNTIF(Q$10:Q$49,$C52),"") -> 3 | V52: =IF(ISNUMBER(U$6),COUNTIF(U$10:U$49,$C52),"") -> 4 | Z52: =IF(ISNUMBER(Y$6),COUNTIF(Y$10:Y$49,$C52),"") -> 4 | AD52: =IF(ISNUMBER(AC$6),COUNTIF(AC$10:AC$49,$C52),"") -> 3 | AH52: =IF(ISNUMBER(AG$6),COUNTIF(AG$10:AG$49,$C52),"") | AL52: =IF(ISNUMBER(AK$6),COUNTIF(AK$10:AK$49,$C52),"") -> 4 | AP52: =IF(ISNUMBER(AO$6),COUNTIF(AO$10:AO$49,$C52),"") -> 4 | AT52: =IF(ISNUMBER(AS$6),COUNTIF(AS$10:AS$49,$C52),"") -> 3 | AX52: =IF(ISNUMBER(AW$6),COUNTIF(AW$10:AW$49,$C52),"") -> 2 | BB52: =IF(ISNUMBER(BA$6),COUNTIF(BA$10:BA$49,$C52),"") -> 4 | BF52: =IF(ISNUMBER(BE$6),COUNTIF(BE$10:BE$49,$C52),"") -> 4 | BJ52: =IF(ISNUMBER(BI$6),COUNTIF(BI$10:BI$49,$C52),"") -> 4 | BN52: =IF(ISNUMBER(BM$6),COUNTIF(BM$10:BM$49,$C52),"") -> 0 | BR52: =IF(ISNUMBER(BQ$6),COUNTIF(BQ$10:BQ$49,$C52),"") -> 5 | BV52: =IF(ISNUMBER(BU$6),COUNTIF(BU$10:BU$49,$C52),"") | BZ52: =IF(ISNUMBER(BY$6),COUNTIF(BY$10:BY$49,$C52),"") | CD52: =IF(ISNUMBER(CC$6),COUNTIF(CC$10:CC$49,$C52),"") -> 4 | CH52: =IF(ISNUMBER(CG$6),COUNTIF(CG$10:CG$49,$C52),"") -> 5
C53: M | J53: =IF(ISNUMBER(I$6),COUNTIF(I$10:I$49,$C53),"") -> 4 | N53: =IF(ISNUMBER(M$6),COUNTIF(M$10:M$49,$C53),"") -> 8 | R53: =IF(ISNUMBER(Q$6),COUNTIF(Q$10:Q$49,$C53),"") -> 7 | V53: =IF(ISNUMBER(U$6),COUNTIF(U$10:U$49,$C53),"") -> 5 | Z53: =IF(ISNUMBER(Y$6),COUNTIF(Y$10:Y$49,$C53),"") -> 6 | AD53: =IF(ISNUMBER(AC$6),COUNTIF(AC$10:AC$49,$C53),"") -> 6 | AH53: =IF(ISNUMBER(AG$6),COUNTIF(AG$10:AG$49,$C53),"") | AL53: =IF(ISNUMBER(AK$6),COUNTIF(AK$10:AK$49,$C53),"") -> 5 | AP53: =IF(ISNUMBER(AO$6),COUNTIF(AO$10:AO$49,$C53),"") -> 5 | AT53: =IF(ISNUMBER(AS$6),COUNTIF(AS$10:AS$49,$C53),"") -> 6 | AX53: =IF(ISNUMBER(AW$6),COUNTIF(AW$10:AW$49,$C53),"") -> 5 | BB53: =IF(ISNUMBER(BA$6),COUNTIF(BA$10:BA$49,$C53),"") -> 3 | BF53: =IF(ISNUMBER(BE$6),COUNTIF(BE$10:BE$49,$C53),"") -> 5 | BJ53: =IF(ISNUMBER(BI$6),COUNTIF(BI$10:BI$49,$C53),"") -> 2 | BN53: =IF(ISNUMBER(BM$6),COUNTIF(BM$10:BM$49,$C53),"") -> 0 | BR53: =IF(ISNUMBER(BQ$6),COUNTIF(BQ$10:BQ$49,$C53),"") -> 5 | BV53: =IF(ISNUMBER(BU$6),COUNTIF(BU$10:BU$49,$C53),"") | BZ53: =IF(ISNUMBER(BY$6),COUNTIF(BY$10:BY$49,$C53),"") | CD53: =IF(ISNUMBER(CC$6),COUNTIF(CC$10:CC$49,$C53),"") -> 5 | CH53: =IF(ISNUMBER(CG$6),COUNTIF(CG$10:CG$49,$C53),"") -> 7
C54: A | J54: =IF(ISNUMBER(I$6),COUNTIF(I$10:I$49,$C54),"") -> 3 | N54: =IF(ISNUMBER(M$6),COUNTIF(M$10:M$49,$C54),"") -> 3 | R54: =IF(ISNUMBER(Q$6),COUNTIF(Q$10:Q$49,$C54),"") -> 3 | V54: =IF(ISNUMBER(U$6),COUNTIF(U$10:U$49,$C54),"") -> 3 | Z54: =IF(ISNUMBER(Y$6),COUNTIF(Y$10:Y$49,$C54),"") -> 3 | AD54: =IF(ISNUMBER(AC$6),COUNTIF(AC$10:AC$49,$C54),"") -> 3 | AH54: =IF(ISNUMBER(AG$6),COUNTIF(AG$10:AG$49,$C54),"") | AL54: =IF(ISNUMBER(AK$6),COUNTIF(AK$10:AK$49,$C54),"") -> 3 | AP54: =IF(ISNUMBER(AO$6),COUNTIF(AO$10:AO$49,$C54),"") -> 3 | AT54: =IF(ISNUMBER(AS$6),COUNTIF(AS$10:AS$49,$C54),"") -> 3 | AX54: =IF(ISNUMBER(AW$6),COUNTIF(AW$10:AW$49,$C54),"") -> 3 | BB54: =IF(ISNUMBER(BA$6),COUNTIF(BA$10:BA$49,$C54),"") -> 3 | BF54: =IF(ISNUMBER(BE$6),COUNTIF(BE$10:BE$49,$C54),"") -> 3 | BJ54: =IF(ISNUMBER(BI$6),COUNTIF(BI$10:BI$49,$C54),"") -> 4 | BN54: =IF(ISNUMBER(BM$6),COUNTIF(BM$10:BM$49,$C54),"") -> 0 | BR54: =IF(ISNUMBER(BQ$6),COUNTIF(BQ$10:BQ$49,$C54),"") -> 3 | BV54: =IF(ISNUMBER(BU$6),COUNTIF(BU$10:BU$49,$C54),"") | BZ54: =IF(ISNUMBER(BY$6),COUNTIF(BY$10:BY$49,$C54),"") | CD54: =IF(ISNUMBER(CC$6),COUNTIF(CC$10:CC$49,$C54),"") -> 3 | CH54: =IF(ISNUMBER(CG$6),COUNTIF(CG$10:CG$49,$C54),"") -> 5
C55: Team size | F55: Avg | G55: =AVERAGE(J55:CG55) -> 12.125 | J55: =IF(ISNUMBER(I6),COUNTIF(I10:I49,"<>"),"") -> 13 | N55: =IF(ISNUMBER(M6),COUNTIF(M10:M49,"<>"),"") -> 15 | R55: =IF(ISNUMBER(Q6),COUNTIF(Q10:Q49,"<>"),"") -> 14 | V55: =IF(ISNUMBER(U6),COUNTIF(U10:U49,"<>"),"") -> 13 | Z55: =IF(ISNUMBER(Y6),COUNTIF(Y10:Y49,"<>"),"") -> 14 | AD55: =IF(ISNUMBER(AC6),COUNTIF(AC10:AC49,"<>"),"") -> 13 | AH55: =IF(ISNUMBER(AG6),COUNTIF(AG10:AG49,"<>"),"") | AL55: =IF(ISNUMBER(AK6),COUNTIF(AK10:AK49,"<>"),"") -> 13 | AP55: =IF(ISNUMBER(AO6),COUNTIF(AO10:AO49,"<>"),"") -> 13 | AT55: =IF(ISNUMBER(AS6),COUNTIF(AS10:AS49,"<>"),"") -> 13 | AX55: =IF(ISNUMBER(AW6),COUNTIF(AW10:AW49,"<>"),"") -> 11 | BB55: =IF(ISNUMBER(BA6),COUNTIF(BA10:BA49,"<>"),"") -> 11 | BF55: =IF(ISNUMBER(BE6),COUNTIF(BE10:BE49,"<>"),"") -> 13 | BJ55: =IF(ISNUMBER(BI6),COUNTIF(BI10:BI49,"<>"),"") -> 11 | BN55: =IF(ISNUMBER(BM6),COUNTIF(BM10:BM49,"<>"),"") -> 0 | BR55: =IF(ISNUMBER(BQ6),COUNTIF(BQ10:BQ49,"<>"),"") -> 14 | BV55: =IF(ISNUMBER(BU6),COUNTIF(BU10:BU49,"<>"),"") | BZ55: =IF(ISNUMBER(BY6),COUNTIF(BY10:BY49,"<>"),"") | CD55: =IF(ISNUMBER(CC6),COUNTIF(CC10:CC49,"<>"),"") -> 13 | CH55: =IF(ISNUMBER(CG6),COUNTIF(CG10:CG49,"<>"),"") -> 18
C56: Non-team ref(s): | I56: John Hubbard, Greg Irwin | Q56: Peter Compton | Y56: Joe Burnett+1 | AC56: Hazel Wisby +1 | AK56: Simon Peach | BA56: Brian Kilby (Welwyn) | BI56: Debbie Field | BQ56: Ben Jessup
C58: Team list: | I58: =CONCATENATE("<p class=""small"">Goal: ",I141,"; Defence: ",J141,"; Midfield: ",K141,"; Attack: ",L141) -> <p class="small">Goal: Jacob Thorne; Defence: Andy Booth, David Copple, Dave Slaughter, Mark Winter; Midfield: Sam Baranowski, Dave Berman (2), Myles Johnstone (1), Richard Pearse; Attack: Justin Baranowski (2), Billy Camuso, Luke Johnstone (1) | M58: =CONCATENATE("<p class=""small"">Goal: ",M141,"; Defence: ",N141,"; Midfield: ",O141,"; Attack: ",P141) -> <p class="small">Goal: Jacob Thorne; Defence: Andy Booth, David Copple, Mark Winter; Midfield: Sam Baranowski, Mike Barratt (2), Dave Berman (1), Eddie Dale, Ben Iremonger (2), Myles Johnstone, Richard Pearse (2), Matt Twose (1); Attack: Justin Baranowski (2), Billy Camuso, Matt Payne (5) | Q58: =CONCATENATE("<p class=""small"">Goal: ",Q141,"; Defence: ",R141,"; Midfield: ",S141,"; Attack: ",T141) -> <p class="small">Goal: Dave Slaughter; Defence: Andy Booth, David Copple, Mark Winter; Midfield: Sam Baranowski, Eddie Dale, Will Duval (1), Eugene Fung, Ben Iremonger, Myles Johnstone, Matt Twose (1); Attack: Justin Baranowski, Billy Camuso, Matt Payne (1) | U58: =CONCATENATE("<p class=""small"">Goal: ",U141,"; Defence: ",V141,"; Midfield: ",W141,"; Attack: ",X141) -> <p class="small">Goal: Lygon Bowen-west; Defence: Andy Booth, David Copple, Charlie Merry, Mark Winter; Midfield: Sam Baranowski, Eddie Dale, Ben Iremonger (1), Myles Johnstone (1), Matt Twose (2); Attack: Justin Baranowski (1), Luke Johnstone (2), Matt Payne (3) | Y58: =CONCATENATE("<p class=""small"">Goal: ",Y141,"; Defence: ",Z141,"; Midfield: ",AA141,"; Attack: ",AB141) -> <p class="small">Goal: Jacob Thorne; Defence: Andy Booth, Conor Mills, Dave Slaughter, Mark Winter; Midfield: Lorenzo Balzarini (2), Eddie Dale, Jacob Hall (1), Ben Iremonger, Myles Johnstone (1), Matt Twose (1); Attack: Justin Baranowski (1), Billy Camuso, Richard Pearse | AC58: =CONCATENATE("<p class=""small"">Goal: ",AC141,"; Defence: ",AD141,"; Midfield: ",AE141,"; Attack: ",AF141) -> <p class="small">Goal: Jacob Thorne; Defence: David Copple, Dave Slaughter, Mark Winter; Midfield: Lorenzo Balzarini (1), Sam Baranowski, Eddie Dale, Myles Johnstone, Richard Pearse, Matt Twose; Attack: Justin Baranowski (1), Billy Camuso, Matt Payne (1) | AG58: =CONCATENATE("<p class=""small"">Goal: ",AG141,"; Defence: ",AH141,"; Midfield: ",AI141,"; Attack: ",AJ141) -> <p class="small">Goal: ; Defence: ; Midfield: ; Attack: | AK58: =CONCATENATE("<p class=""small"">Goal: ",AK141,"; Defence: ",AL141,"; Midfield: ",AM141,"; Attack: ",AN141) -> <p class="small">Goal: Jacob Thorne; Defence: Will Lucas, Conor Mills, Dave Slaughter, Mark Winter; Midfield: Lorenzo Balzarini, Sam Baranowski, Andy Booth, Jacob Hall, Myles Johnstone (1); Attack: Justin Baranowski (2), Billy Camuso, Matt Payne (2) | AO58: =CONCATENATE("<p class=""small"">Goal: ",AO141,"; Defence: ",AP141,"; Midfield: ",AQ141,"; Attack: ",AR141) -> <p class="small">Goal: Jacob Thorne; Defence: Andy Booth, David Copple, Conor Mills, Mark Winter; Midfield: Lorenzo Balzarini, Sam Baranowski, Mike Barratt (1), Richard Pearse, Matt Twose (1); Attack: Justin Baranowski (1), Myles Johnstone, Matt Payne (5) | AS58: =CONCATENATE("<p class=""small"">Goal: ",AS141,"; Defence: ",AT141,"; Midfield: ",AU141,"; Attack: ",AV141) -> <p class="small">Goal: Eliot Pugh; Defence: Andy Booth, David Copple, Mark Winter; Midfield: Lorenzo Balzarini, Mike Barratt (1), Lewis Blackshaw, Ben Iremonger, Richard Pearse (1), Matt Twose; Attack: Justin Baranowski, Myles Johnstone, Matt Payne (1) | AW58: =CONCATENATE("<p class=""small"">Goal: ",AW141,"; Defence: ",AX141,"; Midfield: ",AY141,"; Attack: ",AZ141) -> <p class="small">Goal: Dave Slaughter; Defence: David Copple, Sam Guest (1); Midfield: Jordan Anning, Lorenzo Balzarini (2), Jacob Hall, Richard Pearse, Matt Twose; Attack: Myles Johnstone, Matt Payne (2), Ben Reed (3) | BA58: =CONCATENATE("<p class=""small"">Goal: ",BA141,"; Defence: ",BB141,"; Midfield: ",BC141,"; Attack: ",BD141) -> <p class="small">Goal: Jacob Thorne; Defence: Andy Booth, David Copple, Conor Mills, Mark Winter; Midfield: Jacob Hall, Ben Iremonger (4), Matt Twose; Attack: Myles Johnstone (1), Richard Pearse (1), Dave Slaughter (1) | BE58: =CONCATENATE("<p class=""small"">Goal: ",BE141,"; Defence: ",BF141,"; Midfield: ",BG141,"; Attack: ",BH141) -> <p class="small">Goal: Jacob Thorne; Defence: Andy Booth, David Copple, Sam Guest, Mark Winter; Midfield: Lorenzo Balzarini (1), Mike Barratt (3), Jacob Hall, Ben Iremonger (1), Matt Twose; Attack: Justin Baranowski (2), Myles Johnstone (1), Matt Payne | BI58: =CONCATENATE("<p class=""small"">Goal: ",BI141,"; Defence: ",BJ141,"; Midfield: ",BK141,"; Attack: ",BL141) -> <p class="small">Goal: Jacob Thorne; Defence: Andy Booth, David Copple, Dave Slaughter, Mark Winter; Midfield: Lorenzo Balzarini (1), Richard Pearse (3); Attack: Justin Baranowski, Billy Camuso (1), Myles Johnstone, Matt Payne (2) | BM58: =CONCATENATE("<p class=""small"">Goal: ",BM141,"; Defence: ",BN141,"; Midfield: ",BO141,"; Attack: ",BP141) -> <p class="small">Goal: ; Defence: ; Midfield: ; Attack: | BQ58: =CONCATENATE("<p class=""small"">Goal: ",BQ141,"; Defence: ",BR141,"; Midfield: ",BS141,"; Attack: ",BT141) -> <p class="small">Goal: Jacob Thorne; Defence: Andy Booth, David Copple, Conor Mills, Dave Slaughter, Mark Winter; Midfield: Lorenzo Balzarini, Sam Baranowski, Kieran Kershaw, Richard Pearse (1), Matt Twose; Attack: Justin Baranowski, Billy Camuso (1), Sam Hallows | BU58: =CONCATENATE("<p class=""small"">Goal: ",BU141,"; Defence: ",BV141,"; Midfield: ",BW141,"; Attack: ",BX141) -> <p class="small">Goal: ; Defence: ; Midfield: ; Attack: | BY58: =CONCATENATE("<p class=""small"">Goal: ",BY141,"; Defence: ",BZ141,"; Midfield: ",CA141,"; Attack: ",CB141) -> <p class="small">Goal: ; Defence: ; Midfield: ; Attack: | CC58: =CONCATENATE("<p class=""small"">Goal: ",CC141,"; Defence: ",CD141,"; Midfield: ",CE141,"; Attack: ",CF141) -> <p class="small">Goal: Jacob Thorne; Defence: David Copple, Will Lucas, Conor Mills, Mark Winter; Midfield: Sam Baranowski, Mike Barratt, Myles Johnstone, Richard Pearse, Matt Twose (1); Attack: Justin Baranowski (2), Sam Hallows, Matt Payne (1) | CG58: =CONCATENATE("<p class=""small"">Goal: ",CG141,"; Defence: ",CH141,"; Midfield: ",CI141,"; Attack: ",CJ141) -> <p class="small">Goal: Jacob Thorne; Defence: David Copple, Sam Guest, Will Lucas, Conor Mills, Mark Winter; Midfield: Lorenzo Balzarini, Sam Baranowski, Mike Barratt (1), David Hudson, Myles Johnstone (1), Richard Pearse, Matt Twose; Attack: Dave Berman (1), Billy Camuso, Sam Hallows, Luke Johnstone, Matt Payne
C59: Referees: | I59: ="<br/>Referee: "&J182&"</p>" -> <br/>Referee: John Hubbard, Greg Irwin</p> | M59: ="<br/>Referee: "&N182&"</p>" -> <br/>Referee: Dave Slaughter</p> | Q59: ="<br/>Referee: "&R182&"</p>" -> <br/>Referee: Peter Compton</p> | U59: ="<br/>Referee: "&V182&"</p>" -> <br/>Referee: Dave Slaughter</p> | Y59: ="<br/>Referee: "&Z182&"</p>" -> <br/>Referee: Joe Burnett+1</p> | AC59: ="<br/>Referee: "&AD182&"</p>" -> <br/>Referee: Hazel Wisby +1</p> | AG59: ="<br/>Referee: "&AH182&"</p>" -> <br/>Referee: </p> | AK59: ="<br/>Referee: "&AL182&"</p>" -> <br/>Referee: Simon Peach</p> | AO59: ="<br/>Referee: "&AP182&"</p>" -> <br/>Referee: Dave Slaughter</p> | AS59: ="<br/>Referee: "&AT182&"</p>" -> <br/>Referee: Dave Slaughter</p> | AW59: ="<br/>Referee: "&AX182&"</p>" -> <br/>Referee: Andy Booth</p> | BA59: ="<br/>Referee: "&BB182&"</p>" -> <br/>Referee: Brian Kilby (Welwyn)</p> | BE59: ="<br/>Referee: "&BF182&"</p>" -> <br/>Referee: Dave Slaughter</p> | BI59: ="<br/>Referee: "&BJ182&"</p>" -> <br/>Referee: Debbie Field</p> | BM59: ="<br/>Referee: "&BN182&"</p>" -> <br/>Referee: </p> | BQ59: ="<br/>Referee: "&BR182&"</p>" -> <br/>Referee: Ben Jessup</p> | BU59: ="<br/>Referee: "&BV182&"</p>" -> <br/>Referee: </p> | BY59: ="<br/>Referee: "&BZ182&"</p>" -> <br/>Referee: </p> | CC59: ="<br/>Referee: "&CD182&"</p>" -> <br/>Referee: Andy Booth</p> | CG59: ="<br/>Referee: "&CH182&"</p>" -> <br/>Referee: Andy Booth</p>
C61: Work area: | G61: 1 | I61: =IF(I10="G", CONCATENATE($D10, IF(J10+K10>0,CONCATENATE(" (",J10,IF(K10>0,CONCATENATE(IF(J10>0,",",""),K10,"A"),""),")"),"")),"") | J61: =IF(I10="D", CONCATENATE($D10, IF(J10+K10>0,CONCATENATE(" (",J10,IF(K10>0,CONCATENATE(IF(J10>0,",",""),K10,"A"),""),")"),"")),"") | K61: =IF(I10="M", CONCATENATE($D10, IF(J10+K10>0,CONCATENATE(" (",J10,IF(K10>0,CONCATENATE(IF(J10>0,",",""),K10,"A"),""),")"),"")),"") | L61: =IF(I10="A", CONCATENATE($D10, IF(J10+K10>0,CONCATENATE(" (",J10,IF(K10>0,CONCATENATE(IF(J10>0,",",""),K10,"A"),""),")"),"")),"") | M61: =IF(M10="G", CONCATENATE($D10, IF(N10+O10>0,CONCATENATE(" (",N10,IF(O10>0,CONCATENATE(IF(N10>0,",",""),O10,"A"),""),")"),"")),"") | N61: =IF(M10="D", CONCATENATE($D10, IF(N10+O10>0,CONCATENATE(" (",N10,IF(O10>0,CONCATENATE(IF(N10>0,",",""),O10,"A"),""),")"),"")),"") | O61: =IF(M10="M", CONCATENATE($D10, IF(N10+O10>0,CONCATENATE(" (",N10,IF(O10>0,CONCATENATE(IF(N10>0,",",""),O10,"A"),""),")"),"")),"") | P61: =IF(M10="A", CONCATENATE($D10, IF(N10+O10>0,CONCATENATE(" (",N10,IF(O10>0,CONCATENATE(IF(N10>0,",",""),O10,"A"),""),")"),"")),"") | Q61: =IF(Q10="G", CONCATENATE($D10, IF(R10+S10>0,CONCATENATE(" (",R10,IF(S10>0,CONCATENATE(IF(R10>0,",",""),S10,"A"),""),")"),"")),"") | R61: =IF(Q10="D", CONCATENATE($D10, IF(R10+S10>0,CONCATENATE(" (",R10,IF(S10>0,CONCATENATE(IF(R10>0,",",""),S10,"A"),""),")"),"")),"") | S61: =IF(Q10="M", CONCATENATE($D10, IF(R10+S10>0,CONCATENATE(" (",R10,IF(S10>0,CONCATENATE(IF(R10>0,",",""),S10,"A"),""),")"),"")),"") | T61: =IF(Q10="A", CONCATENATE($D10, IF(R10+S10>0,CONCATENATE(" (",R10,IF(S10>0,CONCATENATE(IF(R10>0,",",""),S10,"A"),""),")"),"")),"") | U61: =IF(U10="G", CONCATENATE($D10, IF(V10+W10>0,CONCATENATE(" (",V10,IF(W10>0,CONCATENATE(IF(V10>0,",",""),W10,"A"),""),")"),"")),"") | V61: =IF(U10="D", CONCATENATE($D10, IF(V10+W10>0,CONCATENATE(" (",V10,IF(W10>0,CONCATENATE(IF(V10>0,",",""),W10,"A"),""),")"),"")),"") | W61: =IF(U10="M", CONCATENATE($D10, IF(V10+W10>0,CONCATENATE(" (",V10,IF(W10>0,CONCATENATE(IF(V10>0,",",""),W10,"A"),""),")"),"")),"") | X61: =IF(U10="A", CONCATENATE($D10, IF(V10+W10>0,CONCATENATE(" (",V10,IF(W10>0,CONCATENATE(IF(V10>0,",",""),W10,"A"),""),")"),"")),"") | Y61: =IF(Y10="G", CONCATENATE($D10, IF(Z10+AA10>0,CONCATENATE(" (",Z10,IF(AA10>0,CONCATENATE(IF(Z10>0,",",""),AA10,"A"),""),")"),"")),"") | Z61: =IF(Y10="D", CONCATENATE($D10, IF(Z10+AA10>0,CONCATENATE(" (",Z10,IF(AA10>0,CONCATENATE(IF(Z10>0,",",""),AA10,"A"),""),")"),"")),"") | AA61: =IF(Y10="M", CONCATENATE($D10, IF(Z10+AA10>0,CONCATENATE(" (",Z10,IF(AA10>0,CONCATENATE(IF(Z10>0,",",""),AA10,"A"),""),")"),"")),"") | AB61: =IF(Y10="A", CONCATENATE($D10, IF(Z10+AA10>0,CONCATENATE(" (",Z10,IF(AA10>0,CONCATENATE(IF(Z10>0,",",""),AA10,"A"),""),")"),"")),"") | AC61: =IF(AC10="G", CONCATENATE($D10, IF(AD10+AE10>0,CONCATENATE(" (",AD10,IF(AE10>0,CONCATENATE(IF(AD10>0,",",""),AE10,"A"),""),")"),"")),"") | AD61: =IF(AC10="D", CONCATENATE($D10, IF(AD10+AE10>0,CONCATENATE(" (",AD10,IF(AE10>0,CONCATENATE(IF(AD10>0,",",""),AE10,"A"),""),")"),"")),"") | AE61: =IF(AC10="M", CONCATENATE($D10, IF(AD10+AE10>0,CONCATENATE(" (",AD10,IF(AE10>0,CONCATENATE(IF(AD10>0,",",""),AE10,"A"),""),")"),"")),"") | AF61: =IF(AC10="A", CONCATENATE($D10, IF(AD10+AE10>0,CONCATENATE(" (",AD10,IF(AE10>0,CONCATENATE(IF(AD10>0,",",""),AE10,"A"),""),")"),"")),"") | AG61: =IF(AG10="G", CONCATENATE($D10, IF(AH10+AI10>0,CONCATENATE(" (",AH10,IF(AI10>0,CONCATENATE(IF(AH10>0,",",""),AI10,"A"),""),")"),"")),"") | AH61: =IF(AG10="D", CONCATENATE($D10, IF(AH10+AI10>0,CONCATENATE(" (",AH10,IF(AI10>0,CONCATENATE(IF(AH10>0,",",""),AI10,"A"),""),")"),"")),"") | AI61: =IF(AG10="M", CONCATENATE($D10, IF(AH10+AI10>0,CONCATENATE(" (",AH10,IF(AI10>0,CONCATENATE(IF(AH10>0,",",""),AI10,"A"),""),")"),"")),"") | AJ61: =IF(AG10="A", CONCATENATE($D10, IF(AH10+AI10>0,CONCATENATE(" (",AH10,IF(AI10>0,CONCATENATE(IF(AH10>0,",",""),AI10,"A"),""),")"),"")),"") | AK61: =IF(AK10="G", CONCATENATE($D10, IF(AL10+AM10>0,CONCATENATE(" (",AL10,IF(AM10>0,CONCATENATE(IF(AL10>0,",",""),AM10,"A"),""),")"),"")),"") | AL61: =IF(AK10="D", CONCATENATE($D10, IF(AL10+AM10>0,CONCATENATE(" (",AL10,IF(AM10>0,CONCATENATE(IF(AL10>0,",",""),AM10,"A"),""),")"),"")),"") | AM61: =IF(AK10="M", CONCATENATE($D10, IF(AL10+AM10>0,CONCATENATE(" (",AL10,IF(AM10>0,CONCATENATE(IF(AL10>0,",",""),AM10,"A"),""),")"),"")),"") | AN61: =IF(AK10="A", CONCATENATE($D10, IF(AL10+AM10>0,CONCATENATE(" (",AL10,IF(AM10>0,CONCATENATE(IF(AL10>0,",",""),AM10,"A"),""),")"),"")),"") | AO61: =IF(AO10="G", CONCATENATE($D10, IF(AP10+AQ10>0,CONCATENATE(" (",AP10,IF(AQ10>0,CONCATENATE(IF(AP10>0,",",""),AQ10,"A"),""),")"),"")),"") | AP61: =IF(AO10="D", CONCATENATE($D10, IF(AP10+AQ10>0,CONCATENATE(" (",AP10,IF(AQ10>0,CONCATENATE(IF(AP10>0,",",""),AQ10,"A"),""),")"),"")),"") | AQ61: =IF(AO10="M", CONCATENATE($D10, IF(AP10+AQ10>0,CONCATENATE(" (",AP10,IF(AQ10>0,CONCATENATE(IF(AP10>0,",",""),AQ10,"A"),""),")"),"")),"") | AR61: =IF(AO10="A", CONCATENATE($D10, IF(AP10+AQ10>0,CONCATENATE(" (",AP10,IF(AQ10>0,CONCATENATE(IF(AP10>0,",",""),AQ10,"A"),""),")"),"")),"") | AS61: =IF(AS10="G", CONCATENATE($D10, IF(AT10+AU10>0,CONCATENATE(" (",AT10,IF(AU10>0,CONCATENATE(IF(AT10>0,",",""),AU10,"A"),""),")"),"")),"") | AT61: =IF(AS10="D", CONCATENATE($D10, IF(AT10+AU10>0,CONCATENATE(" (",AT10,IF(AU10>0,CONCATENATE(IF(AT10>0,",",""),AU10,"A"),""),")"),"")),"") | AU61: =IF(AS10="M", CONCATENATE($D10, IF(AT10+AU10>0,CONCATENATE(" (",AT10,IF(AU10>0,CONCATENATE(IF(AT10>0,",",""),AU10,"A"),""),")"),"")),"") | AV61: =IF(AS10="A", CONCATENATE($D10, IF(AT10+AU10>0,CONCATENATE(" (",AT10,IF(AU10>0,CONCATENATE(IF(AT10>0,",",""),AU10,"A"),""),")"),"")),"") | AW61: =IF(AW10="G", CONCATENATE($D10, IF(AX10+AY10>0,CONCATENATE(" (",AX10,IF(AY10>0,CONCATENATE(IF(AX10>0,",",""),AY10,"A"),""),")"),"")),"") | AX61: =IF(AW10="D", CONCATENATE($D10, IF(AX10+AY10>0,CONCATENATE(" (",AX10,IF(AY10>0,CONCATENATE(IF(AX10>0,",",""),AY10,"A"),""),")"),"")),"") | AY61: =IF(AW10="M", CONCATENATE($D10, IF(AX10+AY10>0,CONCATENATE(" (",AX10,IF(AY10>0,CONCATENATE(IF(AX10>0,",",""),AY10,"A"),""),")"),"")),"") -> Jordan Anning | AZ61: =IF(AW10="A", CONCATENATE($D10, IF(AX10+AY10>0,CONCATENATE(" (",AX10,IF(AY10>0,CONCATENATE(IF(AX10>0,",",""),AY10,"A"),""),")"),"")),"") | BA61: =IF(BA10="G", CONCATENATE($D10, IF(BB10+BC10>0,CONCATENATE(" (",BB10,IF(BC10>0,CONCATENATE(IF(BB10>0,",",""),BC10,"A"),""),")"),"")),"") | BB61: =IF(BA10="D", CONCATENATE($D10, IF(BB10+BC10>0,CONCATENATE(" (",BB10,IF(BC10>0,CONCATENATE(IF(BB10>0,",",""),BC10,"A"),""),")"),"")),"") | BC61: =IF(BA10="M", CONCATENATE($D10, IF(BB10+BC10>0,CONCATENATE(" (",BB10,IF(BC10>0,CONCATENATE(IF(BB10>0,",",""),BC10,"A"),""),")"),"")),"") | BD61: =IF(BA10="A", CONCATENATE($D10, IF(BB10+BC10>0,CONCATENATE(" (",BB10,IF(BC10>0,CONCATENATE(IF(BB10>0,",",""),BC10,"A"),""),")"),"")),"") | BE61: =IF(BE10="G", CONCATENATE($D10, IF(BF10+BG10>0,CONCATENATE(" (",BF10,IF(BG10>0,CONCATENATE(IF(BF10>0,",",""),BG10,"A"),""),")"),"")),"") | BF61: =IF(BE10="D", CONCATENATE($D10, IF(BF10+BG10>0,CONCATENATE(" (",BF10,IF(BG10>0,CONCATENATE(IF(BF10>0,",",""),BG10,"A"),""),")"),"")),"") | BG61: =IF(BE10="M", CONCATENATE($D10, IF(BF10+BG10>0,CONCATENATE(" (",BF10,IF(BG10>0,CONCATENATE(IF(BF10>0,",",""),BG10,"A"),""),")"),"")),"") | BH61: =IF(BE10="A", CONCATENATE($D10, IF(BF10+BG10>0,CONCATENATE(" (",BF10,IF(BG10>0,CONCATENATE(IF(BF10>0,",",""),BG10,"A"),""),")"),"")),"") | BI61: =IF(BI10="G", CONCATENATE($D10, IF(BJ10+BK10>0,CONCATENATE(" (",BJ10,IF(BK10>0,CONCATENATE(IF(BJ10>0,",",""),BK10,"A"),""),")"),"")),"") | BJ61: =IF(BI10="D", CONCATENATE($D10, IF(BJ10+BK10>0,CONCATENATE(" (",BJ10,IF(BK10>0,CONCATENATE(IF(BJ10>0,",",""),BK10,"A"),""),")"),"")),"") | BK61: =IF(BI10="M", CONCATENATE($D10, IF(BJ10+BK10>0,CONCATENATE(" (",BJ10,IF(BK10>0,CONCATENATE(IF(BJ10>0,",",""),BK10,"A"),""),")"),"")),"") | BL61: =IF(BI10="A", CONCATENATE($D10, IF(BJ10+BK10>0,CONCATENATE(" (",BJ10,IF(BK10>0,CONCATENATE(IF(BJ10>0,",",""),BK10,"A"),""),")"),"")),"") | BM61: =IF(BM10="G", CONCATENATE($D10, IF(BN10+BO10>0,CONCATENATE(" (",BN10,IF(BO10>0,CONCATENATE(IF(BN10>0,",",""),BO10,"A"),""),")"),"")),"") | BN61: =IF(BM10="D", CONCATENATE($D10, IF(BN10+BO10>0,CONCATENATE(" (",BN10,IF(BO10>0,CONCATENATE(IF(BN10>0,",",""),BO10,"A"),""),")"),"")),"") | BO61: =IF(BM10="M", CONCATENATE($D10, IF(BN10+BO10>0,CONCATENATE(" (",BN10,IF(BO10>0,CONCATENATE(IF(BN10>0,",",""),BO10,"A"),""),")"),"")),"") | BP61: =IF(BM10="A", CONCATENATE($D10, IF(BN10+BO10>0,CONCATENATE(" (",BN10,IF(BO10>0,CONCATENATE(IF(BN10>0,",",""),BO10,"A"),""),")"),"")),"") | BQ61: =IF(BQ10="G", CONCATENATE($D10, IF(BR10+BS10>0,CONCATENATE(" (",BR10,IF(BS10>0,CONCATENATE(IF(BR10>0,",",""),BS10,"A"),""),")"),"")),"") | BR61: =IF(BQ10="D", CONCATENATE($D10, IF(BR10+BS10>0,CONCATENATE(" (",BR10,IF(BS10>0,CONCATENATE(IF(BR10>0,",",""),BS10,"A"),""),")"),"")),"") | BS61: =IF(BQ10="M", CONCATENATE($D10, IF(BR10+BS10>0,CONCATENATE(" (",BR10,IF(BS10>0,CONCATENATE(IF(BR10>0,",",""),BS10,"A"),""),")"),"")),"") | BT61: =IF(BQ10="A", CONCATENATE($D10, IF(BR10+BS10>0,CONCATENATE(" (",BR10,IF(BS10>0,CONCATENATE(IF(BR10>0,",",""),BS10,"A"),""),")"),"")),"") | BU61: =IF(BU10="G", CONCATENATE($D10, IF(BV10+BW10>0,CONCATENATE(" (",BV10,IF(BW10>0,CONCATENATE(IF(BV10>0,",",""),BW10,"A"),""),")"),"")),"") | BV61: =IF(BU10="D", CONCATENATE($D10, IF(BV10+BW10>0,CONCATENATE(" (",BV10,IF(BW10>0,CONCATENATE(IF(BV10>0,",",""),BW10,"A"),""),")"),"")),"") | BW61: =IF(BU10="M", CONCATENATE($D10, IF(BV10+BW10>0,CONCATENATE(" (",BV10,IF(BW10>0,CONCATENATE(IF(BV10>0,",",""),BW10,"A"),""),")"),"")),"") | BX61: =IF(BU10="A", CONCATENATE($D10, IF(BV10+BW10>0,CONCATENATE(" (",BV10,IF(BW10>0,CONCATENATE(IF(BV10>0,",",""),BW10,"A"),""),")"),"")),"") | BY61: =IF(BY10="G", CONCATENATE($D10, IF(BZ10+CA10>0,CONCATENATE(" (",BZ10,IF(CA10>0,CONCATENATE(IF(BZ10>0,",",""),CA10,"A"),""),")"),"")),"") | BZ61: =IF(BY10="D", CONCATENATE($D10, IF(BZ10+CA10>0,CONCATENATE(" (",BZ10,IF(CA10>0,CONCATENATE(IF(BZ10>0,",",""),CA10,"A"),""),")"),"")),"") | CA61: =IF(BY10="M", CONCATENATE($D10, IF(BZ10+CA10>0,CONCATENATE(" (",BZ10,IF(CA10>0,CONCATENATE(IF(BZ10>0,",",""),CA10,"A"),""),")"),"")),"") | CB61: =IF(BY10="A", CONCATENATE($D10, IF(BZ10+CA10>0,CONCATENATE(" (",BZ10,IF(CA10>0,CONCATENATE(IF(BZ10>0,",",""),CA10,"A"),""),")"),"")),"") | CC61: =IF(CC10="G", CONCATENATE($D10, IF(CD10+CE10>0,CONCATENATE(" (",CD10,IF(CE10>0,CONCATENATE(IF(CD10>0,",",""),CE10,"A"),""),")"),"")),"") | CD61: =IF(CC10="D", CONCATENATE($D10, IF(CD10+CE10>0,CONCATENATE(" (",CD10,IF(CE10>0,CONCATENATE(IF(CD10>0,",",""),CE10,"A"),""),")"),"")),"") | CE61: =IF(CC10="M", CONCATENATE($D10, IF(CD10+CE10>0,CONCATENATE(" (",CD10,IF(CE10>0,CONCATENATE(IF(CD10>0,",",""),CE10,"A"),""),")"),"")),"") | CF61: =IF(CC10="A", CONCATENATE($D10, IF(CD10+CE10>0,CONCATENATE(" (",CD10,IF(CE10>0,CONCATENATE(IF(CD10>0,",",""),CE10,"A"),""),")"),"")),"") | CG61: =IF(CG10="G", CONCATENATE($D10, IF(CH10+CI10>0,CONCATENATE(" (",CH10,IF(CI10>0,CONCATENATE(IF(CH10>0,",",""),CI10,"A"),""),")"),"")),"") | CH61: =IF(CG10="D", CONCATENATE($D10, IF(CH10+CI10>0,CONCATENATE(" (",CH10,IF(CI10>0,CONCATENATE(IF(CH10>0,",",""),CI10,"A"),""),")"),"")),"") | CI61: =IF(CG10="M", CONCATENATE($D10, IF(CH10+CI10>0,CONCATENATE(" (",CH10,IF(CI10>0,CONCATENATE(IF(CH10>0,",",""),CI10,"A"),""),")"),"")),"") | CJ61: =IF(CG10="A", CONCATENATE($D10, IF(CH10+CI10>0,CONCATENATE(" (",CH10,IF(CI10>0,CONCATENATE(IF(CH10>0,",",""),CI10,"A"),""),")"),"")),"")
G62: =G61+1 -> 2 | I62: =IF(I11="G", CONCATENATE($D11, IF(J11+K11>0,CONCATENATE(" (",J11,IF(K11>0,CONCATENATE(IF(J11>0,",",""),K11,"A"),""),")"),"")),"") | J62: =IF(I11="D", CONCATENATE($D11, IF(J11+K11>0,CONCATENATE(" (",J11,IF(K11>0,CONCATENATE(IF(J11>0,",",""),K11,"A"),""),")"),"")),"") | K62: =IF(I11="M", CONCATENATE($D11, IF(J11+K11>0,CONCATENATE(" (",J11,IF(K11>0,CONCATENATE(IF(J11>0,",",""),K11,"A"),""),")"),"")),"") | L62: =IF(I11="A", CONCATENATE($D11, IF(J11+K11>0,CONCATENATE(" (",J11,IF(K11>0,CONCATENATE(IF(J11>0,",",""),K11,"A"),""),")"),"")),"") | M62: =IF(M11="G", CONCATENATE($D11, IF(N11+O11>0,CONCATENATE(" (",N11,IF(O11>0,CONCATENATE(IF(N11>0,",",""),O11,"A"),""),")"),"")),"") | N62: =IF(M11="D", CONCATENATE($D11, IF(N11+O11>0,CONCATENATE(" (",N11,IF(O11>0,CONCATENATE(IF(N11>0,",",""),O11,"A"),""),")"),"")),"") | O62: =IF(M11="M", CONCATENATE($D11, IF(N11+O11>0,CONCATENATE(" (",N11,IF(O11>0,CONCATENATE(IF(N11>0,",",""),O11,"A"),""),")"),"")),"") | P62: =IF(M11="A", CONCATENATE($D11, IF(N11+O11>0,CONCATENATE(" (",N11,IF(O11>0,CONCATENATE(IF(N11>0,",",""),O11,"A"),""),")"),"")),"") | Q62: =IF(Q11="G", CONCATENATE($D11, IF(R11+S11>0,CONCATENATE(" (",R11,IF(S11>0,CONCATENATE(IF(R11>0,",",""),S11,"A"),""),")"),"")),"") | R62: =IF(Q11="D", CONCATENATE($D11, IF(R11+S11>0,CONCATENATE(" (",R11,IF(S11>0,CONCATENATE(IF(R11>0,",",""),S11,"A"),""),")"),"")),"") | S62: =IF(Q11="M", CONCATENATE($D11, IF(R11+S11>0,CONCATENATE(" (",R11,IF(S11>0,CONCATENATE(IF(R11>0,",",""),S11,"A"),""),")"),"")),"") | T62: =IF(Q11="A", CONCATENATE($D11, IF(R11+S11>0,CONCATENATE(" (",R11,IF(S11>0,CONCATENATE(IF(R11>0,",",""),S11,"A"),""),")"),"")),"") | U62: =IF(U11="G", CONCATENATE($D11, IF(V11+W11>0,CONCATENATE(" (",V11,IF(W11>0,CONCATENATE(IF(V11>0,",",""),W11,"A"),""),")"),"")),"") | V62: =IF(U11="D", CONCATENATE($D11, IF(V11+W11>0,CONCATENATE(" (",V11,IF(W11>0,CONCATENATE(IF(V11>0,",",""),W11,"A"),""),")"),"")),"") | W62: =IF(U11="M", CONCATENATE($D11, IF(V11+W11>0,CONCATENATE(" (",V11,IF(W11>0,CONCATENATE(IF(V11>0,",",""),W11,"A"),""),")"),"")),"") | X62: =IF(U11="A", CONCATENATE($D11, IF(V11+W11>0,CONCATENATE(" (",V11,IF(W11>0,CONCATENATE(IF(V11>0,",",""),W11,"A"),""),")"),"")),"") | Y62: =IF(Y11="G", CONCATENATE($D11, IF(Z11+AA11>0,CONCATENATE(" (",Z11,IF(AA11>0,CONCATENATE(IF(Z11>0,",",""),AA11,"A"),""),")"),"")),"") | Z62: =IF(Y11="D", CONCATENATE($D11, IF(Z11+AA11>0,CONCATENATE(" (",Z11,IF(AA11>0,CONCATENATE(IF(Z11>0,",",""),AA11,"A"),""),")"),"")),"") | AA62: =IF(Y11="M", CONCATENATE($D11, IF(Z11+AA11>0,CONCATENATE(" (",Z11,IF(AA11>0,CONCATENATE(IF(Z11>0,",",""),AA11,"A"),""),")"),"")),"") -> Lorenzo Balzarini (2) | AB62: =IF(Y11="A", CONCATENATE($D11, IF(Z11+AA11>0,CONCATENATE(" (",Z11,IF(AA11>0,CONCATENATE(IF(Z11>0,",",""),AA11,"A"),""),")"),"")),"") | AC62: =IF(AC11="G", CONCATENATE($D11, IF(AD11+AE11>0,CONCATENATE(" (",AD11,IF(AE11>0,CONCATENATE(IF(AD11>0,",",""),AE11,"A"),""),")"),"")),"") | AD62: =IF(AC11="D", CONCATENATE($D11, IF(AD11+AE11>0,CONCATENATE(" (",AD11,IF(AE11>0,CONCATENATE(IF(AD11>0,",",""),AE11,"A"),""),")"),"")),"") | AE62: =IF(AC11="M", CONCATENATE($D11, IF(AD11+AE11>0,CONCATENATE(" (",AD11,IF(AE11>0,CONCATENATE(IF(AD11>0,",",""),AE11,"A"),""),")"),"")),"") -> Lorenzo Balzarini (1) | AF62: =IF(AC11="A", CONCATENATE($D11, IF(AD11+AE11>0,CONCATENATE(" (",AD11,IF(AE11>0,CONCATENATE(IF(AD11>0,",",""),AE11,"A"),""),")"),"")),"") | AG62: =IF(AG11="G", CONCATENATE($D11, IF(AH11+AI11>0,CONCATENATE(" (",AH11,IF(AI11>0,CONCATENATE(IF(AH11>0,",",""),AI11,"A"),""),")"),"")),"") | AH62: =IF(AG11="D", CONCATENATE($D11, IF(AH11+AI11>0,CONCATENATE(" (",AH11,IF(AI11>0,CONCATENATE(IF(AH11>0,",",""),AI11,"A"),""),")"),"")),"") | AI62: =IF(AG11="M", CONCATENATE($D11, IF(AH11+AI11>0,CONCATENATE(" (",AH11,IF(AI11>0,CONCATENATE(IF(AH11>0,",",""),AI11,"A"),""),")"),"")),"") | AJ62: =IF(AG11="A", CONCATENATE($D11, IF(AH11+AI11>0,CONCATENATE(" (",AH11,IF(AI11>0,CONCATENATE(IF(AH11>0,",",""),AI11,"A"),""),")"),"")),"") | AK62: =IF(AK11="G", CONCATENATE($D11, IF(AL11+AM11>0,CONCATENATE(" (",AL11,IF(AM11>0,CONCATENATE(IF(AL11>0,",",""),AM11,"A"),""),")"),"")),"") | AL62: =IF(AK11="D", CONCATENATE($D11, IF(AL11+AM11>0,CONCATENATE(" (",AL11,IF(AM11>0,CONCATENATE(IF(AL11>0,",",""),AM11,"A"),""),")"),"")),"") | AM62: =IF(AK11="M", CONCATENATE($D11, IF(AL11+AM11>0,CONCATENATE(" (",AL11,IF(AM11>0,CONCATENATE(IF(AL11>0,",",""),AM11,"A"),""),")"),"")),"") -> Lorenzo Balzarini | AN62: =IF(AK11="A", CONCATENATE($D11, IF(AL11+AM11>0,CONCATENATE(" (",AL11,IF(AM11>0,CONCATENATE(IF(AL11>0,",",""),AM11,"A"),""),")"),"")),"") | AO62: =IF(AO11="G", CONCATENATE($D11, IF(AP11+AQ11>0,CONCATENATE(" (",AP11,IF(AQ11>0,CONCATENATE(IF(AP11>0,",",""),AQ11,"A"),""),")"),"")),"") | AP62: =IF(AO11="D", CONCATENATE($D11, IF(AP11+AQ11>0,CONCATENATE(" (",AP11,IF(AQ11>0,CONCATENATE(IF(AP11>0,",",""),AQ11,"A"),""),")"),"")),"") | AQ62: =IF(AO11="M", CONCATENATE($D11, IF(AP11+AQ11>0,CONCATENATE(" (",AP11,IF(AQ11>0,CONCATENATE(IF(AP11>0,",",""),AQ11,"A"),""),")"),"")),"") -> Lorenzo Balzarini | AR62: =IF(AO11="A", CONCATENATE($D11, IF(AP11+AQ11>0,CONCATENATE(" (",AP11,IF(AQ11>0,CONCATENATE(IF(AP11>0,",",""),AQ11,"A"),""),")"),"")),"") | AS62: =IF(AS11="G", CONCATENATE($D11, IF(AT11+AU11>0,CONCATENATE(" (",AT11,IF(AU11>0,CONCATENATE(IF(AT11>0,",",""),AU11,"A"),""),")"),"")),"") | AT62: =IF(AS11="D", CONCATENATE($D11, IF(AT11+AU11>0,CONCATENATE(" (",AT11,IF(AU11>0,CONCATENATE(IF(AT11>0,",",""),AU11,"A"),""),")"),"")),"") | AU62: =IF(AS11="M", CONCATENATE($D11, IF(AT11+AU11>0,CONCATENATE(" (",AT11,IF(AU11>0,CONCATENATE(IF(AT11>0,",",""),AU11,"A"),""),")"),"")),"") -> Lorenzo Balzarini | AV62: =IF(AS11="A", CONCATENATE($D11, IF(AT11+AU11>0,CONCATENATE(" (",AT11,IF(AU11>0,CONCATENATE(IF(AT11>0,",",""),AU11,"A"),""),")"),"")),"") | AW62: =IF(AW11="G", CONCATENATE($D11, IF(AX11+AY11>0,CONCATENATE(" (",AX11,IF(AY11>0,CONCATENATE(IF(AX11>0,",",""),AY11,"A"),""),")"),"")),"") | AX62: =IF(AW11="D", CONCATENATE($D11, IF(AX11+AY11>0,CONCATENATE(" (",AX11,IF(AY11>0,CONCATENATE(IF(AX11>0,",",""),AY11,"A"),""),")"),"")),"") | AY62: =IF(AW11="M", CONCATENATE($D11, IF(AX11+AY11>0,CONCATENATE(" (",AX11,IF(AY11>0,CONCATENATE(IF(AX11>0,",",""),AY11,"A"),""),")"),"")),"") -> Lorenzo Balzarini (2) | AZ62: =IF(AW11="A", CONCATENATE($D11, IF(AX11+AY11>0,CONCATENATE(" (",AX11,IF(AY11>0,CONCATENATE(IF(AX11>0,",",""),AY11,"A"),""),")"),"")),"") | BA62: =IF(BA11="G", CONCATENATE($D11, IF(BB11+BC11>0,CONCATENATE(" (",BB11,IF(BC11>0,CONCATENATE(IF(BB11>0,",",""),BC11,"A"),""),")"),"")),"") | BB62: =IF(BA11="D", CONCATENATE($D11, IF(BB11+BC11>0,CONCATENATE(" (",BB11,IF(BC11>0,CONCATENATE(IF(BB11>0,",",""),BC11,"A"),""),")"),"")),"") | BC62: =IF(BA11="M", CONCATENATE($D11, IF(BB11+BC11>0,CONCATENATE(" (",BB11,IF(BC11>0,CONCATENATE(IF(BB11>0,",",""),BC11,"A"),""),")"),"")),"") | BD62: =IF(BA11="A", CONCATENATE($D11, IF(BB11+BC11>0,CONCATENATE(" (",BB11,IF(BC11>0,CONCATENATE(IF(BB11>0,",",""),BC11,"A"),""),")"),"")),"") | BE62: =IF(BE11="G", CONCATENATE($D11, IF(BF11+BG11>0,CONCATENATE(" (",BF11,IF(BG11>0,CONCATENATE(IF(BF11>0,",",""),BG11,"A"),""),")"),"")),"") | BF62: =IF(BE11="D", CONCATENATE($D11, IF(BF11+BG11>0,CONCATENATE(" (",BF11,IF(BG11>0,CONCATENATE(IF(BF11>0,",",""),BG11,"A"),""),")"),"")),"") | BG62: =IF(BE11="M", CONCATENATE($D11, IF(BF11+BG11>0,CONCATENATE(" (",BF11,IF(BG11>0,CONCATENATE(IF(BF11>0,",",""),BG11,"A"),""),")"),"")),"") -> Lorenzo Balzarini (1) | BH62: =IF(BE11="A", CONCATENATE($D11, IF(BF11+BG11>0,CONCATENATE(" (",BF11,IF(BG11>0,CONCATENATE(IF(BF11>0,",",""),BG11,"A"),""),")"),"")),"") | BI62: =IF(BI11="G", CONCATENATE($D11, IF(BJ11+BK11>0,CONCATENATE(" (",BJ11,IF(BK11>0,CONCATENATE(IF(BJ11>0,",",""),BK11,"A"),""),")"),"")),"") | BJ62: =IF(BI11="D", CONCATENATE($D11, IF(BJ11+BK11>0,CONCATENATE(" (",BJ11,IF(BK11>0,CONCATENATE(IF(BJ11>0,",",""),BK11,"A"),""),")"),"")),"") | BK62: =IF(BI11="M", CONCATENATE($D11, IF(BJ11+BK11>0,CONCATENATE(" (",BJ11,IF(BK11>0,CONCATENATE(IF(BJ11>0,",",""),BK11,"A"),""),")"),"")),"") -> Lorenzo Balzarini (1) | BL62: =IF(BI11="A", CONCATENATE($D11, IF(BJ11+BK11>0,CONCATENATE(" (",BJ11,IF(BK11>0,CONCATENATE(IF(BJ11>0,",",""),BK11,"A"),""),")"),"")),"") | BM62: =IF(BM11="G", CONCATENATE($D11, IF(BN11+BO11>0,CONCATENATE(" (",BN11,IF(BO11>0,CONCATENATE(IF(BN11>0,",",""),BO11,"A"),""),")"),"")),"") | BN62: =IF(BM11="D", CONCATENATE($D11, IF(BN11+BO11>0,CONCATENATE(" (",BN11,IF(BO11>0,CONCATENATE(IF(BN11>0,",",""),BO11,"A"),""),")"),"")),"") | BO62: =IF(BM11="M", CONCATENATE($D11, IF(BN11+BO11>0,CONCATENATE(" (",BN11,IF(BO11>0,CONCATENATE(IF(BN11>0,",",""),BO11,"A"),""),")"),"")),"") | BP62: =IF(BM11="A", CONCATENATE($D11, IF(BN11+BO11>0,CONCATENATE(" (",BN11,IF(BO11>0,CONCATENATE(IF(BN11>0,",",""),BO11,"A"),""),")"),"")),"") | BQ62: =IF(BQ11="G", CONCATENATE($D11, IF(BR11+BS11>0,CONCATENATE(" (",BR11,IF(BS11>0,CONCATENATE(IF(BR11>0,",",""),BS11,"A"),""),")"),"")),"") | BR62: =IF(BQ11="D", CONCATENATE($D11, IF(BR11+BS11>0,CONCATENATE(" (",BR11,IF(BS11>0,CONCATENATE(IF(BR11>0,",",""),BS11,"A"),""),")"),"")),"") | BS62: =IF(BQ11="M", CONCATENATE($D11, IF(BR11+BS11>0,CONCATENATE(" (",BR11,IF(BS11>0,CONCATENATE(IF(BR11>0,",",""),BS11,"A"),""),")"),"")),"") -> Lorenzo Balzarini | BT62: =IF(BQ11="A", CONCATENATE($D11, IF(BR11+BS11>0,CONCATENATE(" (",BR11,IF(BS11>0,CONCATENATE(IF(BR11>0,",",""),BS11,"A"),""),")"),"")),"") | BU62: =IF(BU11="G", CONCATENATE($D11, IF(BV11+BW11>0,CONCATENATE(" (",BV11,IF(BW11>0,CONCATENATE(IF(BV11>0,",",""),BW11,"A"),""),")"),"")),"") | BV62: =IF(BU11="D", CONCATENATE($D11, IF(BV11+BW11>0,CONCATENATE(" (",BV11,IF(BW11>0,CONCATENATE(IF(BV11>0,",",""),BW11,"A"),""),")"),"")),"") | BW62: =IF(BU11="M", CONCATENATE($D11, IF(BV11+BW11>0,CONCATENATE(" (",BV11,IF(BW11>0,CONCATENATE(IF(BV11>0,",",""),BW11,"A"),""),")"),"")),"") | BX62: =IF(BU11="A", CONCATENATE($D11, IF(BV11+BW11>0,CONCATENATE(" (",BV11,IF(BW11>0,CONCATENATE(IF(BV11>0,",",""),BW11,"A"),""),")"),"")),"") | BY62: =IF(BY11="G", CONCATENATE($D11, IF(BZ11+CA11>0,CONCATENATE(" (",BZ11,IF(CA11>0,CONCATENATE(IF(BZ11>0,",",""),CA11,"A"),""),")"),"")),"") | BZ62: =IF(BY11="D", CONCATENATE($D11, IF(BZ11+CA11>0,CONCATENATE(" (",BZ11,IF(CA11>0,CONCATENATE(IF(BZ11>0,",",""),CA11,"A"),""),")"),"")),"") | CA62: =IF(BY11="M", CONCATENATE($D11, IF(BZ11+CA11>0,CONCATENATE(" (",BZ11,IF(CA11>0,CONCATENATE(IF(BZ11>0,",",""),CA11,"A"),""),")"),"")),"") | CB62: =IF(BY11="A", CONCATENATE($D11, IF(BZ11+CA11>0,CONCATENATE(" (",BZ11,IF(CA11>0,CONCATENATE(IF(BZ11>0,",",""),CA11,"A"),""),")"),"")),"") | CC62: =IF(CC11="G", CONCATENATE($D11, IF(CD11+CE11>0,CONCATENATE(" (",CD11,IF(CE11>0,CONCATENATE(IF(CD11>0,",",""),CE11,"A"),""),")"),"")),"") | CD62: =IF(CC11="D", CONCATENATE($D11, IF(CD11+CE11>0,CONCATENATE(" (",CD11,IF(CE11>0,CONCATENATE(IF(CD11>0,",",""),CE11,"A"),""),")"),"")),"") | CE62: =IF(CC11="M", CONCATENATE($D11, IF(CD11+CE11>0,CONCATENATE(" (",CD11,IF(CE11>0,CONCATENATE(IF(CD11>0,",",""),CE11,"A"),""),")"),"")),"") | CF62: =IF(CC11="A", CONCATENATE($D11, IF(CD11+CE11>0,CONCATENATE(" (",CD11,IF(CE11>0,CONCATENATE(IF(CD11>0,",",""),CE11,"A"),""),")"),"")),"") | CG62: =IF(CG11="G", CONCATENATE($D11, IF(CH11+CI11>0,CONCATENATE(" (",CH11,IF(CI11>0,CONCATENATE(IF(CH11>0,",",""),CI11,"A"),""),")"),"")),"") | CH62: =IF(CG11="D", CONCATENATE($D11, IF(CH11+CI11>0,CONCATENATE(" (",CH11,IF(CI11>0,CONCATENATE(IF(CH11>0,",",""),CI11,"A"),""),")"),"")),"") | CI62: =IF(CG11="M", CONCATENATE($D11, IF(CH11+CI11>0,CONCATENATE(" (",CH11,IF(CI11>0,CONCATENATE(IF(CH11>0,",",""),CI11,"A"),""),")"),"")),"") -> Lorenzo Balzarini | CJ62: =IF(CG11="A", CONCATENATE($D11, IF(CH11+CI11>0,CONCATENATE(" (",CH11,IF(CI11>0,CONCATENATE(IF(CH11>0,",",""),CI11,"A"),""),")"),"")),"")
G63: =G62+1 -> 3 | I63: =IF(I12="G", CONCATENATE($D12, IF(J12+K12>0,CONCATENATE(" (",J12,IF(K12>0,CONCATENATE(IF(J12>0,",",""),K12,"A"),""),")"),"")),"") | J63: =IF(I12="D", CONCATENATE($D12, IF(J12+K12>0,CONCATENATE(" (",J12,IF(K12>0,CONCATENATE(IF(J12>0,",",""),K12,"A"),""),")"),"")),"") | K63: =IF(I12="M", CONCATENATE($D12, IF(J12+K12>0,CONCATENATE(" (",J12,IF(K12>0,CONCATENATE(IF(J12>0,",",""),K12,"A"),""),")"),"")),"") | L63: =IF(I12="A", CONCATENATE($D12, IF(J12+K12>0,CONCATENATE(" (",J12,IF(K12>0,CONCATENATE(IF(J12>0,",",""),K12,"A"),""),")"),"")),"") -> Justin Baranowski (2) | M63: =IF(M12="G", CONCATENATE($D12, IF(N12+O12>0,CONCATENATE(" (",N12,IF(O12>0,CONCATENATE(IF(N12>0,",",""),O12,"A"),""),")"),"")),"") | N63: =IF(M12="D", CONCATENATE($D12, IF(N12+O12>0,CONCATENATE(" (",N12,IF(O12>0,CONCATENATE(IF(N12>0,",",""),O12,"A"),""),")"),"")),"") | O63: =IF(M12="M", CONCATENATE($D12, IF(N12+O12>0,CONCATENATE(" (",N12,IF(O12>0,CONCATENATE(IF(N12>0,",",""),O12,"A"),""),")"),"")),"") | P63: =IF(M12="A", CONCATENATE($D12, IF(N12+O12>0,CONCATENATE(" (",N12,IF(O12>0,CONCATENATE(IF(N12>0,",",""),O12,"A"),""),")"),"")),"") -> Justin Baranowski (2) | Q63: =IF(Q12="G", CONCATENATE($D12, IF(R12+S12>0,CONCATENATE(" (",R12,IF(S12>0,CONCATENATE(IF(R12>0,",",""),S12,"A"),""),")"),"")),"") | R63: =IF(Q12="D", CONCATENATE($D12, IF(R12+S12>0,CONCATENATE(" (",R12,IF(S12>0,CONCATENATE(IF(R12>0,",",""),S12,"A"),""),")"),"")),"") | S63: =IF(Q12="M", CONCATENATE($D12, IF(R12+S12>0,CONCATENATE(" (",R12,IF(S12>0,CONCATENATE(IF(R12>0,",",""),S12,"A"),""),")"),"")),"") | T63: =IF(Q12="A", CONCATENATE($D12, IF(R12+S12>0,CONCATENATE(" (",R12,IF(S12>0,CONCATENATE(IF(R12>0,",",""),S12,"A"),""),")"),"")),"") -> Justin Baranowski | U63: =IF(U12="G", CONCATENATE($D12, IF(V12+W12>0,CONCATENATE(" (",V12,IF(W12>0,CONCATENATE(IF(V12>0,",",""),W12,"A"),""),")"),"")),"") | V63: =IF(U12="D", CONCATENATE($D12, IF(V12+W12>0,CONCATENATE(" (",V12,IF(W12>0,CONCATENATE(IF(V12>0,",",""),W12,"A"),""),")"),"")),"") | W63: =IF(U12="M", CONCATENATE($D12, IF(V12+W12>0,CONCATENATE(" (",V12,IF(W12>0,CONCATENATE(IF(V12>0,",",""),W12,"A"),""),")"),"")),"") | X63: =IF(U12="A", CONCATENATE($D12, IF(V12+W12>0,CONCATENATE(" (",V12,IF(W12>0,CONCATENATE(IF(V12>0,",",""),W12,"A"),""),")"),"")),"") -> Justin Baranowski (1) | Y63: =IF(Y12="G", CONCATENATE($D12, IF(Z12+AA12>0,CONCATENATE(" (",Z12,IF(AA12>0,CONCATENATE(IF(Z12>0,",",""),AA12,"A"),""),")"),"")),"") | Z63: =IF(Y12="D", CONCATENATE($D12, IF(Z12+AA12>0,CONCATENATE(" (",Z12,IF(AA12>0,CONCATENATE(IF(Z12>0,",",""),AA12,"A"),""),")"),"")),"") | AA63: =IF(Y12="M", CONCATENATE($D12, IF(Z12+AA12>0,CONCATENATE(" (",Z12,IF(AA12>0,CONCATENATE(IF(Z12>0,",",""),AA12,"A"),""),")"),"")),"") | AB63: =IF(Y12="A", CONCATENATE($D12, IF(Z12+AA12>0,CONCATENATE(" (",Z12,IF(AA12>0,CONCATENATE(IF(Z12>0,",",""),AA12,"A"),""),")"),"")),"") -> Justin Baranowski (1) | AC63: =IF(AC12="G", CONCATENATE($D12, IF(AD12+AE12>0,CONCATENATE(" (",AD12,IF(AE12>0,CONCATENATE(IF(AD12>0,",",""),AE12,"A"),""),")"),"")),"") | AD63: =IF(AC12="D", CONCATENATE($D12, IF(AD12+AE12>0,CONCATENATE(" (",AD12,IF(AE12>0,CONCATENATE(IF(AD12>0,",",""),AE12,"A"),""),")"),"")),"") | AE63: =IF(AC12="M", CONCATENATE($D12, IF(AD12+AE12>0,CONCATENATE(" (",AD12,IF(AE12>0,CONCATENATE(IF(AD12>0,",",""),AE12,"A"),""),")"),"")),"") | AF63: =IF(AC12="A", CONCATENATE($D12, IF(AD12+AE12>0,CONCATENATE(" (",AD12,IF(AE12>0,CONCATENATE(IF(AD12>0,",",""),AE12,"A"),""),")"),"")),"") -> Justin Baranowski (1) | AG63: =IF(AG12="G", CONCATENATE($D12, IF(AH12+AI12>0,CONCATENATE(" (",AH12,IF(AI12>0,CONCATENATE(IF(AH12>0,",",""),AI12,"A"),""),")"),"")),"") | AH63: =IF(AG12="D", CONCATENATE($D12, IF(AH12+AI12>0,CONCATENATE(" (",AH12,IF(AI12>0,CONCATENATE(IF(AH12>0,",",""),AI12,"A"),""),")"),"")),"") | AI63: =IF(AG12="M", CONCATENATE($D12, IF(AH12+AI12>0,CONCATENATE(" (",AH12,IF(AI12>0,CONCATENATE(IF(AH12>0,",",""),AI12,"A"),""),")"),"")),"") | AJ63: =IF(AG12="A", CONCATENATE($D12, IF(AH12+AI12>0,CONCATENATE(" (",AH12,IF(AI12>0,CONCATENATE(IF(AH12>0,",",""),AI12,"A"),""),")"),"")),"") | AK63: =IF(AK12="G", CONCATENATE($D12, IF(AL12+AM12>0,CONCATENATE(" (",AL12,IF(AM12>0,CONCATENATE(IF(AL12>0,",",""),AM12,"A"),""),")"),"")),"") | AL63: =IF(AK12="D", CONCATENATE($D12, IF(AL12+AM12>0,CONCATENATE(" (",AL12,IF(AM12>0,CONCATENATE(IF(AL12>0,",",""),AM12,"A"),""),")"),"")),"") | AM63: =IF(AK12="M", CONCATENATE($D12, IF(AL12+AM12>0,CONCATENATE(" (",AL12,IF(AM12>0,CONCATENATE(IF(AL12>0,",",""),AM12,"A"),""),")"),"")),"") | AN63: =IF(AK12="A", CONCATENATE($D12, IF(AL12+AM12>0,CONCATENATE(" (",AL12,IF(AM12>0,CONCATENATE(IF(AL12>0,",",""),AM12,"A"),""),")"),"")),"") -> Justin Baranowski (2) | AO63: =IF(AO12="G", CONCATENATE($D12, IF(AP12+AQ12>0,CONCATENATE(" (",AP12,IF(AQ12>0,CONCATENATE(IF(AP12>0,",",""),AQ12,"A"),""),")"),"")),"") | AP63: =IF(AO12="D", CONCATENATE($D12, IF(AP12+AQ12>0,CONCATENATE(" (",AP12,IF(AQ12>0,CONCATENATE(IF(AP12>0,",",""),AQ12,"A"),""),")"),"")),"") | AQ63: =IF(AO12="M", CONCATENATE($D12, IF(AP12+AQ12>0,CONCATENATE(" (",AP12,IF(AQ12>0,CONCATENATE(IF(AP12>0,",",""),AQ12,"A"),""),")"),"")),"") | AR63: =IF(AO12="A", CONCATENATE($D12, IF(AP12+AQ12>0,CONCATENATE(" (",AP12,IF(AQ12>0,CONCATENATE(IF(AP12>0,",",""),AQ12,"A"),""),")"),"")),"") -> Justin Baranowski (1) | AS63: =IF(AS12="G", CONCATENATE($D12, IF(AT12+AU12>0,CONCATENATE(" (",AT12,IF(AU12>0,CONCATENATE(IF(AT12>0,",",""),AU12,"A"),""),")"),"")),"") | AT63: =IF(AS12="D", CONCATENATE($D12, IF(AT12+AU12>0,CONCATENATE(" (",AT12,IF(AU12>0,CONCATENATE(IF(AT12>0,",",""),AU12,"A"),""),")"),"")),"") | AU63: =IF(AS12="M", CONCATENATE($D12, IF(AT12+AU12>0,CONCATENATE(" (",AT12,IF(AU12>0,CONCATENATE(IF(AT12>0,",",""),AU12,"A"),""),")"),"")),"") | AV63: =IF(AS12="A", CONCATENATE($D12, IF(AT12+AU12>0,CONCATENATE(" (",AT12,IF(AU12>0,CONCATENATE(IF(AT12>0,",",""),AU12,"A"),""),")"),"")),"") -> Justin Baranowski | AW63: =IF(AW12="G", CONCATENATE($D12, IF(AX12+AY12>0,CONCATENATE(" (",AX12,IF(AY12>0,CONCATENATE(IF(AX12>0,",",""),AY12,"A"),""),")"),"")),"") | AX63: =IF(AW12="D", CONCATENATE($D12, IF(AX12+AY12>0,CONCATENATE(" (",AX12,IF(AY12>0,CONCATENATE(IF(AX12>0,",",""),AY12,"A"),""),")"),"")),"") | AY63: =IF(AW12="M", CONCATENATE($D12, IF(AX12+AY12>0,CONCATENATE(" (",AX12,IF(AY12>0,CONCATENATE(IF(AX12>0,",",""),AY12,"A"),""),")"),"")),"") | AZ63: =IF(AW12="A", CONCATENATE($D12, IF(AX12+AY12>0,CONCATENATE(" (",AX12,IF(AY12>0,CONCATENATE(IF(AX12>0,",",""),AY12,"A"),""),")"),"")),"") | BA63: =IF(BA12="G", CONCATENATE($D12, IF(BB12+BC12>0,CONCATENATE(" (",BB12,IF(BC12>0,CONCATENATE(IF(BB12>0,",",""),BC12,"A"),""),")"),"")),"") | BB63: =IF(BA12="D", CONCATENATE($D12, IF(BB12+BC12>0,CONCATENATE(" (",BB12,IF(BC12>0,CONCATENATE(IF(BB12>0,",",""),BC12,"A"),""),")"),"")),"") | BC63: =IF(BA12="M", CONCATENATE($D12, IF(BB12+BC12>0,CONCATENATE(" (",BB12,IF(BC12>0,CONCATENATE(IF(BB12>0,",",""),BC12,"A"),""),")"),"")),"") | BD63: =IF(BA12="A", CONCATENATE($D12, IF(BB12+BC12>0,CONCATENATE(" (",BB12,IF(BC12>0,CONCATENATE(IF(BB12>0,",",""),BC12,"A"),""),")"),"")),"") | BE63: =IF(BE12="G", CONCATENATE($D12, IF(BF12+BG12>0,CONCATENATE(" (",BF12,IF(BG12>0,CONCATENATE(IF(BF12>0,",",""),BG12,"A"),""),")"),"")),"") | BF63: =IF(BE12="D", CONCATENATE($D12, IF(BF12+BG12>0,CONCATENATE(" (",BF12,IF(BG12>0,CONCATENATE(IF(BF12>0,",",""),BG12,"A"),""),")"),"")),"") | BG63: =IF(BE12="M", CONCATENATE($D12, IF(BF12+BG12>0,CONCATENATE(" (",BF12,IF(BG12>0,CONCATENATE(IF(BF12>0,",",""),BG12,"A"),""),")"),"")),"") | BH63: =IF(BE12="A", CONCATENATE($D12, IF(BF12+BG12>0,CONCATENATE(" (",BF12,IF(BG12>0,CONCATENATE(IF(BF12>0,",",""),BG12,"A"),""),")"),"")),"") -> Justin Baranowski (2) | BI63: =IF(BI12="G", CONCATENATE($D12, IF(BJ12+BK12>0,CONCATENATE(" (",BJ12,IF(BK12>0,CONCATENATE(IF(BJ12>0,",",""),BK12,"A"),""),")"),"")),"") | BJ63: =IF(BI12="D", CONCATENATE($D12, IF(BJ12+BK12>0,CONCATENATE(" (",BJ12,IF(BK12>0,CONCATENATE(IF(BJ12>0,",",""),BK12,"A"),""),")"),"")),"") | BK63: =IF(BI12="M", CONCATENATE($D12, IF(BJ12+BK12>0,CONCATENATE(" (",BJ12,IF(BK12>0,CONCATENATE(IF(BJ12>0,",",""),BK12,"A"),""),")"),"")),"") | BL63: =IF(BI12="A", CONCATENATE($D12, IF(BJ12+BK12>0,CONCATENATE(" (",BJ12,IF(BK12>0,CONCATENATE(IF(BJ12>0,",",""),BK12,"A"),""),")"),"")),"") -> Justin Baranowski | BM63: =IF(BM12="G", CONCATENATE($D12, IF(BN12+BO12>0,CONCATENATE(" (",BN12,IF(BO12>0,CONCATENATE(IF(BN12>0,",",""),BO12,"A"),""),")"),"")),"") | BN63: =IF(BM12="D", CONCATENATE($D12, IF(BN12+BO12>0,CONCATENATE(" (",BN12,IF(BO12>0,CONCATENATE(IF(BN12>0,",",""),BO12,"A"),""),")"),"")),"") | BO63: =IF(BM12="M", CONCATENATE($D12, IF(BN12+BO12>0,CONCATENATE(" (",BN12,IF(BO12>0,CONCATENATE(IF(BN12>0,",",""),BO12,"A"),""),")"),"")),"") | BP63: =IF(BM12="A", CONCATENATE($D12, IF(BN12+BO12>0,CONCATENATE(" (",BN12,IF(BO12>0,CONCATENATE(IF(BN12>0,",",""),BO12,"A"),""),")"),"")),"") | BQ63: =IF(BQ12="G", CONCATENATE($D12, IF(BR12+BS12>0,CONCATENATE(" (",BR12,IF(BS12>0,CONCATENATE(IF(BR12>0,",",""),BS12,"A"),""),")"),"")),"") | BR63: =IF(BQ12="D", CONCATENATE($D12, IF(BR12+BS12>0,CONCATENATE(" (",BR12,IF(BS12>0,CONCATENATE(IF(BR12>0,",",""),BS12,"A"),""),")"),"")),"") | BS63: =IF(BQ12="M", CONCATENATE($D12, IF(BR12+BS12>0,CONCATENATE(" (",BR12,IF(BS12>0,CONCATENATE(IF(BR12>0,",",""),BS12,"A"),""),")"),"")),"") | BT63: =IF(BQ12="A", CONCATENATE($D12, IF(BR12+BS12>0,CONCATENATE(" (",BR12,IF(BS12>0,CONCATENATE(IF(BR12>0,",",""),BS12,"A"),""),")"),"")),"") -> Justin Baranowski | BU63: =IF(BU12="G", CONCATENATE($D12, IF(BV12+BW12>0,CONCATENATE(" (",BV12,IF(BW12>0,CONCATENATE(IF(BV12>0,",",""),BW12,"A"),""),")"),"")),"") | BV63: =IF(BU12="D", CONCATENATE($D12, IF(BV12+BW12>0,CONCATENATE(" (",BV12,IF(BW12>0,CONCATENATE(IF(BV12>0,",",""),BW12,"A"),""),")"),"")),"") | BW63: =IF(BU12="M", CONCATENATE($D12, IF(BV12+BW12>0,CONCATENATE(" (",BV12,IF(BW12>0,CONCATENATE(IF(BV12>0,",",""),BW12,"A"),""),")"),"")),"") | BX63: =IF(BU12="A", CONCATENATE($D12, IF(BV12+BW12>0,CONCATENATE(" (",BV12,IF(BW12>0,CONCATENATE(IF(BV12>0,",",""),BW12,"A"),""),")"),"")),"") | BY63: =IF(BY12="G", CONCATENATE($D12, IF(BZ12+CA12>0,CONCATENATE(" (",BZ12,IF(CA12>0,CONCATENATE(IF(BZ12>0,",",""),CA12,"A"),""),")"),"")),"") | BZ63: =IF(BY12="D", CONCATENATE($D12, IF(BZ12+CA12>0,CONCATENATE(" (",BZ12,IF(CA12>0,CONCATENATE(IF(BZ12>0,",",""),CA12,"A"),""),")"),"")),"") | CA63: =IF(BY12="M", CONCATENATE($D12, IF(BZ12+CA12>0,CONCATENATE(" (",BZ12,IF(CA12>0,CONCATENATE(IF(BZ12>0,",",""),CA12,"A"),""),")"),"")),"") | CB63: =IF(BY12="A", CONCATENATE($D12, IF(BZ12+CA12>0,CONCATENATE(" (",BZ12,IF(CA12>0,CONCATENATE(IF(BZ12>0,",",""),CA12,"A"),""),")"),"")),"") | CC63: =IF(CC12="G", CONCATENATE($D12, IF(CD12+CE12>0,CONCATENATE(" (",CD12,IF(CE12>0,CONCATENATE(IF(CD12>0,",",""),CE12,"A"),""),")"),"")),"") | CD63: =IF(CC12="D", CONCATENATE($D12, IF(CD12+CE12>0,CONCATENATE(" (",CD12,IF(CE12>0,CONCATENATE(IF(CD12>0,",",""),CE12,"A"),""),")"),"")),"") | CE63: =IF(CC12="M", CONCATENATE($D12, IF(CD12+CE12>0,CONCATENATE(" (",CD12,IF(CE12>0,CONCATENATE(IF(CD12>0,",",""),CE12,"A"),""),")"),"")),"") | CF63: =IF(CC12="A", CONCATENATE($D12, IF(CD12+CE12>0,CONCATENATE(" (",CD12,IF(CE12>0,CONCATENATE(IF(CD12>0,",",""),CE12,"A"),""),")"),"")),"") -> Justin Baranowski (2) | CG63: =IF(CG12="G", CONCATENATE($D12, IF(CH12+CI12>0,CONCATENATE(" (",CH12,IF(CI12>0,CONCATENATE(IF(CH12>0,",",""),CI12,"A"),""),")"),"")),"") | CH63: =IF(CG12="D", CONCATENATE($D12, IF(CH12+CI12>0,CONCATENATE(" (",CH12,IF(CI12>0,CONCATENATE(IF(CH12>0,",",""),CI12,"A"),""),")"),"")),"") | CI63: =IF(CG12="M", CONCATENATE($D12, IF(CH12+CI12>0,CONCATENATE(" (",CH12,IF(CI12>0,CONCATENATE(IF(CH12>0,",",""),CI12,"A"),""),")"),"")),"") | CJ63: =IF(CG12="A", CONCATENATE($D12, IF(CH12+CI12>0,CONCATENATE(" (",CH12,IF(CI12>0,CONCATENATE(IF(CH12>0,",",""),CI12,"A"),""),")"),"")),"")
G64: =G63+1 -> 4 | I64: =IF(I13="G", CONCATENATE($D13, IF(J13+K13>0,CONCATENATE(" (",J13,IF(K13>0,CONCATENATE(IF(J13>0,",",""),K13,"A"),""),")"),"")),"") | J64: =IF(I13="D", CONCATENATE($D13, IF(J13+K13>0,CONCATENATE(" (",J13,IF(K13>0,CONCATENATE(IF(J13>0,",",""),K13,"A"),""),")"),"")),"") | K64: =IF(I13="M", CONCATENATE($D13, IF(J13+K13>0,CONCATENATE(" (",J13,IF(K13>0,CONCATENATE(IF(J13>0,",",""),K13,"A"),""),")"),"")),"") -> Sam Baranowski | L64: =IF(I13="A", CONCATENATE($D13, IF(J13+K13>0,CONCATENATE(" (",J13,IF(K13>0,CONCATENATE(IF(J13>0,",",""),K13,"A"),""),")"),"")),"") | M64: =IF(M13="G", CONCATENATE($D13, IF(N13+O13>0,CONCATENATE(" (",N13,IF(O13>0,CONCATENATE(IF(N13>0,",",""),O13,"A"),""),")"),"")),"") | N64: =IF(M13="D", CONCATENATE($D13, IF(N13+O13>0,CONCATENATE(" (",N13,IF(O13>0,CONCATENATE(IF(N13>0,",",""),O13,"A"),""),")"),"")),"") | O64: =IF(M13="M", CONCATENATE($D13, IF(N13+O13>0,CONCATENATE(" (",N13,IF(O13>0,CONCATENATE(IF(N13>0,",",""),O13,"A"),""),")"),"")),"") -> Sam Baranowski | P64: =IF(M13="A", CONCATENATE($D13, IF(N13+O13>0,CONCATENATE(" (",N13,IF(O13>0,CONCATENATE(IF(N13>0,",",""),O13,"A"),""),")"),"")),"") | Q64: =IF(Q13="G", CONCATENATE($D13, IF(R13+S13>0,CONCATENATE(" (",R13,IF(S13>0,CONCATENATE(IF(R13>0,",",""),S13,"A"),""),")"),"")),"") | R64: =IF(Q13="D", CONCATENATE($D13, IF(R13+S13>0,CONCATENATE(" (",R13,IF(S13>0,CONCATENATE(IF(R13>0,",",""),S13,"A"),""),")"),"")),"") | S64: =IF(Q13="M", CONCATENATE($D13, IF(R13+S13>0,CONCATENATE(" (",R13,IF(S13>0,CONCATENATE(IF(R13>0,",",""),S13,"A"),""),")"),"")),"") -> Sam Baranowski | T64: =IF(Q13="A", CONCATENATE($D13, IF(R13+S13>0,CONCATENATE(" (",R13,IF(S13>0,CONCATENATE(IF(R13>0,",",""),S13,"A"),""),")"),"")),"") | U64: =IF(U13="G", CONCATENATE($D13, IF(V13+W13>0,CONCATENATE(" (",V13,IF(W13>0,CONCATENATE(IF(V13>0,",",""),W13,"A"),""),")"),"")),"") | V64: =IF(U13="D", CONCATENATE($D13, IF(V13+W13>0,CONCATENATE(" (",V13,IF(W13>0,CONCATENATE(IF(V13>0,",",""),W13,"A"),""),")"),"")),"") | W64: =IF(U13="M", CONCATENATE($D13, IF(V13+W13>0,CONCATENATE(" (",V13,IF(W13>0,CONCATENATE(IF(V13>0,",",""),W13,"A"),""),")"),"")),"") -> Sam Baranowski | X64: =IF(U13="A", CONCATENATE($D13, IF(V13+W13>0,CONCATENATE(" (",V13,IF(W13>0,CONCATENATE(IF(V13>0,",",""),W13,"A"),""),")"),"")),"") | Y64: =IF(Y13="G", CONCATENATE($D13, IF(Z13+AA13>0,CONCATENATE(" (",Z13,IF(AA13>0,CONCATENATE(IF(Z13>0,",",""),AA13,"A"),""),")"),"")),"") | Z64: =IF(Y13="D", CONCATENATE($D13, IF(Z13+AA13>0,CONCATENATE(" (",Z13,IF(AA13>0,CONCATENATE(IF(Z13>0,",",""),AA13,"A"),""),")"),"")),"") | AA64: =IF(Y13="M", CONCATENATE($D13, IF(Z13+AA13>0,CONCATENATE(" (",Z13,IF(AA13>0,CONCATENATE(IF(Z13>0,",",""),AA13,"A"),""),")"),"")),"") | AB64: =IF(Y13="A", CONCATENATE($D13, IF(Z13+AA13>0,CONCATENATE(" (",Z13,IF(AA13>0,CONCATENATE(IF(Z13>0,",",""),AA13,"A"),""),")"),"")),"") | AC64: =IF(AC13="G", CONCATENATE($D13, IF(AD13+AE13>0,CONCATENATE(" (",AD13,IF(AE13>0,CONCATENATE(IF(AD13>0,",",""),AE13,"A"),""),")"),"")),"") | AD64: =IF(AC13="D", CONCATENATE($D13, IF(AD13+AE13>0,CONCATENATE(" (",AD13,IF(AE13>0,CONCATENATE(IF(AD13>0,",",""),AE13,"A"),""),")"),"")),"") | AE64: =IF(AC13="M", CONCATENATE($D13, IF(AD13+AE13>0,CONCATENATE(" (",AD13,IF(AE13>0,CONCATENATE(IF(AD13>0,",",""),AE13,"A"),""),")"),"")),"") -> Sam Baranowski | AF64: =IF(AC13="A", CONCATENATE($D13, IF(AD13+AE13>0,CONCATENATE(" (",AD13,IF(AE13>0,CONCATENATE(IF(AD13>0,",",""),AE13,"A"),""),")"),"")),"") | AG64: =IF(AG13="G", CONCATENATE($D13, IF(AH13+AI13>0,CONCATENATE(" (",AH13,IF(AI13>0,CONCATENATE(IF(AH13>0,",",""),AI13,"A"),""),")"),"")),"") | AH64: =IF(AG13="D", CONCATENATE($D13, IF(AH13+AI13>0,CONCATENATE(" (",AH13,IF(AI13>0,CONCATENATE(IF(AH13>0,",",""),AI13,"A"),""),")"),"")),"") | AI64: =IF(AG13="M", CONCATENATE($D13, IF(AH13+AI13>0,CONCATENATE(" (",AH13,IF(AI13>0,CONCATENATE(IF(AH13>0,",",""),AI13,"A"),""),")"),"")),"") | AJ64: =IF(AG13="A", CONCATENATE($D13, IF(AH13+AI13>0,CONCATENATE(" (",AH13,IF(AI13>0,CONCATENATE(IF(AH13>0,",",""),AI13,"A"),""),")"),"")),"") | AK64: =IF(AK13="G", CONCATENATE($D13, IF(AL13+AM13>0,CONCATENATE(" (",AL13,IF(AM13>0,CONCATENATE(IF(AL13>0,",",""),AM13,"A"),""),")"),"")),"") | AL64: =IF(AK13="D", CONCATENATE($D13, IF(AL13+AM13>0,CONCATENATE(" (",AL13,IF(AM13>0,CONCATENATE(IF(AL13>0,",",""),AM13,"A"),""),")"),"")),"") | AM64: =IF(AK13="M", CONCATENATE($D13, IF(AL13+AM13>0,CONCATENATE(" (",AL13,IF(AM13>0,CONCATENATE(IF(AL13>0,",",""),AM13,"A"),""),")"),"")),"") -> Sam Baranowski | AN64: =IF(AK13="A", CONCATENATE($D13, IF(AL13+AM13>0,CONCATENATE(" (",AL13,IF(AM13>0,CONCATENATE(IF(AL13>0,",",""),AM13,"A"),""),")"),"")),"") | AO64: =IF(AO13="G", CONCATENATE($D13, IF(AP13+AQ13>0,CONCATENATE(" (",AP13,IF(AQ13>0,CONCATENATE(IF(AP13>0,",",""),AQ13,"A"),""),")"),"")),"") | AP64: =IF(AO13="D", CONCATENATE($D13, IF(AP13+AQ13>0,CONCATENATE(" (",AP13,IF(AQ13>0,CONCATENATE(IF(AP13>0,",",""),AQ13,"A"),""),")"),"")),"") | AQ64: =IF(AO13="M", CONCATENATE($D13, IF(AP13+AQ13>0,CONCATENATE(" (",AP13,IF(AQ13>0,CONCATENATE(IF(AP13>0,",",""),AQ13,"A"),""),")"),"")),"") -> Sam Baranowski | AR64: =IF(AO13="A", CONCATENATE($D13, IF(AP13+AQ13>0,CONCATENATE(" (",AP13,IF(AQ13>0,CONCATENATE(IF(AP13>0,",",""),AQ13,"A"),""),")"),"")),"") | AS64: =IF(AS13="G", CONCATENATE($D13, IF(AT13+AU13>0,CONCATENATE(" (",AT13,IF(AU13>0,CONCATENATE(IF(AT13>0,",",""),AU13,"A"),""),")"),"")),"") | AT64: =IF(AS13="D", CONCATENATE($D13, IF(AT13+AU13>0,CONCATENATE(" (",AT13,IF(AU13>0,CONCATENATE(IF(AT13>0,",",""),AU13,"A"),""),")"),"")),"") | AU64: =IF(AS13="M", CONCATENATE($D13, IF(AT13+AU13>0,CONCATENATE(" (",AT13,IF(AU13>0,CONCATENATE(IF(AT13>0,",",""),AU13,"A"),""),")"),"")),"") | AV64: =IF(AS13="A", CONCATENATE($D13, IF(AT13+AU13>0,CONCATENATE(" (",AT13,IF(AU13>0,CONCATENATE(IF(AT13>0,",",""),AU13,"A"),""),")"),"")),"") | AW64: =IF(AW13="G", CONCATENATE($D13, IF(AX13+AY13>0,CONCATENATE(" (",AX13,IF(AY13>0,CONCATENATE(IF(AX13>0,",",""),AY13,"A"),""),")"),"")),"") | AX64: =IF(AW13="D", CONCATENATE($D13, IF(AX13+AY13>0,CONCATENATE(" (",AX13,IF(AY13>0,CONCATENATE(IF(AX13>0,",",""),AY13,"A"),""),")"),"")),"") | AY64: =IF(AW13="M", CONCATENATE($D13, IF(AX13+AY13>0,CONCATENATE(" (",AX13,IF(AY13>0,CONCATENATE(IF(AX13>0,",",""),AY13,"A"),""),")"),"")),"") | AZ64: =IF(AW13="A", CONCATENATE($D13, IF(AX13+AY13>0,CONCATENATE(" (",AX13,IF(AY13>0,CONCATENATE(IF(AX13>0,",",""),AY13,"A"),""),")"),"")),"") | BA64: =IF(BA13="G", CONCATENATE($D13, IF(BB13+BC13>0,CONCATENATE(" (",BB13,IF(BC13>0,CONCATENATE(IF(BB13>0,",",""),BC13,"A"),""),")"),"")),"") | BB64: =IF(BA13="D", CONCATENATE($D13, IF(BB13+BC13>0,CONCATENATE(" (",BB13,IF(BC13>0,CONCATENATE(IF(BB13>0,",",""),BC13,"A"),""),")"),"")),"") | BC64: =IF(BA13="M", CONCATENATE($D13, IF(BB13+BC13>0,CONCATENATE(" (",BB13,IF(BC13>0,CONCATENATE(IF(BB13>0,",",""),BC13,"A"),""),")"),"")),"") | BD64: =IF(BA13="A", CONCATENATE($D13, IF(BB13+BC13>0,CONCATENATE(" (",BB13,IF(BC13>0,CONCATENATE(IF(BB13>0,",",""),BC13,"A"),""),")"),"")),"") | BE64: =IF(BE13="G", CONCATENATE($D13, IF(BF13+BG13>0,CONCATENATE(" (",BF13,IF(BG13>0,CONCATENATE(IF(BF13>0,",",""),BG13,"A"),""),")"),"")),"") | BF64: =IF(BE13="D", CONCATENATE($D13, IF(BF13+BG13>0,CONCATENATE(" (",BF13,IF(BG13>0,CONCATENATE(IF(BF13>0,",",""),BG13,"A"),""),")"),"")),"") | BG64: =IF(BE13="M", CONCATENATE($D13, IF(BF13+BG13>0,CONCATENATE(" (",BF13,IF(BG13>0,CONCATENATE(IF(BF13>0,",",""),BG13,"A"),""),")"),"")),"") | BH64: =IF(BE13="A", CONCATENATE($D13, IF(BF13+BG13>0,CONCATENATE(" (",BF13,IF(BG13>0,CONCATENATE(IF(BF13>0,",",""),BG13,"A"),""),")"),"")),"") | BI64: =IF(BI13="G", CONCATENATE($D13, IF(BJ13+BK13>0,CONCATENATE(" (",BJ13,IF(BK13>0,CONCATENATE(IF(BJ13>0,",",""),BK13,"A"),""),")"),"")),"") | BJ64: =IF(BI13="D", CONCATENATE($D13, IF(BJ13+BK13>0,CONCATENATE(" (",BJ13,IF(BK13>0,CONCATENATE(IF(BJ13>0,",",""),BK13,"A"),""),")"),"")),"") | BK64: =IF(BI13="M", CONCATENATE($D13, IF(BJ13+BK13>0,CONCATENATE(" (",BJ13,IF(BK13>0,CONCATENATE(IF(BJ13>0,",",""),BK13,"A"),""),")"),"")),"") | BL64: =IF(BI13="A", CONCATENATE($D13, IF(BJ13+BK13>0,CONCATENATE(" (",BJ13,IF(BK13>0,CONCATENATE(IF(BJ13>0,",",""),BK13,"A"),""),")"),"")),"") | BM64: =IF(BM13="G", CONCATENATE($D13, IF(BN13+BO13>0,CONCATENATE(" (",BN13,IF(BO13>0,CONCATENATE(IF(BN13>0,",",""),BO13,"A"),""),")"),"")),"") | BN64: =IF(BM13="D", CONCATENATE($D13, IF(BN13+BO13>0,CONCATENATE(" (",BN13,IF(BO13>0,CONCATENATE(IF(BN13>0,",",""),BO13,"A"),""),")"),"")),"") | BO64: =IF(BM13="M", CONCATENATE($D13, IF(BN13+BO13>0,CONCATENATE(" (",BN13,IF(BO13>0,CONCATENATE(IF(BN13>0,",",""),BO13,"A"),""),")"),"")),"") | BP64: =IF(BM13="A", CONCATENATE($D13, IF(BN13+BO13>0,CONCATENATE(" (",BN13,IF(BO13>0,CONCATENATE(IF(BN13>0,",",""),BO13,"A"),""),")"),"")),"") | BQ64: =IF(BQ13="G", CONCATENATE($D13, IF(BR13+BS13>0,CONCATENATE(" (",BR13,IF(BS13>0,CONCATENATE(IF(BR13>0,",",""),BS13,"A"),""),")"),"")),"") | BR64: =IF(BQ13="D", CONCATENATE($D13, IF(BR13+BS13>0,CONCATENATE(" (",BR13,IF(BS13>0,CONCATENATE(IF(BR13>0,",",""),BS13,"A"),""),")"),"")),"") | BS64: =IF(BQ13="M", CONCATENATE($D13, IF(BR13+BS13>0,CONCATENATE(" (",BR13,IF(BS13>0,CONCATENATE(IF(BR13>0,",",""),BS13,"A"),""),")"),"")),"") -> Sam Baranowski | BT64: =IF(BQ13="A", CONCATENATE($D13, IF(BR13+BS13>0,CONCATENATE(" (",BR13,IF(BS13>0,CONCATENATE(IF(BR13>0,",",""),BS13,"A"),""),")"),"")),"") | BU64: =IF(BU13="G", CONCATENATE($D13, IF(BV13+BW13>0,CONCATENATE(" (",BV13,IF(BW13>0,CONCATENATE(IF(BV13>0,",",""),BW13,"A"),""),")"),"")),"") | BV64: =IF(BU13="D", CONCATENATE($D13, IF(BV13+BW13>0,CONCATENATE(" (",BV13,IF(BW13>0,CONCATENATE(IF(BV13>0,",",""),BW13,"A"),""),")"),"")),"") | BW64: =IF(BU13="M", CONCATENATE($D13, IF(BV13+BW13>0,CONCATENATE(" (",BV13,IF(BW13>0,CONCATENATE(IF(BV13>0,",",""),BW13,"A"),""),")"),"")),"") | BX64: =IF(BU13="A", CONCATENATE($D13, IF(BV13+BW13>0,CONCATENATE(" (",BV13,IF(BW13>0,CONCATENATE(IF(BV13>0,",",""),BW13,"A"),""),")"),"")),"") | BY64: =IF(BY13="G", CONCATENATE($D13, IF(BZ13+CA13>0,CONCATENATE(" (",BZ13,IF(CA13>0,CONCATENATE(IF(BZ13>0,",",""),CA13,"A"),""),")"),"")),"") | BZ64: =IF(BY13="D", CONCATENATE($D13, IF(BZ13+CA13>0,CONCATENATE(" (",BZ13,IF(CA13>0,CONCATENATE(IF(BZ13>0,",",""),CA13,"A"),""),")"),"")),"") | CA64: =IF(BY13="M", CONCATENATE($D13, IF(BZ13+CA13>0,CONCATENATE(" (",BZ13,IF(CA13>0,CONCATENATE(IF(BZ13>0,",",""),CA13,"A"),""),")"),"")),"") | CB64: =IF(BY13="A", CONCATENATE($D13, IF(BZ13+CA13>0,CONCATENATE(" (",BZ13,IF(CA13>0,CONCATENATE(IF(BZ13>0,",",""),CA13,"A"),""),")"),"")),"") | CC64: =IF(CC13="G", CONCATENATE($D13, IF(CD13+CE13>0,CONCATENATE(" (",CD13,IF(CE13>0,CONCATENATE(IF(CD13>0,",",""),CE13,"A"),""),")"),"")),"") | CD64: =IF(CC13="D", CONCATENATE($D13, IF(CD13+CE13>0,CONCATENATE(" (",CD13,IF(CE13>0,CONCATENATE(IF(CD13>0,",",""),CE13,"A"),""),")"),"")),"") | CE64: =IF(CC13="M", CONCATENATE($D13, IF(CD13+CE13>0,CONCATENATE(" (",CD13,IF(CE13>0,CONCATENATE(IF(CD13>0,",",""),CE13,"A"),""),")"),"")),"") -> Sam Baranowski | CF64: =IF(CC13="A", CONCATENATE($D13, IF(CD13+CE13>0,CONCATENATE(" (",CD13,IF(CE13>0,CONCATENATE(IF(CD13>0,",",""),CE13,"A"),""),")"),"")),"") | CG64: =IF(CG13="G", CONCATENATE($D13, IF(CH13+CI13>0,CONCATENATE(" (",CH13,IF(CI13>0,CONCATENATE(IF(CH13>0,",",""),CI13,"A"),""),")"),"")),"") | CH64: =IF(CG13="D", CONCATENATE($D13, IF(CH13+CI13>0,CONCATENATE(" (",CH13,IF(CI13>0,CONCATENATE(IF(CH13>0,",",""),CI13,"A"),""),")"),"")),"") | CI64: =IF(CG13="M", CONCATENATE($D13, IF(CH13+CI13>0,CONCATENATE(" (",CH13,IF(CI13>0,CONCATENATE(IF(CH13>0,",",""),CI13,"A"),""),")"),"")),"") -> Sam Baranowski | CJ64: =IF(CG13="A", CONCATENATE($D13, IF(CH13+CI13>0,CONCATENATE(" (",CH13,IF(CI13>0,CONCATENATE(IF(CH13>0,",",""),CI13,"A"),""),")"),"")),"")
G65: =G64+1 -> 5 | I65: =IF(I14="G", CONCATENATE($D14, IF(J14+K14>0,CONCATENATE(" (",J14,IF(K14>0,CONCATENATE(IF(J14>0,",",""),K14,"A"),""),")"),"")),"") | J65: =IF(I14="D", CONCATENATE($D14, IF(J14+K14>0,CONCATENATE(" (",J14,IF(K14>0,CONCATENATE(IF(J14>0,",",""),K14,"A"),""),")"),"")),"") | K65: =IF(I14="M", CONCATENATE($D14, IF(J14+K14>0,CONCATENATE(" (",J14,IF(K14>0,CONCATENATE(IF(J14>0,",",""),K14,"A"),""),")"),"")),"") | L65: =IF(I14="A", CONCATENATE($D14, IF(J14+K14>0,CONCATENATE(" (",J14,IF(K14>0,CONCATENATE(IF(J14>0,",",""),K14,"A"),""),")"),"")),"") | M65: =IF(M14="G", CONCATENATE($D14, IF(N14+O14>0,CONCATENATE(" (",N14,IF(O14>0,CONCATENATE(IF(N14>0,",",""),O14,"A"),""),")"),"")),"") | N65: =IF(M14="D", CONCATENATE($D14, IF(N14+O14>0,CONCATENATE(" (",N14,IF(O14>0,CONCATENATE(IF(N14>0,",",""),O14,"A"),""),")"),"")),"") | O65: =IF(M14="M", CONCATENATE($D14, IF(N14+O14>0,CONCATENATE(" (",N14,IF(O14>0,CONCATENATE(IF(N14>0,",",""),O14,"A"),""),")"),"")),"") -> Mike Barratt (2) | P65: =IF(M14="A", CONCATENATE($D14, IF(N14+O14>0,CONCATENATE(" (",N14,IF(O14>0,CONCATENATE(IF(N14>0,",",""),O14,"A"),""),")"),"")),"") | Q65: =IF(Q14="G", CONCATENATE($D14, IF(R14+S14>0,CONCATENATE(" (",R14,IF(S14>0,CONCATENATE(IF(R14>0,",",""),S14,"A"),""),")"),"")),"") | R65: =IF(Q14="D", CONCATENATE($D14, IF(R14+S14>0,CONCATENATE(" (",R14,IF(S14>0,CONCATENATE(IF(R14>0,",",""),S14,"A"),""),")"),"")),"") | S65: =IF(Q14="M", CONCATENATE($D14, IF(R14+S14>0,CONCATENATE(" (",R14,IF(S14>0,CONCATENATE(IF(R14>0,",",""),S14,"A"),""),")"),"")),"") | T65: =IF(Q14="A", CONCATENATE($D14, IF(R14+S14>0,CONCATENATE(" (",R14,IF(S14>0,CONCATENATE(IF(R14>0,",",""),S14,"A"),""),")"),"")),"") | U65: =IF(U14="G", CONCATENATE($D14, IF(V14+W14>0,CONCATENATE(" (",V14,IF(W14>0,CONCATENATE(IF(V14>0,",",""),W14,"A"),""),")"),"")),"") | V65: =IF(U14="D", CONCATENATE($D14, IF(V14+W14>0,CONCATENATE(" (",V14,IF(W14>0,CONCATENATE(IF(V14>0,",",""),W14,"A"),""),")"),"")),"") | W65: =IF(U14="M", CONCATENATE($D14, IF(V14+W14>0,CONCATENATE(" (",V14,IF(W14>0,CONCATENATE(IF(V14>0,",",""),W14,"A"),""),")"),"")),"") | X65: =IF(U14="A", CONCATENATE($D14, IF(V14+W14>0,CONCATENATE(" (",V14,IF(W14>0,CONCATENATE(IF(V14>0,",",""),W14,"A"),""),")"),"")),"") | Y65: =IF(Y14="G", CONCATENATE($D14, IF(Z14+AA14>0,CONCATENATE(" (",Z14,IF(AA14>0,CONCATENATE(IF(Z14>0,",",""),AA14,"A"),""),")"),"")),"") | Z65: =IF(Y14="D", CONCATENATE($D14, IF(Z14+AA14>0,CONCATENATE(" (",Z14,IF(AA14>0,CONCATENATE(IF(Z14>0,",",""),AA14,"A"),""),")"),"")),"") | AA65: =IF(Y14="M", CONCATENATE($D14, IF(Z14+AA14>0,CONCATENATE(" (",Z14,IF(AA14>0,CONCATENATE(IF(Z14>0,",",""),AA14,"A"),""),")"),"")),"") | AB65: =IF(Y14="A", CONCATENATE($D14, IF(Z14+AA14>0,CONCATENATE(" (",Z14,IF(AA14>0,CONCATENATE(IF(Z14>0,",",""),AA14,"A"),""),")"),"")),"") | AC65: =IF(AC14="G", CONCATENATE($D14, IF(AD14+AE14>0,CONCATENATE(" (",AD14,IF(AE14>0,CONCATENATE(IF(AD14>0,",",""),AE14,"A"),""),")"),"")),"") | AD65: =IF(AC14="D", CONCATENATE($D14, IF(AD14+AE14>0,CONCATENATE(" (",AD14,IF(AE14>0,CONCATENATE(IF(AD14>0,",",""),AE14,"A"),""),")"),"")),"") | AE65: =IF(AC14="M", CONCATENATE($D14, IF(AD14+AE14>0,CONCATENATE(" (",AD14,IF(AE14>0,CONCATENATE(IF(AD14>0,",",""),AE14,"A"),""),")"),"")),"") | AF65: =IF(AC14="A", CONCATENATE($D14, IF(AD14+AE14>0,CONCATENATE(" (",AD14,IF(AE14>0,CONCATENATE(IF(AD14>0,",",""),AE14,"A"),""),")"),"")),"") | AG65: =IF(AG14="G", CONCATENATE($D14, IF(AH14+AI14>0,CONCATENATE(" (",AH14,IF(AI14>0,CONCATENATE(IF(AH14>0,",",""),AI14,"A"),""),")"),"")),"") | AH65: =IF(AG14="D", CONCATENATE($D14, IF(AH14+AI14>0,CONCATENATE(" (",AH14,IF(AI14>0,CONCATENATE(IF(AH14>0,",",""),AI14,"A"),""),")"),"")),"") | AI65: =IF(AG14="M", CONCATENATE($D14, IF(AH14+AI14>0,CONCATENATE(" (",AH14,IF(AI14>0,CONCATENATE(IF(AH14>0,",",""),AI14,"A"),""),")"),"")),"") | AJ65: =IF(AG14="A", CONCATENATE($D14, IF(AH14+AI14>0,CONCATENATE(" (",AH14,IF(AI14>0,CONCATENATE(IF(AH14>0,",",""),AI14,"A"),""),")"),"")),"") | AK65: =IF(AK14="G", CONCATENATE($D14, IF(AL14+AM14>0,CONCATENATE(" (",AL14,IF(AM14>0,CONCATENATE(IF(AL14>0,",",""),AM14,"A"),""),")"),"")),"") | AL65: =IF(AK14="D", CONCATENATE($D14, IF(AL14+AM14>0,CONCATENATE(" (",AL14,IF(AM14>0,CONCATENATE(IF(AL14>0,",",""),AM14,"A"),""),")"),"")),"") | AM65: =IF(AK14="M", CONCATENATE($D14, IF(AL14+AM14>0,CONCATENATE(" (",AL14,IF(AM14>0,CONCATENATE(IF(AL14>0,",",""),AM14,"A"),""),")"),"")),"") | AN65: =IF(AK14="A", CONCATENATE($D14, IF(AL14+AM14>0,CONCATENATE(" (",AL14,IF(AM14>0,CONCATENATE(IF(AL14>0,",",""),AM14,"A"),""),")"),"")),"") | AO65: =IF(AO14="G", CONCATENATE($D14, IF(AP14+AQ14>0,CONCATENATE(" (",AP14,IF(AQ14>0,CONCATENATE(IF(AP14>0,",",""),AQ14,"A"),""),")"),"")),"") | AP65: =IF(AO14="D", CONCATENATE($D14, IF(AP14+AQ14>0,CONCATENATE(" (",AP14,IF(AQ14>0,CONCATENATE(IF(AP14>0,",",""),AQ14,"A"),""),")"),"")),"") | AQ65: =IF(AO14="M", CONCATENATE($D14, IF(AP14+AQ14>0,CONCATENATE(" (",AP14,IF(AQ14>0,CONCATENATE(IF(AP14>0,",",""),AQ14,"A"),""),")"),"")),"") -> Mike Barratt (1) | AR65: =IF(AO14="A", CONCATENATE($D14, IF(AP14+AQ14>0,CONCATENATE(" (",AP14,IF(AQ14>0,CONCATENATE(IF(AP14>0,",",""),AQ14,"A"),""),")"),"")),"") | AS65: =IF(AS14="G", CONCATENATE($D14, IF(AT14+AU14>0,CONCATENATE(" (",AT14,IF(AU14>0,CONCATENATE(IF(AT14>0,",",""),AU14,"A"),""),")"),"")),"") | AT65: =IF(AS14="D", CONCATENATE($D14, IF(AT14+AU14>0,CONCATENATE(" (",AT14,IF(AU14>0,CONCATENATE(IF(AT14>0,",",""),AU14,"A"),""),")"),"")),"") | AU65: =IF(AS14="M", CONCATENATE($D14, IF(AT14+AU14>0,CONCATENATE(" (",AT14,IF(AU14>0,CONCATENATE(IF(AT14>0,",",""),AU14,"A"),""),")"),"")),"") -> Mike Barratt (1) | AV65: =IF(AS14="A", CONCATENATE($D14, IF(AT14+AU14>0,CONCATENATE(" (",AT14,IF(AU14>0,CONCATENATE(IF(AT14>0,",",""),AU14,"A"),""),")"),"")),"") | AW65: =IF(AW14="G", CONCATENATE($D14, IF(AX14+AY14>0,CONCATENATE(" (",AX14,IF(AY14>0,CONCATENATE(IF(AX14>0,",",""),AY14,"A"),""),")"),"")),"") | AX65: =IF(AW14="D", CONCATENATE($D14, IF(AX14+AY14>0,CONCATENATE(" (",AX14,IF(AY14>0,CONCATENATE(IF(AX14>0,",",""),AY14,"A"),""),")"),"")),"") | AY65: =IF(AW14="M", CONCATENATE($D14, IF(AX14+AY14>0,CONCATENATE(" (",AX14,IF(AY14>0,CONCATENATE(IF(AX14>0,",",""),AY14,"A"),""),")"),"")),"") | AZ65: =IF(AW14="A", CONCATENATE($D14, IF(AX14+AY14>0,CONCATENATE(" (",AX14,IF(AY14>0,CONCATENATE(IF(AX14>0,",",""),AY14,"A"),""),")"),"")),"") | BA65: =IF(BA14="G", CONCATENATE($D14, IF(BB14+BC14>0,CONCATENATE(" (",BB14,IF(BC14>0,CONCATENATE(IF(BB14>0,",",""),BC14,"A"),""),")"),"")),"") | BB65: =IF(BA14="D", CONCATENATE($D14, IF(BB14+BC14>0,CONCATENATE(" (",BB14,IF(BC14>0,CONCATENATE(IF(BB14>0,",",""),BC14,"A"),""),")"),"")),"") | BC65: =IF(BA14="M", CONCATENATE($D14, IF(BB14+BC14>0,CONCATENATE(" (",BB14,IF(BC14>0,CONCATENATE(IF(BB14>0,",",""),BC14,"A"),""),")"),"")),"") | BD65: =IF(BA14="A", CONCATENATE($D14, IF(BB14+BC14>0,CONCATENATE(" (",BB14,IF(BC14>0,CONCATENATE(IF(BB14>0,",",""),BC14,"A"),""),")"),"")),"") | BE65: =IF(BE14="G", CONCATENATE($D14, IF(BF14+BG14>0,CONCATENATE(" (",BF14,IF(BG14>0,CONCATENATE(IF(BF14>0,",",""),BG14,"A"),""),")"),"")),"") | BF65: =IF(BE14="D", CONCATENATE($D14, IF(BF14+BG14>0,CONCATENATE(" (",BF14,IF(BG14>0,CONCATENATE(IF(BF14>0,",",""),BG14,"A"),""),")"),"")),"") | BG65: =IF(BE14="M", CONCATENATE($D14, IF(BF14+BG14>0,CONCATENATE(" (",BF14,IF(BG14>0,CONCATENATE(IF(BF14>0,",",""),BG14,"A"),""),")"),"")),"") -> Mike Barratt (3) | BH65: =IF(BE14="A", CONCATENATE($D14, IF(BF14+BG14>0,CONCATENATE(" (",BF14,IF(BG14>0,CONCATENATE(IF(BF14>0,",",""),BG14,"A"),""),")"),"")),"") | BI65: =IF(BI14="G", CONCATENATE($D14, IF(BJ14+BK14>0,CONCATENATE(" (",BJ14,IF(BK14>0,CONCATENATE(IF(BJ14>0,",",""),BK14,"A"),""),")"),"")),"") | BJ65: =IF(BI14="D", CONCATENATE($D14, IF(BJ14+BK14>0,CONCATENATE(" (",BJ14,IF(BK14>0,CONCATENATE(IF(BJ14>0,",",""),BK14,"A"),""),")"),"")),"") | BK65: =IF(BI14="M", CONCATENATE($D14, IF(BJ14+BK14>0,CONCATENATE(" (",BJ14,IF(BK14>0,CONCATENATE(IF(BJ14>0,",",""),BK14,"A"),""),")"),"")),"") | BL65: =IF(BI14="A", CONCATENATE($D14, IF(BJ14+BK14>0,CONCATENATE(" (",BJ14,IF(BK14>0,CONCATENATE(IF(BJ14>0,",",""),BK14,"A"),""),")"),"")),"") | BM65: =IF(BM14="G", CONCATENATE($D14, IF(BN14+BO14>0,CONCATENATE(" (",BN14,IF(BO14>0,CONCATENATE(IF(BN14>0,",",""),BO14,"A"),""),")"),"")),"") | BN65: =IF(BM14="D", CONCATENATE($D14, IF(BN14+BO14>0,CONCATENATE(" (",BN14,IF(BO14>0,CONCATENATE(IF(BN14>0,",",""),BO14,"A"),""),")"),"")),"") | BO65: =IF(BM14="M", CONCATENATE($D14, IF(BN14+BO14>0,CONCATENATE(" (",BN14,IF(BO14>0,CONCATENATE(IF(BN14>0,",",""),BO14,"A"),""),")"),"")),"") | BP65: =IF(BM14="A", CONCATENATE($D14, IF(BN14+BO14>0,CONCATENATE(" (",BN14,IF(BO14>0,CONCATENATE(IF(BN14>0,",",""),BO14,"A"),""),")"),"")),"") | BQ65: =IF(BQ14="G", CONCATENATE($D14, IF(BR14+BS14>0,CONCATENATE(" (",BR14,IF(BS14>0,CONCATENATE(IF(BR14>0,",",""),BS14,"A"),""),")"),"")),"") | BR65: =IF(BQ14="D", CONCATENATE($D14, IF(BR14+BS14>0,CONCATENATE(" (",BR14,IF(BS14>0,CONCATENATE(IF(BR14>0,",",""),BS14,"A"),""),")"),"")),"") | BS65: =IF(BQ14="M", CONCATENATE($D14, IF(BR14+BS14>0,CONCATENATE(" (",BR14,IF(BS14>0,CONCATENATE(IF(BR14>0,",",""),BS14,"A"),""),")"),"")),"") | BT65: =IF(BQ14="A", CONCATENATE($D14, IF(BR14+BS14>0,CONCATENATE(" (",BR14,IF(BS14>0,CONCATENATE(IF(BR14>0,",",""),BS14,"A"),""),")"),"")),"") | BU65: =IF(BU14="G", CONCATENATE($D14, IF(BV14+BW14>0,CONCATENATE(" (",BV14,IF(BW14>0,CONCATENATE(IF(BV14>0,",",""),BW14,"A"),""),")"),"")),"") | BV65: =IF(BU14="D", CONCATENATE($D14, IF(BV14+BW14>0,CONCATENATE(" (",BV14,IF(BW14>0,CONCATENATE(IF(BV14>0,",",""),BW14,"A"),""),")"),"")),"") | BW65: =IF(BU14="M", CONCATENATE($D14, IF(BV14+BW14>0,CONCATENATE(" (",BV14,IF(BW14>0,CONCATENATE(IF(BV14>0,",",""),BW14,"A"),""),")"),"")),"") | BX65: =IF(BU14="A", CONCATENATE($D14, IF(BV14+BW14>0,CONCATENATE(" (",BV14,IF(BW14>0,CONCATENATE(IF(BV14>0,",",""),BW14,"A"),""),")"),"")),"") | BY65: =IF(BY14="G", CONCATENATE($D14, IF(BZ14+CA14>0,CONCATENATE(" (",BZ14,IF(CA14>0,CONCATENATE(IF(BZ14>0,",",""),CA14,"A"),""),")"),"")),"") | BZ65: =IF(BY14="D", CONCATENATE($D14, IF(BZ14+CA14>0,CONCATENATE(" (",BZ14,IF(CA14>0,CONCATENATE(IF(BZ14>0,",",""),CA14,"A"),""),")"),"")),"") | CA65: =IF(BY14="M", CONCATENATE($D14, IF(BZ14+CA14>0,CONCATENATE(" (",BZ14,IF(CA14>0,CONCATENATE(IF(BZ14>0,",",""),CA14,"A"),""),")"),"")),"") | CB65: =IF(BY14="A", CONCATENATE($D14, IF(BZ14+CA14>0,CONCATENATE(" (",BZ14,IF(CA14>0,CONCATENATE(IF(BZ14>0,",",""),CA14,"A"),""),")"),"")),"") | CC65: =IF(CC14="G", CONCATENATE($D14, IF(CD14+CE14>0,CONCATENATE(" (",CD14,IF(CE14>0,CONCATENATE(IF(CD14>0,",",""),CE14,"A"),""),")"),"")),"") | CD65: =IF(CC14="D", CONCATENATE($D14, IF(CD14+CE14>0,CONCATENATE(" (",CD14,IF(CE14>0,CONCATENATE(IF(CD14>0,",",""),CE14,"A"),""),")"),"")),"") | CE65: =IF(CC14="M", CONCATENATE($D14, IF(CD14+CE14>0,CONCATENATE(" (",CD14,IF(CE14>0,CONCATENATE(IF(CD14>0,",",""),CE14,"A"),""),")"),"")),"") -> Mike Barratt | CF65: =IF(CC14="A", CONCATENATE($D14, IF(CD14+CE14>0,CONCATENATE(" (",CD14,IF(CE14>0,CONCATENATE(IF(CD14>0,",",""),CE14,"A"),""),")"),"")),"") | CG65: =IF(CG14="G", CONCATENATE($D14, IF(CH14+CI14>0,CONCATENATE(" (",CH14,IF(CI14>0,CONCATENATE(IF(CH14>0,",",""),CI14,"A"),""),")"),"")),"") | CH65: =IF(CG14="D", CONCATENATE($D14, IF(CH14+CI14>0,CONCATENATE(" (",CH14,IF(CI14>0,CONCATENATE(IF(CH14>0,",",""),CI14,"A"),""),")"),"")),"") | CI65: =IF(CG14="M", CONCATENATE($D14, IF(CH14+CI14>0,CONCATENATE(" (",CH14,IF(CI14>0,CONCATENATE(IF(CH14>0,",",""),CI14,"A"),""),")"),"")),"") -> Mike Barratt (1) | CJ65: =IF(CG14="A", CONCATENATE($D14, IF(CH14+CI14>0,CONCATENATE(" (",CH14,IF(CI14>0,CONCATENATE(IF(CH14>0,",",""),CI14,"A"),""),")"),"")),"")
G66: =G65+1 -> 6 | I66: =IF(I15="G", CONCATENATE($D15, IF(J15+K15>0,CONCATENATE(" (",J15,IF(K15>0,CONCATENATE(IF(J15>0,",",""),K15,"A"),""),")"),"")),"") | J66: =IF(I15="D", CONCATENATE($D15, IF(J15+K15>0,CONCATENATE(" (",J15,IF(K15>0,CONCATENATE(IF(J15>0,",",""),K15,"A"),""),")"),"")),"") | K66: =IF(I15="M", CONCATENATE($D15, IF(J15+K15>0,CONCATENATE(" (",J15,IF(K15>0,CONCATENATE(IF(J15>0,",",""),K15,"A"),""),")"),"")),"") -> Dave Berman (2) | L66: =IF(I15="A", CONCATENATE($D15, IF(J15+K15>0,CONCATENATE(" (",J15,IF(K15>0,CONCATENATE(IF(J15>0,",",""),K15,"A"),""),")"),"")),"") | M66: =IF(M15="G", CONCATENATE($D15, IF(N15+O15>0,CONCATENATE(" (",N15,IF(O15>0,CONCATENATE(IF(N15>0,",",""),O15,"A"),""),")"),"")),"") | N66: =IF(M15="D", CONCATENATE($D15, IF(N15+O15>0,CONCATENATE(" (",N15,IF(O15>0,CONCATENATE(IF(N15>0,",",""),O15,"A"),""),")"),"")),"") | O66: =IF(M15="M", CONCATENATE($D15, IF(N15+O15>0,CONCATENATE(" (",N15,IF(O15>0,CONCATENATE(IF(N15>0,",",""),O15,"A"),""),")"),"")),"") -> Dave Berman (1) | P66: =IF(M15="A", CONCATENATE($D15, IF(N15+O15>0,CONCATENATE(" (",N15,IF(O15>0,CONCATENATE(IF(N15>0,",",""),O15,"A"),""),")"),"")),"") | Q66: =IF(Q15="G", CONCATENATE($D15, IF(R15+S15>0,CONCATENATE(" (",R15,IF(S15>0,CONCATENATE(IF(R15>0,",",""),S15,"A"),""),")"),"")),"") | R66: =IF(Q15="D", CONCATENATE($D15, IF(R15+S15>0,CONCATENATE(" (",R15,IF(S15>0,CONCATENATE(IF(R15>0,",",""),S15,"A"),""),")"),"")),"") | S66: =IF(Q15="M", CONCATENATE($D15, IF(R15+S15>0,CONCATENATE(" (",R15,IF(S15>0,CONCATENATE(IF(R15>0,",",""),S15,"A"),""),")"),"")),"") | T66: =IF(Q15="A", CONCATENATE($D15, IF(R15+S15>0,CONCATENATE(" (",R15,IF(S15>0,CONCATENATE(IF(R15>0,",",""),S15,"A"),""),")"),"")),"") | U66: =IF(U15="G", CONCATENATE($D15, IF(V15+W15>0,CONCATENATE(" (",V15,IF(W15>0,CONCATENATE(IF(V15>0,",",""),W15,"A"),""),")"),"")),"") | V66: =IF(U15="D", CONCATENATE($D15, IF(V15+W15>0,CONCATENATE(" (",V15,IF(W15>0,CONCATENATE(IF(V15>0,",",""),W15,"A"),""),")"),"")),"") | W66: =IF(U15="M", CONCATENATE($D15, IF(V15+W15>0,CONCATENATE(" (",V15,IF(W15>0,CONCATENATE(IF(V15>0,",",""),W15,"A"),""),")"),"")),"") | X66: =IF(U15="A", CONCATENATE($D15, IF(V15+W15>0,CONCATENATE(" (",V15,IF(W15>0,CONCATENATE(IF(V15>0,",",""),W15,"A"),""),")"),"")),"") | Y66: =IF(Y15="G", CONCATENATE($D15, IF(Z15+AA15>0,CONCATENATE(" (",Z15,IF(AA15>0,CONCATENATE(IF(Z15>0,",",""),AA15,"A"),""),")"),"")),"") | Z66: =IF(Y15="D", CONCATENATE($D15, IF(Z15+AA15>0,CONCATENATE(" (",Z15,IF(AA15>0,CONCATENATE(IF(Z15>0,",",""),AA15,"A"),""),")"),"")),"") | AA66: =IF(Y15="M", CONCATENATE($D15, IF(Z15+AA15>0,CONCATENATE(" (",Z15,IF(AA15>0,CONCATENATE(IF(Z15>0,",",""),AA15,"A"),""),")"),"")),"") | AB66: =IF(Y15="A", CONCATENATE($D15, IF(Z15+AA15>0,CONCATENATE(" (",Z15,IF(AA15>0,CONCATENATE(IF(Z15>0,",",""),AA15,"A"),""),")"),"")),"") | AC66: =IF(AC15="G", CONCATENATE($D15, IF(AD15+AE15>0,CONCATENATE(" (",AD15,IF(AE15>0,CONCATENATE(IF(AD15>0,",",""),AE15,"A"),""),")"),"")),"") | AD66: =IF(AC15="D", CONCATENATE($D15, IF(AD15+AE15>0,CONCATENATE(" (",AD15,IF(AE15>0,CONCATENATE(IF(AD15>0,",",""),AE15,"A"),""),")"),"")),"") | AE66: =IF(AC15="M", CONCATENATE($D15, IF(AD15+AE15>0,CONCATENATE(" (",AD15,IF(AE15>0,CONCATENATE(IF(AD15>0,",",""),AE15,"A"),""),")"),"")),"") | AF66: =IF(AC15="A", CONCATENATE($D15, IF(AD15+AE15>0,CONCATENATE(" (",AD15,IF(AE15>0,CONCATENATE(IF(AD15>0,",",""),AE15,"A"),""),")"),"")),"") | AG66: =IF(AG15="G", CONCATENATE($D15, IF(AH15+AI15>0,CONCATENATE(" (",AH15,IF(AI15>0,CONCATENATE(IF(AH15>0,",",""),AI15,"A"),""),")"),"")),"") | AH66: =IF(AG15="D", CONCATENATE($D15, IF(AH15+AI15>0,CONCATENATE(" (",AH15,IF(AI15>0,CONCATENATE(IF(AH15>0,",",""),AI15,"A"),""),")"),"")),"") | AI66: =IF(AG15="M", CONCATENATE($D15, IF(AH15+AI15>0,CONCATENATE(" (",AH15,IF(AI15>0,CONCATENATE(IF(AH15>0,",",""),AI15,"A"),""),")"),"")),"") | AJ66: =IF(AG15="A", CONCATENATE($D15, IF(AH15+AI15>0,CONCATENATE(" (",AH15,IF(AI15>0,CONCATENATE(IF(AH15>0,",",""),AI15,"A"),""),")"),"")),"") | AK66: =IF(AK15="G", CONCATENATE($D15, IF(AL15+AM15>0,CONCATENATE(" (",AL15,IF(AM15>0,CONCATENATE(IF(AL15>0,",",""),AM15,"A"),""),")"),"")),"") | AL66: =IF(AK15="D", CONCATENATE($D15, IF(AL15+AM15>0,CONCATENATE(" (",AL15,IF(AM15>0,CONCATENATE(IF(AL15>0,",",""),AM15,"A"),""),")"),"")),"") | AM66: =IF(AK15="M", CONCATENATE($D15, IF(AL15+AM15>0,CONCATENATE(" (",AL15,IF(AM15>0,CONCATENATE(IF(AL15>0,",",""),AM15,"A"),""),")"),"")),"") | AN66: =IF(AK15="A", CONCATENATE($D15, IF(AL15+AM15>0,CONCATENATE(" (",AL15,IF(AM15>0,CONCATENATE(IF(AL15>0,",",""),AM15,"A"),""),")"),"")),"") | AO66: =IF(AO15="G", CONCATENATE($D15, IF(AP15+AQ15>0,CONCATENATE(" (",AP15,IF(AQ15>0,CONCATENATE(IF(AP15>0,",",""),AQ15,"A"),""),")"),"")),"") | AP66: =IF(AO15="D", CONCATENATE($D15, IF(AP15+AQ15>0,CONCATENATE(" (",AP15,IF(AQ15>0,CONCATENATE(IF(AP15>0,",",""),AQ15,"A"),""),")"),"")),"") | AQ66: =IF(AO15="M", CONCATENATE($D15, IF(AP15+AQ15>0,CONCATENATE(" (",AP15,IF(AQ15>0,CONCATENATE(IF(AP15>0,",",""),AQ15,"A"),""),")"),"")),"") | AR66: =IF(AO15="A", CONCATENATE($D15, IF(AP15+AQ15>0,CONCATENATE(" (",AP15,IF(AQ15>0,CONCATENATE(IF(AP15>0,",",""),AQ15,"A"),""),")"),"")),"") | AS66: =IF(AS15="G", CONCATENATE($D15, IF(AT15+AU15>0,CONCATENATE(" (",AT15,IF(AU15>0,CONCATENATE(IF(AT15>0,",",""),AU15,"A"),""),")"),"")),"") | AT66: =IF(AS15="D", CONCATENATE($D15, IF(AT15+AU15>0,CONCATENATE(" (",AT15,IF(AU15>0,CONCATENATE(IF(AT15>0,",",""),AU15,"A"),""),")"),"")),"") | AU66: =IF(AS15="M", CONCATENATE($D15, IF(AT15+AU15>0,CONCATENATE(" (",AT15,IF(AU15>0,CONCATENATE(IF(AT15>0,",",""),AU15,"A"),""),")"),"")),"") | AV66: =IF(AS15="A", CONCATENATE($D15, IF(AT15+AU15>0,CONCATENATE(" (",AT15,IF(AU15>0,CONCATENATE(IF(AT15>0,",",""),AU15,"A"),""),")"),"")),"") | AW66: =IF(AW15="G", CONCATENATE($D15, IF(AX15+AY15>0,CONCATENATE(" (",AX15,IF(AY15>0,CONCATENATE(IF(AX15>0,",",""),AY15,"A"),""),")"),"")),"") | AX66: =IF(AW15="D", CONCATENATE($D15, IF(AX15+AY15>0,CONCATENATE(" (",AX15,IF(AY15>0,CONCATENATE(IF(AX15>0,",",""),AY15,"A"),""),")"),"")),"") | AY66: =IF(AW15="M", CONCATENATE($D15, IF(AX15+AY15>0,CONCATENATE(" (",AX15,IF(AY15>0,CONCATENATE(IF(AX15>0,",",""),AY15,"A"),""),")"),"")),"") | AZ66: =IF(AW15="A", CONCATENATE($D15, IF(AX15+AY15>0,CONCATENATE(" (",AX15,IF(AY15>0,CONCATENATE(IF(AX15>0,",",""),AY15,"A"),""),")"),"")),"") | BA66: =IF(BA15="G", CONCATENATE($D15, IF(BB15+BC15>0,CONCATENATE(" (",BB15,IF(BC15>0,CONCATENATE(IF(BB15>0,",",""),BC15,"A"),""),")"),"")),"") | BB66: =IF(BA15="D", CONCATENATE($D15, IF(BB15+BC15>0,CONCATENATE(" (",BB15,IF(BC15>0,CONCATENATE(IF(BB15>0,",",""),BC15,"A"),""),")"),"")),"") | BC66: =IF(BA15="M", CONCATENATE($D15, IF(BB15+BC15>0,CONCATENATE(" (",BB15,IF(BC15>0,CONCATENATE(IF(BB15>0,",",""),BC15,"A"),""),")"),"")),"") | BD66: =IF(BA15="A", CONCATENATE($D15, IF(BB15+BC15>0,CONCATENATE(" (",BB15,IF(BC15>0,CONCATENATE(IF(BB15>0,",",""),BC15,"A"),""),")"),"")),"") | BE66: =IF(BE15="G", CONCATENATE($D15, IF(BF15+BG15>0,CONCATENATE(" (",BF15,IF(BG15>0,CONCATENATE(IF(BF15>0,",",""),BG15,"A"),""),")"),"")),"") | BF66: =IF(BE15="D", CONCATENATE($D15, IF(BF15+BG15>0,CONCATENATE(" (",BF15,IF(BG15>0,CONCATENATE(IF(BF15>0,",",""),BG15,"A"),""),")"),"")),"") | BG66: =IF(BE15="M", CONCATENATE($D15, IF(BF15+BG15>0,CONCATENATE(" (",BF15,IF(BG15>0,CONCATENATE(IF(BF15>0,",",""),BG15,"A"),""),")"),"")),"") | BH66: =IF(BE15="A", CONCATENATE($D15, IF(BF15+BG15>0,CONCATENATE(" (",BF15,IF(BG15>0,CONCATENATE(IF(BF15>0,",",""),BG15,"A"),""),")"),"")),"") | BI66: =IF(BI15="G", CONCATENATE($D15, IF(BJ15+BK15>0,CONCATENATE(" (",BJ15,IF(BK15>0,CONCATENATE(IF(BJ15>0,",",""),BK15,"A"),""),")"),"")),"") | BJ66: =IF(BI15="D", CONCATENATE($D15, IF(BJ15+BK15>0,CONCATENATE(" (",BJ15,IF(BK15>0,CONCATENATE(IF(BJ15>0,",",""),BK15,"A"),""),")"),"")),"") | BK66: =IF(BI15="M", CONCATENATE($D15, IF(BJ15+BK15>0,CONCATENATE(" (",BJ15,IF(BK15>0,CONCATENATE(IF(BJ15>0,",",""),BK15,"A"),""),")"),"")),"") | BL66: =IF(BI15="A", CONCATENATE($D15, IF(BJ15+BK15>0,CONCATENATE(" (",BJ15,IF(BK15>0,CONCATENATE(IF(BJ15>0,",",""),BK15,"A"),""),")"),"")),"") | BM66: =IF(BM15="G", CONCATENATE($D15, IF(BN15+BO15>0,CONCATENATE(" (",BN15,IF(BO15>0,CONCATENATE(IF(BN15>0,",",""),BO15,"A"),""),")"),"")),"") | BN66: =IF(BM15="D", CONCATENATE($D15, IF(BN15+BO15>0,CONCATENATE(" (",BN15,IF(BO15>0,CONCATENATE(IF(BN15>0,",",""),BO15,"A"),""),")"),"")),"") | BO66: =IF(BM15="M", CONCATENATE($D15, IF(BN15+BO15>0,CONCATENATE(" (",BN15,IF(BO15>0,CONCATENATE(IF(BN15>0,",",""),BO15,"A"),""),")"),"")),"") | BP66: =IF(BM15="A", CONCATENATE($D15, IF(BN15+BO15>0,CONCATENATE(" (",BN15,IF(BO15>0,CONCATENATE(IF(BN15>0,",",""),BO15,"A"),""),")"),"")),"") | BQ66: =IF(BQ15="G", CONCATENATE($D15, IF(BR15+BS15>0,CONCATENATE(" (",BR15,IF(BS15>0,CONCATENATE(IF(BR15>0,",",""),BS15,"A"),""),")"),"")),"") | BR66: =IF(BQ15="D", CONCATENATE($D15, IF(BR15+BS15>0,CONCATENATE(" (",BR15,IF(BS15>0,CONCATENATE(IF(BR15>0,",",""),BS15,"A"),""),")"),"")),"") | BS66: =IF(BQ15="M", CONCATENATE($D15, IF(BR15+BS15>0,CONCATENATE(" (",BR15,IF(BS15>0,CONCATENATE(IF(BR15>0,",",""),BS15,"A"),""),")"),"")),"") | BT66: =IF(BQ15="A", CONCATENATE($D15, IF(BR15+BS15>0,CONCATENATE(" (",BR15,IF(BS15>0,CONCATENATE(IF(BR15>0,",",""),BS15,"A"),""),")"),"")),"") | BU66: =IF(BU15="G", CONCATENATE($D15, IF(BV15+BW15>0,CONCATENATE(" (",BV15,IF(BW15>0,CONCATENATE(IF(BV15>0,",",""),BW15,"A"),""),")"),"")),"") | BV66: =IF(BU15="D", CONCATENATE($D15, IF(BV15+BW15>0,CONCATENATE(" (",BV15,IF(BW15>0,CONCATENATE(IF(BV15>0,",",""),BW15,"A"),""),")"),"")),"") | BW66: =IF(BU15="M", CONCATENATE($D15, IF(BV15+BW15>0,CONCATENATE(" (",BV15,IF(BW15>0,CONCATENATE(IF(BV15>0,",",""),BW15,"A"),""),")"),"")),"") | BX66: =IF(BU15="A", CONCATENATE($D15, IF(BV15+BW15>0,CONCATENATE(" (",BV15,IF(BW15>0,CONCATENATE(IF(BV15>0,",",""),BW15,"A"),""),")"),"")),"") | BY66: =IF(BY15="G", CONCATENATE($D15, IF(BZ15+CA15>0,CONCATENATE(" (",BZ15,IF(CA15>0,CONCATENATE(IF(BZ15>0,",",""),CA15,"A"),""),")"),"")),"") | BZ66: =IF(BY15="D", CONCATENATE($D15, IF(BZ15+CA15>0,CONCATENATE(" (",BZ15,IF(CA15>0,CONCATENATE(IF(BZ15>0,",",""),CA15,"A"),""),")"),"")),"") | CA66: =IF(BY15="M", CONCATENATE($D15, IF(BZ15+CA15>0,CONCATENATE(" (",BZ15,IF(CA15>0,CONCATENATE(IF(BZ15>0,",",""),CA15,"A"),""),")"),"")),"") | CB66: =IF(BY15="A", CONCATENATE($D15, IF(BZ15+CA15>0,CONCATENATE(" (",BZ15,IF(CA15>0,CONCATENATE(IF(BZ15>0,",",""),CA15,"A"),""),")"),"")),"") | CC66: =IF(CC15="G", CONCATENATE($D15, IF(CD15+CE15>0,CONCATENATE(" (",CD15,IF(CE15>0,CONCATENATE(IF(CD15>0,",",""),CE15,"A"),""),")"),"")),"") | CD66: =IF(CC15="D", CONCATENATE($D15, IF(CD15+CE15>0,CONCATENATE(" (",CD15,IF(CE15>0,CONCATENATE(IF(CD15>0,",",""),CE15,"A"),""),")"),"")),"") | CE66: =IF(CC15="M", CONCATENATE($D15, IF(CD15+CE15>0,CONCATENATE(" (",CD15,IF(CE15>0,CONCATENATE(IF(CD15>0,",",""),CE15,"A"),""),")"),"")),"") | CF66: =IF(CC15="A", CONCATENATE($D15, IF(CD15+CE15>0,CONCATENATE(" (",CD15,IF(CE15>0,CONCATENATE(IF(CD15>0,",",""),CE15,"A"),""),")"),"")),"") | CG66: =IF(CG15="G", CONCATENATE($D15, IF(CH15+CI15>0,CONCATENATE(" (",CH15,IF(CI15>0,CONCATENATE(IF(CH15>0,",",""),CI15,"A"),""),")"),"")),"") | CH66: =IF(CG15="D", CONCATENATE($D15, IF(CH15+CI15>0,CONCATENATE(" (",CH15,IF(CI15>0,CONCATENATE(IF(CH15>0,",",""),CI15,"A"),""),")"),"")),"") | CI66: =IF(CG15="M", CONCATENATE($D15, IF(CH15+CI15>0,CONCATENATE(" (",CH15,IF(CI15>0,CONCATENATE(IF(CH15>0,",",""),CI15,"A"),""),")"),"")),"") | CJ66: =IF(CG15="A", CONCATENATE($D15, IF(CH15+CI15>0,CONCATENATE(" (",CH15,IF(CI15>0,CONCATENATE(IF(CH15>0,",",""),CI15,"A"),""),")"),"")),"") -> Dave Berman (1)
G67: =G66+1 -> 7 | I67: =IF(I16="G", CONCATENATE($D16, IF(J16+K16>0,CONCATENATE(" (",J16,IF(K16>0,CONCATENATE(IF(J16>0,",",""),K16,"A"),""),")"),"")),"") | J67: =IF(I16="D", CONCATENATE($D16, IF(J16+K16>0,CONCATENATE(" (",J16,IF(K16>0,CONCATENATE(IF(J16>0,",",""),K16,"A"),""),")"),"")),"") | K67: =IF(I16="M", CONCATENATE($D16, IF(J16+K16>0,CONCATENATE(" (",J16,IF(K16>0,CONCATENATE(IF(J16>0,",",""),K16,"A"),""),")"),"")),"") | L67: =IF(I16="A", CONCATENATE($D16, IF(J16+K16>0,CONCATENATE(" (",J16,IF(K16>0,CONCATENATE(IF(J16>0,",",""),K16,"A"),""),")"),"")),"") | M67: =IF(M16="G", CONCATENATE($D16, IF(N16+O16>0,CONCATENATE(" (",N16,IF(O16>0,CONCATENATE(IF(N16>0,",",""),O16,"A"),""),")"),"")),"") | N67: =IF(M16="D", CONCATENATE($D16, IF(N16+O16>0,CONCATENATE(" (",N16,IF(O16>0,CONCATENATE(IF(N16>0,",",""),O16,"A"),""),")"),"")),"") | O67: =IF(M16="M", CONCATENATE($D16, IF(N16+O16>0,CONCATENATE(" (",N16,IF(O16>0,CONCATENATE(IF(N16>0,",",""),O16,"A"),""),")"),"")),"") | P67: =IF(M16="A", CONCATENATE($D16, IF(N16+O16>0,CONCATENATE(" (",N16,IF(O16>0,CONCATENATE(IF(N16>0,",",""),O16,"A"),""),")"),"")),"") | Q67: =IF(Q16="G", CONCATENATE($D16, IF(R16+S16>0,CONCATENATE(" (",R16,IF(S16>0,CONCATENATE(IF(R16>0,",",""),S16,"A"),""),")"),"")),"") | R67: =IF(Q16="D", CONCATENATE($D16, IF(R16+S16>0,CONCATENATE(" (",R16,IF(S16>0,CONCATENATE(IF(R16>0,",",""),S16,"A"),""),")"),"")),"") | S67: =IF(Q16="M", CONCATENATE($D16, IF(R16+S16>0,CONCATENATE(" (",R16,IF(S16>0,CONCATENATE(IF(R16>0,",",""),S16,"A"),""),")"),"")),"") | T67: =IF(Q16="A", CONCATENATE($D16, IF(R16+S16>0,CONCATENATE(" (",R16,IF(S16>0,CONCATENATE(IF(R16>0,",",""),S16,"A"),""),")"),"")),"") | U67: =IF(U16="G", CONCATENATE($D16, IF(V16+W16>0,CONCATENATE(" (",V16,IF(W16>0,CONCATENATE(IF(V16>0,",",""),W16,"A"),""),")"),"")),"") | V67: =IF(U16="D", CONCATENATE($D16, IF(V16+W16>0,CONCATENATE(" (",V16,IF(W16>0,CONCATENATE(IF(V16>0,",",""),W16,"A"),""),")"),"")),"") | W67: =IF(U16="M", CONCATENATE($D16, IF(V16+W16>0,CONCATENATE(" (",V16,IF(W16>0,CONCATENATE(IF(V16>0,",",""),W16,"A"),""),")"),"")),"") | X67: =IF(U16="A", CONCATENATE($D16, IF(V16+W16>0,CONCATENATE(" (",V16,IF(W16>0,CONCATENATE(IF(V16>0,",",""),W16,"A"),""),")"),"")),"") | Y67: =IF(Y16="G", CONCATENATE($D16, IF(Z16+AA16>0,CONCATENATE(" (",Z16,IF(AA16>0,CONCATENATE(IF(Z16>0,",",""),AA16,"A"),""),")"),"")),"") | Z67: =IF(Y16="D", CONCATENATE($D16, IF(Z16+AA16>0,CONCATENATE(" (",Z16,IF(AA16>0,CONCATENATE(IF(Z16>0,",",""),AA16,"A"),""),")"),"")),"") | AA67: =IF(Y16="M", CONCATENATE($D16, IF(Z16+AA16>0,CONCATENATE(" (",Z16,IF(AA16>0,CONCATENATE(IF(Z16>0,",",""),AA16,"A"),""),")"),"")),"") | AB67: =IF(Y16="A", CONCATENATE($D16, IF(Z16+AA16>0,CONCATENATE(" (",Z16,IF(AA16>0,CONCATENATE(IF(Z16>0,",",""),AA16,"A"),""),")"),"")),"") | AC67: =IF(AC16="G", CONCATENATE($D16, IF(AD16+AE16>0,CONCATENATE(" (",AD16,IF(AE16>0,CONCATENATE(IF(AD16>0,",",""),AE16,"A"),""),")"),"")),"") | AD67: =IF(AC16="D", CONCATENATE($D16, IF(AD16+AE16>0,CONCATENATE(" (",AD16,IF(AE16>0,CONCATENATE(IF(AD16>0,",",""),AE16,"A"),""),")"),"")),"") | AE67: =IF(AC16="M", CONCATENATE($D16, IF(AD16+AE16>0,CONCATENATE(" (",AD16,IF(AE16>0,CONCATENATE(IF(AD16>0,",",""),AE16,"A"),""),")"),"")),"") | AF67: =IF(AC16="A", CONCATENATE($D16, IF(AD16+AE16>0,CONCATENATE(" (",AD16,IF(AE16>0,CONCATENATE(IF(AD16>0,",",""),AE16,"A"),""),")"),"")),"") | AG67: =IF(AG16="G", CONCATENATE($D16, IF(AH16+AI16>0,CONCATENATE(" (",AH16,IF(AI16>0,CONCATENATE(IF(AH16>0,",",""),AI16,"A"),""),")"),"")),"") | AH67: =IF(AG16="D", CONCATENATE($D16, IF(AH16+AI16>0,CONCATENATE(" (",AH16,IF(AI16>0,CONCATENATE(IF(AH16>0,",",""),AI16,"A"),""),")"),"")),"") | AI67: =IF(AG16="M", CONCATENATE($D16, IF(AH16+AI16>0,CONCATENATE(" (",AH16,IF(AI16>0,CONCATENATE(IF(AH16>0,",",""),AI16,"A"),""),")"),"")),"") | AJ67: =IF(AG16="A", CONCATENATE($D16, IF(AH16+AI16>0,CONCATENATE(" (",AH16,IF(AI16>0,CONCATENATE(IF(AH16>0,",",""),AI16,"A"),""),")"),"")),"") | AK67: =IF(AK16="G", CONCATENATE($D16, IF(AL16+AM16>0,CONCATENATE(" (",AL16,IF(AM16>0,CONCATENATE(IF(AL16>0,",",""),AM16,"A"),""),")"),"")),"") | AL67: =IF(AK16="D", CONCATENATE($D16, IF(AL16+AM16>0,CONCATENATE(" (",AL16,IF(AM16>0,CONCATENATE(IF(AL16>0,",",""),AM16,"A"),""),")"),"")),"") | AM67: =IF(AK16="M", CONCATENATE($D16, IF(AL16+AM16>0,CONCATENATE(" (",AL16,IF(AM16>0,CONCATENATE(IF(AL16>0,",",""),AM16,"A"),""),")"),"")),"") | AN67: =IF(AK16="A", CONCATENATE($D16, IF(AL16+AM16>0,CONCATENATE(" (",AL16,IF(AM16>0,CONCATENATE(IF(AL16>0,",",""),AM16,"A"),""),")"),"")),"") | AO67: =IF(AO16="G", CONCATENATE($D16, IF(AP16+AQ16>0,CONCATENATE(" (",AP16,IF(AQ16>0,CONCATENATE(IF(AP16>0,",",""),AQ16,"A"),""),")"),"")),"") | AP67: =IF(AO16="D", CONCATENATE($D16, IF(AP16+AQ16>0,CONCATENATE(" (",AP16,IF(AQ16>0,CONCATENATE(IF(AP16>0,",",""),AQ16,"A"),""),")"),"")),"") | AQ67: =IF(AO16="M", CONCATENATE($D16, IF(AP16+AQ16>0,CONCATENATE(" (",AP16,IF(AQ16>0,CONCATENATE(IF(AP16>0,",",""),AQ16,"A"),""),")"),"")),"") | AR67: =IF(AO16="A", CONCATENATE($D16, IF(AP16+AQ16>0,CONCATENATE(" (",AP16,IF(AQ16>0,CONCATENATE(IF(AP16>0,",",""),AQ16,"A"),""),")"),"")),"") | AS67: =IF(AS16="G", CONCATENATE($D16, IF(AT16+AU16>0,CONCATENATE(" (",AT16,IF(AU16>0,CONCATENATE(IF(AT16>0,",",""),AU16,"A"),""),")"),"")),"") | AT67: =IF(AS16="D", CONCATENATE($D16, IF(AT16+AU16>0,CONCATENATE(" (",AT16,IF(AU16>0,CONCATENATE(IF(AT16>0,",",""),AU16,"A"),""),")"),"")),"") | AU67: =IF(AS16="M", CONCATENATE($D16, IF(AT16+AU16>0,CONCATENATE(" (",AT16,IF(AU16>0,CONCATENATE(IF(AT16>0,",",""),AU16,"A"),""),")"),"")),"") -> Lewis Blackshaw | AV67: =IF(AS16="A", CONCATENATE($D16, IF(AT16+AU16>0,CONCATENATE(" (",AT16,IF(AU16>0,CONCATENATE(IF(AT16>0,",",""),AU16,"A"),""),")"),"")),"") | AW67: =IF(AW16="G", CONCATENATE($D16, IF(AX16+AY16>0,CONCATENATE(" (",AX16,IF(AY16>0,CONCATENATE(IF(AX16>0,",",""),AY16,"A"),""),")"),"")),"") | AX67: =IF(AW16="D", CONCATENATE($D16, IF(AX16+AY16>0,CONCATENATE(" (",AX16,IF(AY16>0,CONCATENATE(IF(AX16>0,",",""),AY16,"A"),""),")"),"")),"") | AY67: =IF(AW16="M", CONCATENATE($D16, IF(AX16+AY16>0,CONCATENATE(" (",AX16,IF(AY16>0,CONCATENATE(IF(AX16>0,",",""),AY16,"A"),""),")"),"")),"") | AZ67: =IF(AW16="A", CONCATENATE($D16, IF(AX16+AY16>0,CONCATENATE(" (",AX16,IF(AY16>0,CONCATENATE(IF(AX16>0,",",""),AY16,"A"),""),")"),"")),"") | BA67: =IF(BA16="G", CONCATENATE($D16, IF(BB16+BC16>0,CONCATENATE(" (",BB16,IF(BC16>0,CONCATENATE(IF(BB16>0,",",""),BC16,"A"),""),")"),"")),"") | BB67: =IF(BA16="D", CONCATENATE($D16, IF(BB16+BC16>0,CONCATENATE(" (",BB16,IF(BC16>0,CONCATENATE(IF(BB16>0,",",""),BC16,"A"),""),")"),"")),"") | BC67: =IF(BA16="M", CONCATENATE($D16, IF(BB16+BC16>0,CONCATENATE(" (",BB16,IF(BC16>0,CONCATENATE(IF(BB16>0,",",""),BC16,"A"),""),")"),"")),"") | BD67: =IF(BA16="A", CONCATENATE($D16, IF(BB16+BC16>0,CONCATENATE(" (",BB16,IF(BC16>0,CONCATENATE(IF(BB16>0,",",""),BC16,"A"),""),")"),"")),"") | BE67: =IF(BE16="G", CONCATENATE($D16, IF(BF16+BG16>0,CONCATENATE(" (",BF16,IF(BG16>0,CONCATENATE(IF(BF16>0,",",""),BG16,"A"),""),")"),"")),"") | BF67: =IF(BE16="D", CONCATENATE($D16, IF(BF16+BG16>0,CONCATENATE(" (",BF16,IF(BG16>0,CONCATENATE(IF(BF16>0,",",""),BG16,"A"),""),")"),"")),"") | BG67: =IF(BE16="M", CONCATENATE($D16, IF(BF16+BG16>0,CONCATENATE(" (",BF16,IF(BG16>0,CONCATENATE(IF(BF16>0,",",""),BG16,"A"),""),")"),"")),"") | BH67: =IF(BE16="A", CONCATENATE($D16, IF(BF16+BG16>0,CONCATENATE(" (",BF16,IF(BG16>0,CONCATENATE(IF(BF16>0,",",""),BG16,"A"),""),")"),"")),"") | BI67: =IF(BI16="G", CONCATENATE($D16, IF(BJ16+BK16>0,CONCATENATE(" (",BJ16,IF(BK16>0,CONCATENATE(IF(BJ16>0,",",""),BK16,"A"),""),")"),"")),"") | BJ67: =IF(BI16="D", CONCATENATE($D16, IF(BJ16+BK16>0,CONCATENATE(" (",BJ16,IF(BK16>0,CONCATENATE(IF(BJ16>0,",",""),BK16,"A"),""),")"),"")),"") | BK67: =IF(BI16="M", CONCATENATE($D16, IF(BJ16+BK16>0,CONCATENATE(" (",BJ16,IF(BK16>0,CONCATENATE(IF(BJ16>0,",",""),BK16,"A"),""),")"),"")),"") | BL67: =IF(BI16="A", CONCATENATE($D16, IF(BJ16+BK16>0,CONCATENATE(" (",BJ16,IF(BK16>0,CONCATENATE(IF(BJ16>0,",",""),BK16,"A"),""),")"),"")),"") | BM67: =IF(BM16="G", CONCATENATE($D16, IF(BN16+BO16>0,CONCATENATE(" (",BN16,IF(BO16>0,CONCATENATE(IF(BN16>0,",",""),BO16,"A"),""),")"),"")),"") | BN67: =IF(BM16="D", CONCATENATE($D16, IF(BN16+BO16>0,CONCATENATE(" (",BN16,IF(BO16>0,CONCATENATE(IF(BN16>0,",",""),BO16,"A"),""),")"),"")),"") | BO67: =IF(BM16="M", CONCATENATE($D16, IF(BN16+BO16>0,CONCATENATE(" (",BN16,IF(BO16>0,CONCATENATE(IF(BN16>0,",",""),BO16,"A"),""),")"),"")),"") | BP67: =IF(BM16="A", CONCATENATE($D16, IF(BN16+BO16>0,CONCATENATE(" (",BN16,IF(BO16>0,CONCATENATE(IF(BN16>0,",",""),BO16,"A"),""),")"),"")),"") | BQ67: =IF(BQ16="G", CONCATENATE($D16, IF(BR16+BS16>0,CONCATENATE(" (",BR16,IF(BS16>0,CONCATENATE(IF(BR16>0,",",""),BS16,"A"),""),")"),"")),"") | BR67: =IF(BQ16="D", CONCATENATE($D16, IF(BR16+BS16>0,CONCATENATE(" (",BR16,IF(BS16>0,CONCATENATE(IF(BR16>0,",",""),BS16,"A"),""),")"),"")),"") | BS67: =IF(BQ16="M", CONCATENATE($D16, IF(BR16+BS16>0,CONCATENATE(" (",BR16,IF(BS16>0,CONCATENATE(IF(BR16>0,",",""),BS16,"A"),""),")"),"")),"") | BT67: =IF(BQ16="A", CONCATENATE($D16, IF(BR16+BS16>0,CONCATENATE(" (",BR16,IF(BS16>0,CONCATENATE(IF(BR16>0,",",""),BS16,"A"),""),")"),"")),"") | BU67: =IF(BU16="G", CONCATENATE($D16, IF(BV16+BW16>0,CONCATENATE(" (",BV16,IF(BW16>0,CONCATENATE(IF(BV16>0,",",""),BW16,"A"),""),")"),"")),"") | BV67: =IF(BU16="D", CONCATENATE($D16, IF(BV16+BW16>0,CONCATENATE(" (",BV16,IF(BW16>0,CONCATENATE(IF(BV16>0,",",""),BW16,"A"),""),")"),"")),"") | BW67: =IF(BU16="M", CONCATENATE($D16, IF(BV16+BW16>0,CONCATENATE(" (",BV16,IF(BW16>0,CONCATENATE(IF(BV16>0,",",""),BW16,"A"),""),")"),"")),"") | BX67: =IF(BU16="A", CONCATENATE($D16, IF(BV16+BW16>0,CONCATENATE(" (",BV16,IF(BW16>0,CONCATENATE(IF(BV16>0,",",""),BW16,"A"),""),")"),"")),"") | BY67: =IF(BY16="G", CONCATENATE($D16, IF(BZ16+CA16>0,CONCATENATE(" (",BZ16,IF(CA16>0,CONCATENATE(IF(BZ16>0,",",""),CA16,"A"),""),")"),"")),"") | BZ67: =IF(BY16="D", CONCATENATE($D16, IF(BZ16+CA16>0,CONCATENATE(" (",BZ16,IF(CA16>0,CONCATENATE(IF(BZ16>0,",",""),CA16,"A"),""),")"),"")),"") | CA67: =IF(BY16="M", CONCATENATE($D16, IF(BZ16+CA16>0,CONCATENATE(" (",BZ16,IF(CA16>0,CONCATENATE(IF(BZ16>0,",",""),CA16,"A"),""),")"),"")),"") | CB67: =IF(BY16="A", CONCATENATE($D16, IF(BZ16+CA16>0,CONCATENATE(" (",BZ16,IF(CA16>0,CONCATENATE(IF(BZ16>0,",",""),CA16,"A"),""),")"),"")),"") | CC67: =IF(CC16="G", CONCATENATE($D16, IF(CD16+CE16>0,CONCATENATE(" (",CD16,IF(CE16>0,CONCATENATE(IF(CD16>0,",",""),CE16,"A"),""),")"),"")),"") | CD67: =IF(CC16="D", CONCATENATE($D16, IF(CD16+CE16>0,CONCATENATE(" (",CD16,IF(CE16>0,CONCATENATE(IF(CD16>0,",",""),CE16,"A"),""),")"),"")),"") | CE67: =IF(CC16="M", CONCATENATE($D16, IF(CD16+CE16>0,CONCATENATE(" (",CD16,IF(CE16>0,CONCATENATE(IF(CD16>0,",",""),CE16,"A"),""),")"),"")),"") | CF67: =IF(CC16="A", CONCATENATE($D16, IF(CD16+CE16>0,CONCATENATE(" (",CD16,IF(CE16>0,CONCATENATE(IF(CD16>0,",",""),CE16,"A"),""),")"),"")),"") | CG67: =IF(CG16="G", CONCATENATE($D16, IF(CH16+CI16>0,CONCATENATE(" (",CH16,IF(CI16>0,CONCATENATE(IF(CH16>0,",",""),CI16,"A"),""),")"),"")),"") | CH67: =IF(CG16="D", CONCATENATE($D16, IF(CH16+CI16>0,CONCATENATE(" (",CH16,IF(CI16>0,CONCATENATE(IF(CH16>0,",",""),CI16,"A"),""),")"),"")),"") | CI67: =IF(CG16="M", CONCATENATE($D16, IF(CH16+CI16>0,CONCATENATE(" (",CH16,IF(CI16>0,CONCATENATE(IF(CH16>0,",",""),CI16,"A"),""),")"),"")),"") | CJ67: =IF(CG16="A", CONCATENATE($D16, IF(CH16+CI16>0,CONCATENATE(" (",CH16,IF(CI16>0,CONCATENATE(IF(CH16>0,",",""),CI16,"A"),""),")"),"")),"")
G68: =G67+1 -> 8 | I68: =IF(I17="G", CONCATENATE($D17, IF(J17+K17>0,CONCATENATE(" (",J17,IF(K17>0,CONCATENATE(IF(J17>0,",",""),K17,"A"),""),")"),"")),"") | J68: =IF(I17="D", CONCATENATE($D17, IF(J17+K17>0,CONCATENATE(" (",J17,IF(K17>0,CONCATENATE(IF(J17>0,",",""),K17,"A"),""),")"),"")),"") -> Andy Booth | K68: =IF(I17="M", CONCATENATE($D17, IF(J17+K17>0,CONCATENATE(" (",J17,IF(K17>0,CONCATENATE(IF(J17>0,",",""),K17,"A"),""),")"),"")),"") | L68: =IF(I17="A", CONCATENATE($D17, IF(J17+K17>0,CONCATENATE(" (",J17,IF(K17>0,CONCATENATE(IF(J17>0,",",""),K17,"A"),""),")"),"")),"") | M68: =IF(M17="G", CONCATENATE($D17, IF(N17+O17>0,CONCATENATE(" (",N17,IF(O17>0,CONCATENATE(IF(N17>0,",",""),O17,"A"),""),")"),"")),"") | N68: =IF(M17="D", CONCATENATE($D17, IF(N17+O17>0,CONCATENATE(" (",N17,IF(O17>0,CONCATENATE(IF(N17>0,",",""),O17,"A"),""),")"),"")),"") -> Andy Booth | O68: =IF(M17="M", CONCATENATE($D17, IF(N17+O17>0,CONCATENATE(" (",N17,IF(O17>0,CONCATENATE(IF(N17>0,",",""),O17,"A"),""),")"),"")),"") | P68: =IF(M17="A", CONCATENATE($D17, IF(N17+O17>0,CONCATENATE(" (",N17,IF(O17>0,CONCATENATE(IF(N17>0,",",""),O17,"A"),""),")"),"")),"") | Q68: =IF(Q17="G", CONCATENATE($D17, IF(R17+S17>0,CONCATENATE(" (",R17,IF(S17>0,CONCATENATE(IF(R17>0,",",""),S17,"A"),""),")"),"")),"") | R68: =IF(Q17="D", CONCATENATE($D17, IF(R17+S17>0,CONCATENATE(" (",R17,IF(S17>0,CONCATENATE(IF(R17>0,",",""),S17,"A"),""),")"),"")),"") -> Andy Booth | S68: =IF(Q17="M", CONCATENATE($D17, IF(R17+S17>0,CONCATENATE(" (",R17,IF(S17>0,CONCATENATE(IF(R17>0,",",""),S17,"A"),""),")"),"")),"") | T68: =IF(Q17="A", CONCATENATE($D17, IF(R17+S17>0,CONCATENATE(" (",R17,IF(S17>0,CONCATENATE(IF(R17>0,",",""),S17,"A"),""),")"),"")),"") | U68: =IF(U17="G", CONCATENATE($D17, IF(V17+W17>0,CONCATENATE(" (",V17,IF(W17>0,CONCATENATE(IF(V17>0,",",""),W17,"A"),""),")"),"")),"") | V68: =IF(U17="D", CONCATENATE($D17, IF(V17+W17>0,CONCATENATE(" (",V17,IF(W17>0,CONCATENATE(IF(V17>0,",",""),W17,"A"),""),")"),"")),"") -> Andy Booth | W68: =IF(U17="M", CONCATENATE($D17, IF(V17+W17>0,CONCATENATE(" (",V17,IF(W17>0,CONCATENATE(IF(V17>0,",",""),W17,"A"),""),")"),"")),"") | X68: =IF(U17="A", CONCATENATE($D17, IF(V17+W17>0,CONCATENATE(" (",V17,IF(W17>0,CONCATENATE(IF(V17>0,",",""),W17,"A"),""),")"),"")),"") | Y68: =IF(Y17="G", CONCATENATE($D17, IF(Z17+AA17>0,CONCATENATE(" (",Z17,IF(AA17>0,CONCATENATE(IF(Z17>0,",",""),AA17,"A"),""),")"),"")),"") | Z68: =IF(Y17="D", CONCATENATE($D17, IF(Z17+AA17>0,CONCATENATE(" (",Z17,IF(AA17>0,CONCATENATE(IF(Z17>0,",",""),AA17,"A"),""),")"),"")),"") -> Andy Booth | AA68: =IF(Y17="M", CONCATENATE($D17, IF(Z17+AA17>0,CONCATENATE(" (",Z17,IF(AA17>0,CONCATENATE(IF(Z17>0,",",""),AA17,"A"),""),")"),"")),"") | AB68: =IF(Y17="A", CONCATENATE($D17, IF(Z17+AA17>0,CONCATENATE(" (",Z17,IF(AA17>0,CONCATENATE(IF(Z17>0,",",""),AA17,"A"),""),")"),"")),"") | AC68: =IF(AC17="G", CONCATENATE($D17, IF(AD17+AE17>0,CONCATENATE(" (",AD17,IF(AE17>0,CONCATENATE(IF(AD17>0,",",""),AE17,"A"),""),")"),"")),"") | AD68: =IF(AC17="D", CONCATENATE($D17, IF(AD17+AE17>0,CONCATENATE(" (",AD17,IF(AE17>0,CONCATENATE(IF(AD17>0,",",""),AE17,"A"),""),")"),"")),"") | AE68: =IF(AC17="M", CONCATENATE($D17, IF(AD17+AE17>0,CONCATENATE(" (",AD17,IF(AE17>0,CONCATENATE(IF(AD17>0,",",""),AE17,"A"),""),")"),"")),"") | AF68: =IF(AC17="A", CONCATENATE($D17, IF(AD17+AE17>0,CONCATENATE(" (",AD17,IF(AE17>0,CONCATENATE(IF(AD17>0,",",""),AE17,"A"),""),")"),"")),"") | AG68: =IF(AG17="G", CONCATENATE($D17, IF(AH17+AI17>0,CONCATENATE(" (",AH17,IF(AI17>0,CONCATENATE(IF(AH17>0,",",""),AI17,"A"),""),")"),"")),"") | AH68: =IF(AG17="D", CONCATENATE($D17, IF(AH17+AI17>0,CONCATENATE(" (",AH17,IF(AI17>0,CONCATENATE(IF(AH17>0,",",""),AI17,"A"),""),")"),"")),"") | AI68: =IF(AG17="M", CONCATENATE($D17, IF(AH17+AI17>0,CONCATENATE(" (",AH17,IF(AI17>0,CONCATENATE(IF(AH17>0,",",""),AI17,"A"),""),")"),"")),"") | AJ68: =IF(AG17="A", CONCATENATE($D17, IF(AH17+AI17>0,CONCATENATE(" (",AH17,IF(AI17>0,CONCATENATE(IF(AH17>0,",",""),AI17,"A"),""),")"),"")),"") | AK68: =IF(AK17="G", CONCATENATE($D17, IF(AL17+AM17>0,CONCATENATE(" (",AL17,IF(AM17>0,CONCATENATE(IF(AL17>0,",",""),AM17,"A"),""),")"),"")),"") | AL68: =IF(AK17="D", CONCATENATE($D17, IF(AL17+AM17>0,CONCATENATE(" (",AL17,IF(AM17>0,CONCATENATE(IF(AL17>0,",",""),AM17,"A"),""),")"),"")),"") | AM68: =IF(AK17="M", CONCATENATE($D17, IF(AL17+AM17>0,CONCATENATE(" (",AL17,IF(AM17>0,CONCATENATE(IF(AL17>0,",",""),AM17,"A"),""),")"),"")),"") -> Andy Booth | AN68: =IF(AK17="A", CONCATENATE($D17, IF(AL17+AM17>0,CONCATENATE(" (",AL17,IF(AM17>0,CONCATENATE(IF(AL17>0,",",""),AM17,"A"),""),")"),"")),"") | AO68: =IF(AO17="G", CONCATENATE($D17, IF(AP17+AQ17>0,CONCATENATE(" (",AP17,IF(AQ17>0,CONCATENATE(IF(AP17>0,",",""),AQ17,"A"),""),")"),"")),"") | AP68: =IF(AO17="D", CONCATENATE($D17, IF(AP17+AQ17>0,CONCATENATE(" (",AP17,IF(AQ17>0,CONCATENATE(IF(AP17>0,",",""),AQ17,"A"),""),")"),"")),"") -> Andy Booth | AQ68: =IF(AO17="M", CONCATENATE($D17, IF(AP17+AQ17>0,CONCATENATE(" (",AP17,IF(AQ17>0,CONCATENATE(IF(AP17>0,",",""),AQ17,"A"),""),")"),"")),"") | AR68: =IF(AO17="A", CONCATENATE($D17, IF(AP17+AQ17>0,CONCATENATE(" (",AP17,IF(AQ17>0,CONCATENATE(IF(AP17>0,",",""),AQ17,"A"),""),")"),"")),"") | AS68: =IF(AS17="G", CONCATENATE($D17, IF(AT17+AU17>0,CONCATENATE(" (",AT17,IF(AU17>0,CONCATENATE(IF(AT17>0,",",""),AU17,"A"),""),")"),"")),"") | AT68: =IF(AS17="D", CONCATENATE($D17, IF(AT17+AU17>0,CONCATENATE(" (",AT17,IF(AU17>0,CONCATENATE(IF(AT17>0,",",""),AU17,"A"),""),")"),"")),"") -> Andy Booth | AU68: =IF(AS17="M", CONCATENATE($D17, IF(AT17+AU17>0,CONCATENATE(" (",AT17,IF(AU17>0,CONCATENATE(IF(AT17>0,",",""),AU17,"A"),""),")"),"")),"") | AV68: =IF(AS17="A", CONCATENATE($D17, IF(AT17+AU17>0,CONCATENATE(" (",AT17,IF(AU17>0,CONCATENATE(IF(AT17>0,",",""),AU17,"A"),""),")"),"")),"") | AW68: =IF(AW17="G", CONCATENATE($D17, IF(AX17+AY17>0,CONCATENATE(" (",AX17,IF(AY17>0,CONCATENATE(IF(AX17>0,",",""),AY17,"A"),""),")"),"")),"") | AX68: =IF(AW17="D", CONCATENATE($D17, IF(AX17+AY17>0,CONCATENATE(" (",AX17,IF(AY17>0,CONCATENATE(IF(AX17>0,",",""),AY17,"A"),""),")"),"")),"") | AY68: =IF(AW17="M", CONCATENATE($D17, IF(AX17+AY17>0,CONCATENATE(" (",AX17,IF(AY17>0,CONCATENATE(IF(AX17>0,",",""),AY17,"A"),""),")"),"")),"") | AZ68: =IF(AW17="A", CONCATENATE($D17, IF(AX17+AY17>0,CONCATENATE(" (",AX17,IF(AY17>0,CONCATENATE(IF(AX17>0,",",""),AY17,"A"),""),")"),"")),"") | BA68: =IF(BA17="G", CONCATENATE($D17, IF(BB17+BC17>0,CONCATENATE(" (",BB17,IF(BC17>0,CONCATENATE(IF(BB17>0,",",""),BC17,"A"),""),")"),"")),"") | BB68: =IF(BA17="D", CONCATENATE($D17, IF(BB17+BC17>0,CONCATENATE(" (",BB17,IF(BC17>0,CONCATENATE(IF(BB17>0,",",""),BC17,"A"),""),")"),"")),"") -> Andy Booth | BC68: =IF(BA17="M", CONCATENATE($D17, IF(BB17+BC17>0,CONCATENATE(" (",BB17,IF(BC17>0,CONCATENATE(IF(BB17>0,",",""),BC17,"A"),""),")"),"")),"") | BD68: =IF(BA17="A", CONCATENATE($D17, IF(BB17+BC17>0,CONCATENATE(" (",BB17,IF(BC17>0,CONCATENATE(IF(BB17>0,",",""),BC17,"A"),""),")"),"")),"") | BE68: =IF(BE17="G", CONCATENATE($D17, IF(BF17+BG17>0,CONCATENATE(" (",BF17,IF(BG17>0,CONCATENATE(IF(BF17>0,",",""),BG17,"A"),""),")"),"")),"") | BF68: =IF(BE17="D", CONCATENATE($D17, IF(BF17+BG17>0,CONCATENATE(" (",BF17,IF(BG17>0,CONCATENATE(IF(BF17>0,",",""),BG17,"A"),""),")"),"")),"") -> Andy Booth | BG68: =IF(BE17="M", CONCATENATE($D17, IF(BF17+BG17>0,CONCATENATE(" (",BF17,IF(BG17>0,CONCATENATE(IF(BF17>0,",",""),BG17,"A"),""),")"),"")),"") | BH68: =IF(BE17="A", CONCATENATE($D17, IF(BF17+BG17>0,CONCATENATE(" (",BF17,IF(BG17>0,CONCATENATE(IF(BF17>0,",",""),BG17,"A"),""),")"),"")),"") | BI68: =IF(BI17="G", CONCATENATE($D17, IF(BJ17+BK17>0,CONCATENATE(" (",BJ17,IF(BK17>0,CONCATENATE(IF(BJ17>0,",",""),BK17,"A"),""),")"),"")),"") | BJ68: =IF(BI17="D", CONCATENATE($D17, IF(BJ17+BK17>0,CONCATENATE(" (",BJ17,IF(BK17>0,CONCATENATE(IF(BJ17>0,",",""),BK17,"A"),""),")"),"")),"") -> Andy Booth | BK68: =IF(BI17="M", CONCATENATE($D17, IF(BJ17+BK17>0,CONCATENATE(" (",BJ17,IF(BK17>0,CONCATENATE(IF(BJ17>0,",",""),BK17,"A"),""),")"),"")),"") | BL68: =IF(BI17="A", CONCATENATE($D17, IF(BJ17+BK17>0,CONCATENATE(" (",BJ17,IF(BK17>0,CONCATENATE(IF(BJ17>0,",",""),BK17,"A"),""),")"),"")),"") | BM68: =IF(BM17="G", CONCATENATE($D17, IF(BN17+BO17>0,CONCATENATE(" (",BN17,IF(BO17>0,CONCATENATE(IF(BN17>0,",",""),BO17,"A"),""),")"),"")),"") | BN68: =IF(BM17="D", CONCATENATE($D17, IF(BN17+BO17>0,CONCATENATE(" (",BN17,IF(BO17>0,CONCATENATE(IF(BN17>0,",",""),BO17,"A"),""),")"),"")),"") | BO68: =IF(BM17="M", CONCATENATE($D17, IF(BN17+BO17>0,CONCATENATE(" (",BN17,IF(BO17>0,CONCATENATE(IF(BN17>0,",",""),BO17,"A"),""),")"),"")),"") | BP68: =IF(BM17="A", CONCATENATE($D17, IF(BN17+BO17>0,CONCATENATE(" (",BN17,IF(BO17>0,CONCATENATE(IF(BN17>0,",",""),BO17,"A"),""),")"),"")),"") | BQ68: =IF(BQ17="G", CONCATENATE($D17, IF(BR17+BS17>0,CONCATENATE(" (",BR17,IF(BS17>0,CONCATENATE(IF(BR17>0,",",""),BS17,"A"),""),")"),"")),"") | BR68: =IF(BQ17="D", CONCATENATE($D17, IF(BR17+BS17>0,CONCATENATE(" (",BR17,IF(BS17>0,CONCATENATE(IF(BR17>0,",",""),BS17,"A"),""),")"),"")),"") -> Andy Booth | BS68: =IF(BQ17="M", CONCATENATE($D17, IF(BR17+BS17>0,CONCATENATE(" (",BR17,IF(BS17>0,CONCATENATE(IF(BR17>0,",",""),BS17,"A"),""),")"),"")),"") | BT68: =IF(BQ17="A", CONCATENATE($D17, IF(BR17+BS17>0,CONCATENATE(" (",BR17,IF(BS17>0,CONCATENATE(IF(BR17>0,",",""),BS17,"A"),""),")"),"")),"") | BU68: =IF(BU17="G", CONCATENATE($D17, IF(BV17+BW17>0,CONCATENATE(" (",BV17,IF(BW17>0,CONCATENATE(IF(BV17>0,",",""),BW17,"A"),""),")"),"")),"") | BV68: =IF(BU17="D", CONCATENATE($D17, IF(BV17+BW17>0,CONCATENATE(" (",BV17,IF(BW17>0,CONCATENATE(IF(BV17>0,",",""),BW17,"A"),""),")"),"")),"") | BW68: =IF(BU17="M", CONCATENATE($D17, IF(BV17+BW17>0,CONCATENATE(" (",BV17,IF(BW17>0,CONCATENATE(IF(BV17>0,",",""),BW17,"A"),""),")"),"")),"") | BX68: =IF(BU17="A", CONCATENATE($D17, IF(BV17+BW17>0,CONCATENATE(" (",BV17,IF(BW17>0,CONCATENATE(IF(BV17>0,",",""),BW17,"A"),""),")"),"")),"") | BY68: =IF(BY17="G", CONCATENATE($D17, IF(BZ17+CA17>0,CONCATENATE(" (",BZ17,IF(CA17>0,CONCATENATE(IF(BZ17>0,",",""),CA17,"A"),""),")"),"")),"") | BZ68: =IF(BY17="D", CONCATENATE($D17, IF(BZ17+CA17>0,CONCATENATE(" (",BZ17,IF(CA17>0,CONCATENATE(IF(BZ17>0,",",""),CA17,"A"),""),")"),"")),"") | CA68: =IF(BY17="M", CONCATENATE($D17, IF(BZ17+CA17>0,CONCATENATE(" (",BZ17,IF(CA17>0,CONCATENATE(IF(BZ17>0,",",""),CA17,"A"),""),")"),"")),"") | CB68: =IF(BY17="A", CONCATENATE($D17, IF(BZ17+CA17>0,CONCATENATE(" (",BZ17,IF(CA17>0,CONCATENATE(IF(BZ17>0,",",""),CA17,"A"),""),")"),"")),"") | CC68: =IF(CC17="G", CONCATENATE($D17, IF(CD17+CE17>0,CONCATENATE(" (",CD17,IF(CE17>0,CONCATENATE(IF(CD17>0,",",""),CE17,"A"),""),")"),"")),"") | CD68: =IF(CC17="D", CONCATENATE($D17, IF(CD17+CE17>0,CONCATENATE(" (",CD17,IF(CE17>0,CONCATENATE(IF(CD17>0,",",""),CE17,"A"),""),")"),"")),"") | CE68: =IF(CC17="M", CONCATENATE($D17, IF(CD17+CE17>0,CONCATENATE(" (",CD17,IF(CE17>0,CONCATENATE(IF(CD17>0,",",""),CE17,"A"),""),")"),"")),"") | CF68: =IF(CC17="A", CONCATENATE($D17, IF(CD17+CE17>0,CONCATENATE(" (",CD17,IF(CE17>0,CONCATENATE(IF(CD17>0,",",""),CE17,"A"),""),")"),"")),"") | CG68: =IF(CG17="G", CONCATENATE($D17, IF(CH17+CI17>0,CONCATENATE(" (",CH17,IF(CI17>0,CONCATENATE(IF(CH17>0,",",""),CI17,"A"),""),")"),"")),"") | CH68: =IF(CG17="D", CONCATENATE($D17, IF(CH17+CI17>0,CONCATENATE(" (",CH17,IF(CI17>0,CONCATENATE(IF(CH17>0,",",""),CI17,"A"),""),")"),"")),"") | CI68: =IF(CG17="M", CONCATENATE($D17, IF(CH17+CI17>0,CONCATENATE(" (",CH17,IF(CI17>0,CONCATENATE(IF(CH17>0,",",""),CI17,"A"),""),")"),"")),"") | CJ68: =IF(CG17="A", CONCATENATE($D17, IF(CH17+CI17>0,CONCATENATE(" (",CH17,IF(CI17>0,CONCATENATE(IF(CH17>0,",",""),CI17,"A"),""),")"),"")),"")
G69: =G68+1 -> 9 | I69: =IF(I18="G", CONCATENATE($D18, IF(J18+K18>0,CONCATENATE(" (",J18,IF(K18>0,CONCATENATE(IF(J18>0,",",""),K18,"A"),""),")"),"")),"") | J69: =IF(I18="D", CONCATENATE($D18, IF(J18+K18>0,CONCATENATE(" (",J18,IF(K18>0,CONCATENATE(IF(J18>0,",",""),K18,"A"),""),")"),"")),"") | K69: =IF(I18="M", CONCATENATE($D18, IF(J18+K18>0,CONCATENATE(" (",J18,IF(K18>0,CONCATENATE(IF(J18>0,",",""),K18,"A"),""),")"),"")),"") | L69: =IF(I18="A", CONCATENATE($D18, IF(J18+K18>0,CONCATENATE(" (",J18,IF(K18>0,CONCATENATE(IF(J18>0,",",""),K18,"A"),""),")"),"")),"") | M69: =IF(M18="G", CONCATENATE($D18, IF(N18+O18>0,CONCATENATE(" (",N18,IF(O18>0,CONCATENATE(IF(N18>0,",",""),O18,"A"),""),")"),"")),"") | N69: =IF(M18="D", CONCATENATE($D18, IF(N18+O18>0,CONCATENATE(" (",N18,IF(O18>0,CONCATENATE(IF(N18>0,",",""),O18,"A"),""),")"),"")),"") | O69: =IF(M18="M", CONCATENATE($D18, IF(N18+O18>0,CONCATENATE(" (",N18,IF(O18>0,CONCATENATE(IF(N18>0,",",""),O18,"A"),""),")"),"")),"") | P69: =IF(M18="A", CONCATENATE($D18, IF(N18+O18>0,CONCATENATE(" (",N18,IF(O18>0,CONCATENATE(IF(N18>0,",",""),O18,"A"),""),")"),"")),"") | Q69: =IF(Q18="G", CONCATENATE($D18, IF(R18+S18>0,CONCATENATE(" (",R18,IF(S18>0,CONCATENATE(IF(R18>0,",",""),S18,"A"),""),")"),"")),"") | R69: =IF(Q18="D", CONCATENATE($D18, IF(R18+S18>0,CONCATENATE(" (",R18,IF(S18>0,CONCATENATE(IF(R18>0,",",""),S18,"A"),""),")"),"")),"") | S69: =IF(Q18="M", CONCATENATE($D18, IF(R18+S18>0,CONCATENATE(" (",R18,IF(S18>0,CONCATENATE(IF(R18>0,",",""),S18,"A"),""),")"),"")),"") | T69: =IF(Q18="A", CONCATENATE($D18, IF(R18+S18>0,CONCATENATE(" (",R18,IF(S18>0,CONCATENATE(IF(R18>0,",",""),S18,"A"),""),")"),"")),"") | U69: =IF(U18="G", CONCATENATE($D18, IF(V18+W18>0,CONCATENATE(" (",V18,IF(W18>0,CONCATENATE(IF(V18>0,",",""),W18,"A"),""),")"),"")),"") -> Lygon Bowen-west | V69: =IF(U18="D", CONCATENATE($D18, IF(V18+W18>0,CONCATENATE(" (",V18,IF(W18>0,CONCATENATE(IF(V18>0,",",""),W18,"A"),""),")"),"")),"") | W69: =IF(U18="M", CONCATENATE($D18, IF(V18+W18>0,CONCATENATE(" (",V18,IF(W18>0,CONCATENATE(IF(V18>0,",",""),W18,"A"),""),")"),"")),"") | X69: =IF(U18="A", CONCATENATE($D18, IF(V18+W18>0,CONCATENATE(" (",V18,IF(W18>0,CONCATENATE(IF(V18>0,",",""),W18,"A"),""),")"),"")),"") | Y69: =IF(Y18="G", CONCATENATE($D18, IF(Z18+AA18>0,CONCATENATE(" (",Z18,IF(AA18>0,CONCATENATE(IF(Z18>0,",",""),AA18,"A"),""),")"),"")),"") | Z69: =IF(Y18="D", CONCATENATE($D18, IF(Z18+AA18>0,CONCATENATE(" (",Z18,IF(AA18>0,CONCATENATE(IF(Z18>0,",",""),AA18,"A"),""),")"),"")),"") | AA69: =IF(Y18="M", CONCATENATE($D18, IF(Z18+AA18>0,CONCATENATE(" (",Z18,IF(AA18>0,CONCATENATE(IF(Z18>0,",",""),AA18,"A"),""),")"),"")),"") | AB69: =IF(Y18="A", CONCATENATE($D18, IF(Z18+AA18>0,CONCATENATE(" (",Z18,IF(AA18>0,CONCATENATE(IF(Z18>0,",",""),AA18,"A"),""),")"),"")),"") | AC69: =IF(AC18="G", CONCATENATE($D18, IF(AD18+AE18>0,CONCATENATE(" (",AD18,IF(AE18>0,CONCATENATE(IF(AD18>0,",",""),AE18,"A"),""),")"),"")),"") | AD69: =IF(AC18="D", CONCATENATE($D18, IF(AD18+AE18>0,CONCATENATE(" (",AD18,IF(AE18>0,CONCATENATE(IF(AD18>0,",",""),AE18,"A"),""),")"),"")),"") | AE69: =IF(AC18="M", CONCATENATE($D18, IF(AD18+AE18>0,CONCATENATE(" (",AD18,IF(AE18>0,CONCATENATE(IF(AD18>0,",",""),AE18,"A"),""),")"),"")),"") | AF69: =IF(AC18="A", CONCATENATE($D18, IF(AD18+AE18>0,CONCATENATE(" (",AD18,IF(AE18>0,CONCATENATE(IF(AD18>0,",",""),AE18,"A"),""),")"),"")),"") | AG69: =IF(AG18="G", CONCATENATE($D18, IF(AH18+AI18>0,CONCATENATE(" (",AH18,IF(AI18>0,CONCATENATE(IF(AH18>0,",",""),AI18,"A"),""),")"),"")),"") | AH69: =IF(AG18="D", CONCATENATE($D18, IF(AH18+AI18>0,CONCATENATE(" (",AH18,IF(AI18>0,CONCATENATE(IF(AH18>0,",",""),AI18,"A"),""),")"),"")),"") | AI69: =IF(AG18="M", CONCATENATE($D18, IF(AH18+AI18>0,CONCATENATE(" (",AH18,IF(AI18>0,CONCATENATE(IF(AH18>0,",",""),AI18,"A"),""),")"),"")),"") | AJ69: =IF(AG18="A", CONCATENATE($D18, IF(AH18+AI18>0,CONCATENATE(" (",AH18,IF(AI18>0,CONCATENATE(IF(AH18>0,",",""),AI18,"A"),""),")"),"")),"") | AK69: =IF(AK18="G", CONCATENATE($D18, IF(AL18+AM18>0,CONCATENATE(" (",AL18,IF(AM18>0,CONCATENATE(IF(AL18>0,",",""),AM18,"A"),""),")"),"")),"") | AL69: =IF(AK18="D", CONCATENATE($D18, IF(AL18+AM18>0,CONCATENATE(" (",AL18,IF(AM18>0,CONCATENATE(IF(AL18>0,",",""),AM18,"A"),""),")"),"")),"") | AM69: =IF(AK18="M", CONCATENATE($D18, IF(AL18+AM18>0,CONCATENATE(" (",AL18,IF(AM18>0,CONCATENATE(IF(AL18>0,",",""),AM18,"A"),""),")"),"")),"") | AN69: =IF(AK18="A", CONCATENATE($D18, IF(AL18+AM18>0,CONCATENATE(" (",AL18,IF(AM18>0,CONCATENATE(IF(AL18>0,",",""),AM18,"A"),""),")"),"")),"") | AO69: =IF(AO18="G", CONCATENATE($D18, IF(AP18+AQ18>0,CONCATENATE(" (",AP18,IF(AQ18>0,CONCATENATE(IF(AP18>0,",",""),AQ18,"A"),""),")"),"")),"") | AP69: =IF(AO18="D", CONCATENATE($D18, IF(AP18+AQ18>0,CONCATENATE(" (",AP18,IF(AQ18>0,CONCATENATE(IF(AP18>0,",",""),AQ18,"A"),""),")"),"")),"") | AQ69: =IF(AO18="M", CONCATENATE($D18, IF(AP18+AQ18>0,CONCATENATE(" (",AP18,IF(AQ18>0,CONCATENATE(IF(AP18>0,",",""),AQ18,"A"),""),")"),"")),"") | AR69: =IF(AO18="A", CONCATENATE($D18, IF(AP18+AQ18>0,CONCATENATE(" (",AP18,IF(AQ18>0,CONCATENATE(IF(AP18>0,",",""),AQ18,"A"),""),")"),"")),"") | AS69: =IF(AS18="G", CONCATENATE($D18, IF(AT18+AU18>0,CONCATENATE(" (",AT18,IF(AU18>0,CONCATENATE(IF(AT18>0,",",""),AU18,"A"),""),")"),"")),"") | AT69: =IF(AS18="D", CONCATENATE($D18, IF(AT18+AU18>0,CONCATENATE(" (",AT18,IF(AU18>0,CONCATENATE(IF(AT18>0,",",""),AU18,"A"),""),")"),"")),"") | AU69: =IF(AS18="M", CONCATENATE($D18, IF(AT18+AU18>0,CONCATENATE(" (",AT18,IF(AU18>0,CONCATENATE(IF(AT18>0,",",""),AU18,"A"),""),")"),"")),"") | AV69: =IF(AS18="A", CONCATENATE($D18, IF(AT18+AU18>0,CONCATENATE(" (",AT18,IF(AU18>0,CONCATENATE(IF(AT18>0,",",""),AU18,"A"),""),")"),"")),"") | AW69: =IF(AW18="G", CONCATENATE($D18, IF(AX18+AY18>0,CONCATENATE(" (",AX18,IF(AY18>0,CONCATENATE(IF(AX18>0,",",""),AY18,"A"),""),")"),"")),"") | AX69: =IF(AW18="D", CONCATENATE($D18, IF(AX18+AY18>0,CONCATENATE(" (",AX18,IF(AY18>0,CONCATENATE(IF(AX18>0,",",""),AY18,"A"),""),")"),"")),"") | AY69: =IF(AW18="M", CONCATENATE($D18, IF(AX18+AY18>0,CONCATENATE(" (",AX18,IF(AY18>0,CONCATENATE(IF(AX18>0,",",""),AY18,"A"),""),")"),"")),"") | AZ69: =IF(AW18="A", CONCATENATE($D18, IF(AX18+AY18>0,CONCATENATE(" (",AX18,IF(AY18>0,CONCATENATE(IF(AX18>0,",",""),AY18,"A"),""),")"),"")),"") | BA69: =IF(BA18="G", CONCATENATE($D18, IF(BB18+BC18>0,CONCATENATE(" (",BB18,IF(BC18>0,CONCATENATE(IF(BB18>0,",",""),BC18,"A"),""),")"),"")),"") | BB69: =IF(BA18="D", CONCATENATE($D18, IF(BB18+BC18>0,CONCATENATE(" (",BB18,IF(BC18>0,CONCATENATE(IF(BB18>0,",",""),BC18,"A"),""),")"),"")),"") | BC69: =IF(BA18="M", CONCATENATE($D18, IF(BB18+BC18>0,CONCATENATE(" (",BB18,IF(BC18>0,CONCATENATE(IF(BB18>0,",",""),BC18,"A"),""),")"),"")),"") | BD69: =IF(BA18="A", CONCATENATE($D18, IF(BB18+BC18>0,CONCATENATE(" (",BB18,IF(BC18>0,CONCATENATE(IF(BB18>0,",",""),BC18,"A"),""),")"),"")),"") | BE69: =IF(BE18="G", CONCATENATE($D18, IF(BF18+BG18>0,CONCATENATE(" (",BF18,IF(BG18>0,CONCATENATE(IF(BF18>0,",",""),BG18,"A"),""),")"),"")),"") | BF69: =IF(BE18="D", CONCATENATE($D18, IF(BF18+BG18>0,CONCATENATE(" (",BF18,IF(BG18>0,CONCATENATE(IF(BF18>0,",",""),BG18,"A"),""),")"),"")),"") | BG69: =IF(BE18="M", CONCATENATE($D18, IF(BF18+BG18>0,CONCATENATE(" (",BF18,IF(BG18>0,CONCATENATE(IF(BF18>0,",",""),BG18,"A"),""),")"),"")),"") | BH69: =IF(BE18="A", CONCATENATE($D18, IF(BF18+BG18>0,CONCATENATE(" (",BF18,IF(BG18>0,CONCATENATE(IF(BF18>0,",",""),BG18,"A"),""),")"),"")),"") | BI69: =IF(BI18="G", CONCATENATE($D18, IF(BJ18+BK18>0,CONCATENATE(" (",BJ18,IF(BK18>0,CONCATENATE(IF(BJ18>0,",",""),BK18,"A"),""),")"),"")),"") | BJ69: =IF(BI18="D", CONCATENATE($D18, IF(BJ18+BK18>0,CONCATENATE(" (",BJ18,IF(BK18>0,CONCATENATE(IF(BJ18>0,",",""),BK18,"A"),""),")"),"")),"") | BK69: =IF(BI18="M", CONCATENATE($D18, IF(BJ18+BK18>0,CONCATENATE(" (",BJ18,IF(BK18>0,CONCATENATE(IF(BJ18>0,",",""),BK18,"A"),""),")"),"")),"") | BL69: =IF(BI18="A", CONCATENATE($D18, IF(BJ18+BK18>0,CONCATENATE(" (",BJ18,IF(BK18>0,CONCATENATE(IF(BJ18>0,",",""),BK18,"A"),""),")"),"")),"") | BM69: =IF(BM18="G", CONCATENATE($D18, IF(BN18+BO18>0,CONCATENATE(" (",BN18,IF(BO18>0,CONCATENATE(IF(BN18>0,",",""),BO18,"A"),""),")"),"")),"") | BN69: =IF(BM18="D", CONCATENATE($D18, IF(BN18+BO18>0,CONCATENATE(" (",BN18,IF(BO18>0,CONCATENATE(IF(BN18>0,",",""),BO18,"A"),""),")"),"")),"") | BO69: =IF(BM18="M", CONCATENATE($D18, IF(BN18+BO18>0,CONCATENATE(" (",BN18,IF(BO18>0,CONCATENATE(IF(BN18>0,",",""),BO18,"A"),""),")"),"")),"") | BP69: =IF(BM18="A", CONCATENATE($D18, IF(BN18+BO18>0,CONCATENATE(" (",BN18,IF(BO18>0,CONCATENATE(IF(BN18>0,",",""),BO18,"A"),""),")"),"")),"") | BQ69: =IF(BQ18="G", CONCATENATE($D18, IF(BR18+BS18>0,CONCATENATE(" (",BR18,IF(BS18>0,CONCATENATE(IF(BR18>0,",",""),BS18,"A"),""),")"),"")),"") | BR69: =IF(BQ18="D", CONCATENATE($D18, IF(BR18+BS18>0,CONCATENATE(" (",BR18,IF(BS18>0,CONCATENATE(IF(BR18>0,",",""),BS18,"A"),""),")"),"")),"") | BS69: =IF(BQ18="M", CONCATENATE($D18, IF(BR18+BS18>0,CONCATENATE(" (",BR18,IF(BS18>0,CONCATENATE(IF(BR18>0,",",""),BS18,"A"),""),")"),"")),"") | BT69: =IF(BQ18="A", CONCATENATE($D18, IF(BR18+BS18>0,CONCATENATE(" (",BR18,IF(BS18>0,CONCATENATE(IF(BR18>0,",",""),BS18,"A"),""),")"),"")),"") | BU69: =IF(BU18="G", CONCATENATE($D18, IF(BV18+BW18>0,CONCATENATE(" (",BV18,IF(BW18>0,CONCATENATE(IF(BV18>0,",",""),BW18,"A"),""),")"),"")),"") | BV69: =IF(BU18="D", CONCATENATE($D18, IF(BV18+BW18>0,CONCATENATE(" (",BV18,IF(BW18>0,CONCATENATE(IF(BV18>0,",",""),BW18,"A"),""),")"),"")),"") | BW69: =IF(BU18="M", CONCATENATE($D18, IF(BV18+BW18>0,CONCATENATE(" (",BV18,IF(BW18>0,CONCATENATE(IF(BV18>0,",",""),BW18,"A"),""),")"),"")),"") | BX69: =IF(BU18="A", CONCATENATE($D18, IF(BV18+BW18>0,CONCATENATE(" (",BV18,IF(BW18>0,CONCATENATE(IF(BV18>0,",",""),BW18,"A"),""),")"),"")),"") | BY69: =IF(BY18="G", CONCATENATE($D18, IF(BZ18+CA18>0,CONCATENATE(" (",BZ18,IF(CA18>0,CONCATENATE(IF(BZ18>0,",",""),CA18,"A"),""),")"),"")),"") | BZ69: =IF(BY18="D", CONCATENATE($D18, IF(BZ18+CA18>0,CONCATENATE(" (",BZ18,IF(CA18>0,CONCATENATE(IF(BZ18>0,",",""),CA18,"A"),""),")"),"")),"") | CA69: =IF(BY18="M", CONCATENATE($D18, IF(BZ18+CA18>0,CONCATENATE(" (",BZ18,IF(CA18>0,CONCATENATE(IF(BZ18>0,",",""),CA18,"A"),""),")"),"")),"") | CB69: =IF(BY18="A", CONCATENATE($D18, IF(BZ18+CA18>0,CONCATENATE(" (",BZ18,IF(CA18>0,CONCATENATE(IF(BZ18>0,",",""),CA18,"A"),""),")"),"")),"") | CC69: =IF(CC18="G", CONCATENATE($D18, IF(CD18+CE18>0,CONCATENATE(" (",CD18,IF(CE18>0,CONCATENATE(IF(CD18>0,",",""),CE18,"A"),""),")"),"")),"") | CD69: =IF(CC18="D", CONCATENATE($D18, IF(CD18+CE18>0,CONCATENATE(" (",CD18,IF(CE18>0,CONCATENATE(IF(CD18>0,",",""),CE18,"A"),""),")"),"")),"") | CE69: =IF(CC18="M", CONCATENATE($D18, IF(CD18+CE18>0,CONCATENATE(" (",CD18,IF(CE18>0,CONCATENATE(IF(CD18>0,",",""),CE18,"A"),""),")"),"")),"") | CF69: =IF(CC18="A", CONCATENATE($D18, IF(CD18+CE18>0,CONCATENATE(" (",CD18,IF(CE18>0,CONCATENATE(IF(CD18>0,",",""),CE18,"A"),""),")"),"")),"") | CG69: =IF(CG18="G", CONCATENATE($D18, IF(CH18+CI18>0,CONCATENATE(" (",CH18,IF(CI18>0,CONCATENATE(IF(CH18>0,",",""),CI18,"A"),""),")"),"")),"") | CH69: =IF(CG18="D", CONCATENATE($D18, IF(CH18+CI18>0,CONCATENATE(" (",CH18,IF(CI18>0,CONCATENATE(IF(CH18>0,",",""),CI18,"A"),""),")"),"")),"") | CI69: =IF(CG18="M", CONCATENATE($D18, IF(CH18+CI18>0,CONCATENATE(" (",CH18,IF(CI18>0,CONCATENATE(IF(CH18>0,",",""),CI18,"A"),""),")"),"")),"") | CJ69: =IF(CG18="A", CONCATENATE($D18, IF(CH18+CI18>0,CONCATENATE(" (",CH18,IF(CI18>0,CONCATENATE(IF(CH18>0,",",""),CI18,"A"),""),")"),"")),"")
G70: =G69+1 -> 10 | I70: =IF(I19="G", CONCATENATE($D19, IF(J19+K19>0,CONCATENATE(" (",J19,IF(K19>0,CONCATENATE(IF(J19>0,",",""),K19,"A"),""),")"),"")),"") | J70: =IF(I19="D", CONCATENATE($D19, IF(J19+K19>0,CONCATENATE(" (",J19,IF(K19>0,CONCATENATE(IF(J19>0,",",""),K19,"A"),""),")"),"")),"") | K70: =IF(I19="M", CONCATENATE($D19, IF(J19+K19>0,CONCATENATE(" (",J19,IF(K19>0,CONCATENATE(IF(J19>0,",",""),K19,"A"),""),")"),"")),"") | L70: =IF(I19="A", CONCATENATE($D19, IF(J19+K19>0,CONCATENATE(" (",J19,IF(K19>0,CONCATENATE(IF(J19>0,",",""),K19,"A"),""),")"),"")),"") -> Billy Camuso | M70: =IF(M19="G", CONCATENATE($D19, IF(N19+O19>0,CONCATENATE(" (",N19,IF(O19>0,CONCATENATE(IF(N19>0,",",""),O19,"A"),""),")"),"")),"") | N70: =IF(M19="D", CONCATENATE($D19, IF(N19+O19>0,CONCATENATE(" (",N19,IF(O19>0,CONCATENATE(IF(N19>0,",",""),O19,"A"),""),")"),"")),"") | O70: =IF(M19="M", CONCATENATE($D19, IF(N19+O19>0,CONCATENATE(" (",N19,IF(O19>0,CONCATENATE(IF(N19>0,",",""),O19,"A"),""),")"),"")),"") | P70: =IF(M19="A", CONCATENATE($D19, IF(N19+O19>0,CONCATENATE(" (",N19,IF(O19>0,CONCATENATE(IF(N19>0,",",""),O19,"A"),""),")"),"")),"") -> Billy Camuso | Q70: =IF(Q19="G", CONCATENATE($D19, IF(R19+S19>0,CONCATENATE(" (",R19,IF(S19>0,CONCATENATE(IF(R19>0,",",""),S19,"A"),""),")"),"")),"") | R70: =IF(Q19="D", CONCATENATE($D19, IF(R19+S19>0,CONCATENATE(" (",R19,IF(S19>0,CONCATENATE(IF(R19>0,",",""),S19,"A"),""),")"),"")),"") | S70: =IF(Q19="M", CONCATENATE($D19, IF(R19+S19>0,CONCATENATE(" (",R19,IF(S19>0,CONCATENATE(IF(R19>0,",",""),S19,"A"),""),")"),"")),"") | T70: =IF(Q19="A", CONCATENATE($D19, IF(R19+S19>0,CONCATENATE(" (",R19,IF(S19>0,CONCATENATE(IF(R19>0,",",""),S19,"A"),""),")"),"")),"") -> Billy Camuso | U70: =IF(U19="G", CONCATENATE($D19, IF(V19+W19>0,CONCATENATE(" (",V19,IF(W19>0,CONCATENATE(IF(V19>0,",",""),W19,"A"),""),")"),"")),"") | V70: =IF(U19="D", CONCATENATE($D19, IF(V19+W19>0,CONCATENATE(" (",V19,IF(W19>0,CONCATENATE(IF(V19>0,",",""),W19,"A"),""),")"),"")),"") | W70: =IF(U19="M", CONCATENATE($D19, IF(V19+W19>0,CONCATENATE(" (",V19,IF(W19>0,CONCATENATE(IF(V19>0,",",""),W19,"A"),""),")"),"")),"") | X70: =IF(U19="A", CONCATENATE($D19, IF(V19+W19>0,CONCATENATE(" (",V19,IF(W19>0,CONCATENATE(IF(V19>0,",",""),W19,"A"),""),")"),"")),"") | Y70: =IF(Y19="G", CONCATENATE($D19, IF(Z19+AA19>0,CONCATENATE(" (",Z19,IF(AA19>0,CONCATENATE(IF(Z19>0,",",""),AA19,"A"),""),")"),"")),"") | Z70: =IF(Y19="D", CONCATENATE($D19, IF(Z19+AA19>0,CONCATENATE(" (",Z19,IF(AA19>0,CONCATENATE(IF(Z19>0,",",""),AA19,"A"),""),")"),"")),"") | AA70: =IF(Y19="M", CONCATENATE($D19, IF(Z19+AA19>0,CONCATENATE(" (",Z19,IF(AA19>0,CONCATENATE(IF(Z19>0,",",""),AA19,"A"),""),")"),"")),"") | AB70: =IF(Y19="A", CONCATENATE($D19, IF(Z19+AA19>0,CONCATENATE(" (",Z19,IF(AA19>0,CONCATENATE(IF(Z19>0,",",""),AA19,"A"),""),")"),"")),"") -> Billy Camuso | AC70: =IF(AC19="G", CONCATENATE($D19, IF(AD19+AE19>0,CONCATENATE(" (",AD19,IF(AE19>0,CONCATENATE(IF(AD19>0,",",""),AE19,"A"),""),")"),"")),"") | AD70: =IF(AC19="D", CONCATENATE($D19, IF(AD19+AE19>0,CONCATENATE(" (",AD19,IF(AE19>0,CONCATENATE(IF(AD19>0,",",""),AE19,"A"),""),")"),"")),"") | AE70: =IF(AC19="M", CONCATENATE($D19, IF(AD19+AE19>0,CONCATENATE(" (",AD19,IF(AE19>0,CONCATENATE(IF(AD19>0,",",""),AE19,"A"),""),")"),"")),"") | AF70: =IF(AC19="A", CONCATENATE($D19, IF(AD19+AE19>0,CONCATENATE(" (",AD19,IF(AE19>0,CONCATENATE(IF(AD19>0,",",""),AE19,"A"),""),")"),"")),"") -> Billy Camuso | AG70: =IF(AG19="G", CONCATENATE($D19, IF(AH19+AI19>0,CONCATENATE(" (",AH19,IF(AI19>0,CONCATENATE(IF(AH19>0,",",""),AI19,"A"),""),")"),"")),"") | AH70: =IF(AG19="D", CONCATENATE($D19, IF(AH19+AI19>0,CONCATENATE(" (",AH19,IF(AI19>0,CONCATENATE(IF(AH19>0,",",""),AI19,"A"),""),")"),"")),"") | AI70: =IF(AG19="M", CONCATENATE($D19, IF(AH19+AI19>0,CONCATENATE(" (",AH19,IF(AI19>0,CONCATENATE(IF(AH19>0,",",""),AI19,"A"),""),")"),"")),"") | AJ70: =IF(AG19="A", CONCATENATE($D19, IF(AH19+AI19>0,CONCATENATE(" (",AH19,IF(AI19>0,CONCATENATE(IF(AH19>0,",",""),AI19,"A"),""),")"),"")),"") | AK70: =IF(AK19="G", CONCATENATE($D19, IF(AL19+AM19>0,CONCATENATE(" (",AL19,IF(AM19>0,CONCATENATE(IF(AL19>0,",",""),AM19,"A"),""),")"),"")),"") | AL70: =IF(AK19="D", CONCATENATE($D19, IF(AL19+AM19>0,CONCATENATE(" (",AL19,IF(AM19>0,CONCATENATE(IF(AL19>0,",",""),AM19,"A"),""),")"),"")),"") | AM70: =IF(AK19="M", CONCATENATE($D19, IF(AL19+AM19>0,CONCATENATE(" (",AL19,IF(AM19>0,CONCATENATE(IF(AL19>0,",",""),AM19,"A"),""),")"),"")),"") | AN70: =IF(AK19="A", CONCATENATE($D19, IF(AL19+AM19>0,CONCATENATE(" (",AL19,IF(AM19>0,CONCATENATE(IF(AL19>0,",",""),AM19,"A"),""),")"),"")),"") -> Billy Camuso | AO70: =IF(AO19="G", CONCATENATE($D19, IF(AP19+AQ19>0,CONCATENATE(" (",AP19,IF(AQ19>0,CONCATENATE(IF(AP19>0,",",""),AQ19,"A"),""),")"),"")),"") | AP70: =IF(AO19="D", CONCATENATE($D19, IF(AP19+AQ19>0,CONCATENATE(" (",AP19,IF(AQ19>0,CONCATENATE(IF(AP19>0,",",""),AQ19,"A"),""),")"),"")),"") | AQ70: =IF(AO19="M", CONCATENATE($D19, IF(AP19+AQ19>0,CONCATENATE(" (",AP19,IF(AQ19>0,CONCATENATE(IF(AP19>0,",",""),AQ19,"A"),""),")"),"")),"") | AR70: =IF(AO19="A", CONCATENATE($D19, IF(AP19+AQ19>0,CONCATENATE(" (",AP19,IF(AQ19>0,CONCATENATE(IF(AP19>0,",",""),AQ19,"A"),""),")"),"")),"") | AS70: =IF(AS19="G", CONCATENATE($D19, IF(AT19+AU19>0,CONCATENATE(" (",AT19,IF(AU19>0,CONCATENATE(IF(AT19>0,",",""),AU19,"A"),""),")"),"")),"") | AT70: =IF(AS19="D", CONCATENATE($D19, IF(AT19+AU19>0,CONCATENATE(" (",AT19,IF(AU19>0,CONCATENATE(IF(AT19>0,",",""),AU19,"A"),""),")"),"")),"") | AU70: =IF(AS19="M", CONCATENATE($D19, IF(AT19+AU19>0,CONCATENATE(" (",AT19,IF(AU19>0,CONCATENATE(IF(AT19>0,",",""),AU19,"A"),""),")"),"")),"") | AV70: =IF(AS19="A", CONCATENATE($D19, IF(AT19+AU19>0,CONCATENATE(" (",AT19,IF(AU19>0,CONCATENATE(IF(AT19>0,",",""),AU19,"A"),""),")"),"")),"") | AW70: =IF(AW19="G", CONCATENATE($D19, IF(AX19+AY19>0,CONCATENATE(" (",AX19,IF(AY19>0,CONCATENATE(IF(AX19>0,",",""),AY19,"A"),""),")"),"")),"") | AX70: =IF(AW19="D", CONCATENATE($D19, IF(AX19+AY19>0,CONCATENATE(" (",AX19,IF(AY19>0,CONCATENATE(IF(AX19>0,",",""),AY19,"A"),""),")"),"")),"") | AY70: =IF(AW19="M", CONCATENATE($D19, IF(AX19+AY19>0,CONCATENATE(" (",AX19,IF(AY19>0,CONCATENATE(IF(AX19>0,",",""),AY19,"A"),""),")"),"")),"") | AZ70: =IF(AW19="A", CONCATENATE($D19, IF(AX19+AY19>0,CONCATENATE(" (",AX19,IF(AY19>0,CONCATENATE(IF(AX19>0,",",""),AY19,"A"),""),")"),"")),"") | BA70: =IF(BA19="G", CONCATENATE($D19, IF(BB19+BC19>0,CONCATENATE(" (",BB19,IF(BC19>0,CONCATENATE(IF(BB19>0,",",""),BC19,"A"),""),")"),"")),"") | BB70: =IF(BA19="D", CONCATENATE($D19, IF(BB19+BC19>0,CONCATENATE(" (",BB19,IF(BC19>0,CONCATENATE(IF(BB19>0,",",""),BC19,"A"),""),")"),"")),"") | BC70: =IF(BA19="M", CONCATENATE($D19, IF(BB19+BC19>0,CONCATENATE(" (",BB19,IF(BC19>0,CONCATENATE(IF(BB19>0,",",""),BC19,"A"),""),")"),"")),"") | BD70: =IF(BA19="A", CONCATENATE($D19, IF(BB19+BC19>0,CONCATENATE(" (",BB19,IF(BC19>0,CONCATENATE(IF(BB19>0,",",""),BC19,"A"),""),")"),"")),"") | BE70: =IF(BE19="G", CONCATENATE($D19, IF(BF19+BG19>0,CONCATENATE(" (",BF19,IF(BG19>0,CONCATENATE(IF(BF19>0,",",""),BG19,"A"),""),")"),"")),"") | BF70: =IF(BE19="D", CONCATENATE($D19, IF(BF19+BG19>0,CONCATENATE(" (",BF19,IF(BG19>0,CONCATENATE(IF(BF19>0,",",""),BG19,"A"),""),")"),"")),"") | BG70: =IF(BE19="M", CONCATENATE($D19, IF(BF19+BG19>0,CONCATENATE(" (",BF19,IF(BG19>0,CONCATENATE(IF(BF19>0,",",""),BG19,"A"),""),")"),"")),"") | BH70: =IF(BE19="A", CONCATENATE($D19, IF(BF19+BG19>0,CONCATENATE(" (",BF19,IF(BG19>0,CONCATENATE(IF(BF19>0,",",""),BG19,"A"),""),")"),"")),"") | BI70: =IF(BI19="G", CONCATENATE($D19, IF(BJ19+BK19>0,CONCATENATE(" (",BJ19,IF(BK19>0,CONCATENATE(IF(BJ19>0,",",""),BK19,"A"),""),")"),"")),"") | BJ70: =IF(BI19="D", CONCATENATE($D19, IF(BJ19+BK19>0,CONCATENATE(" (",BJ19,IF(BK19>0,CONCATENATE(IF(BJ19>0,",",""),BK19,"A"),""),")"),"")),"") | BK70: =IF(BI19="M", CONCATENATE($D19, IF(BJ19+BK19>0,CONCATENATE(" (",BJ19,IF(BK19>0,CONCATENATE(IF(BJ19>0,",",""),BK19,"A"),""),")"),"")),"") | BL70: =IF(BI19="A", CONCATENATE($D19, IF(BJ19+BK19>0,CONCATENATE(" (",BJ19,IF(BK19>0,CONCATENATE(IF(BJ19>0,",",""),BK19,"A"),""),")"),"")),"") -> Billy Camuso (1) | BM70: =IF(BM19="G", CONCATENATE($D19, IF(BN19+BO19>0,CONCATENATE(" (",BN19,IF(BO19>0,CONCATENATE(IF(BN19>0,",",""),BO19,"A"),""),")"),"")),"") | BN70: =IF(BM19="D", CONCATENATE($D19, IF(BN19+BO19>0,CONCATENATE(" (",BN19,IF(BO19>0,CONCATENATE(IF(BN19>0,",",""),BO19,"A"),""),")"),"")),"") | BO70: =IF(BM19="M", CONCATENATE($D19, IF(BN19+BO19>0,CONCATENATE(" (",BN19,IF(BO19>0,CONCATENATE(IF(BN19>0,",",""),BO19,"A"),""),")"),"")),"") | BP70: =IF(BM19="A", CONCATENATE($D19, IF(BN19+BO19>0,CONCATENATE(" (",BN19,IF(BO19>0,CONCATENATE(IF(BN19>0,",",""),BO19,"A"),""),")"),"")),"") | BQ70: =IF(BQ19="G", CONCATENATE($D19, IF(BR19+BS19>0,CONCATENATE(" (",BR19,IF(BS19>0,CONCATENATE(IF(BR19>0,",",""),BS19,"A"),""),")"),"")),"") | BR70: =IF(BQ19="D", CONCATENATE($D19, IF(BR19+BS19>0,CONCATENATE(" (",BR19,IF(BS19>0,CONCATENATE(IF(BR19>0,",",""),BS19,"A"),""),")"),"")),"") | BS70: =IF(BQ19="M", CONCATENATE($D19, IF(BR19+BS19>0,CONCATENATE(" (",BR19,IF(BS19>0,CONCATENATE(IF(BR19>0,",",""),BS19,"A"),""),")"),"")),"") | BT70: =IF(BQ19="A", CONCATENATE($D19, IF(BR19+BS19>0,CONCATENATE(" (",BR19,IF(BS19>0,CONCATENATE(IF(BR19>0,",",""),BS19,"A"),""),")"),"")),"") -> Billy Camuso (1) | BU70: =IF(BU19="G", CONCATENATE($D19, IF(BV19+BW19>0,CONCATENATE(" (",BV19,IF(BW19>0,CONCATENATE(IF(BV19>0,",",""),BW19,"A"),""),")"),"")),"") | BV70: =IF(BU19="D", CONCATENATE($D19, IF(BV19+BW19>0,CONCATENATE(" (",BV19,IF(BW19>0,CONCATENATE(IF(BV19>0,",",""),BW19,"A"),""),")"),"")),"") | BW70: =IF(BU19="M", CONCATENATE($D19, IF(BV19+BW19>0,CONCATENATE(" (",BV19,IF(BW19>0,CONCATENATE(IF(BV19>0,",",""),BW19,"A"),""),")"),"")),"") | BX70: =IF(BU19="A", CONCATENATE($D19, IF(BV19+BW19>0,CONCATENATE(" (",BV19,IF(BW19>0,CONCATENATE(IF(BV19>0,",",""),BW19,"A"),""),")"),"")),"") | BY70: =IF(BY19="G", CONCATENATE($D19, IF(BZ19+CA19>0,CONCATENATE(" (",BZ19,IF(CA19>0,CONCATENATE(IF(BZ19>0,",",""),CA19,"A"),""),")"),"")),"") | BZ70: =IF(BY19="D", CONCATENATE($D19, IF(BZ19+CA19>0,CONCATENATE(" (",BZ19,IF(CA19>0,CONCATENATE(IF(BZ19>0,",",""),CA19,"A"),""),")"),"")),"") | CA70: =IF(BY19="M", CONCATENATE($D19, IF(BZ19+CA19>0,CONCATENATE(" (",BZ19,IF(CA19>0,CONCATENATE(IF(BZ19>0,",",""),CA19,"A"),""),")"),"")),"") | CB70: =IF(BY19="A", CONCATENATE($D19, IF(BZ19+CA19>0,CONCATENATE(" (",BZ19,IF(CA19>0,CONCATENATE(IF(BZ19>0,",",""),CA19,"A"),""),")"),"")),"") | CC70: =IF(CC19="G", CONCATENATE($D19, IF(CD19+CE19>0,CONCATENATE(" (",CD19,IF(CE19>0,CONCATENATE(IF(CD19>0,",",""),CE19,"A"),""),")"),"")),"") | CD70: =IF(CC19="D", CONCATENATE($D19, IF(CD19+CE19>0,CONCATENATE(" (",CD19,IF(CE19>0,CONCATENATE(IF(CD19>0,",",""),CE19,"A"),""),")"),"")),"") | CE70: =IF(CC19="M", CONCATENATE($D19, IF(CD19+CE19>0,CONCATENATE(" (",CD19,IF(CE19>0,CONCATENATE(IF(CD19>0,",",""),CE19,"A"),""),")"),"")),"") | CF70: =IF(CC19="A", CONCATENATE($D19, IF(CD19+CE19>0,CONCATENATE(" (",CD19,IF(CE19>0,CONCATENATE(IF(CD19>0,",",""),CE19,"A"),""),")"),"")),"") | CG70: =IF(CG19="G", CONCATENATE($D19, IF(CH19+CI19>0,CONCATENATE(" (",CH19,IF(CI19>0,CONCATENATE(IF(CH19>0,",",""),CI19,"A"),""),")"),"")),"") | CH70: =IF(CG19="D", CONCATENATE($D19, IF(CH19+CI19>0,CONCATENATE(" (",CH19,IF(CI19>0,CONCATENATE(IF(CH19>0,",",""),CI19,"A"),""),")"),"")),"") | CI70: =IF(CG19="M", CONCATENATE($D19, IF(CH19+CI19>0,CONCATENATE(" (",CH19,IF(CI19>0,CONCATENATE(IF(CH19>0,",",""),CI19,"A"),""),")"),"")),"") | CJ70: =IF(CG19="A", CONCATENATE($D19, IF(CH19+CI19>0,CONCATENATE(" (",CH19,IF(CI19>0,CONCATENATE(IF(CH19>0,",",""),CI19,"A"),""),")"),"")),"") -> Billy Camuso
G71: =G70+1 -> 11 | I71: =IF(I20="G", CONCATENATE($D20, IF(J20+K20>0,CONCATENATE(" (",J20,IF(K20>0,CONCATENATE(IF(J20>0,",",""),K20,"A"),""),")"),"")),"") | J71: =IF(I20="D", CONCATENATE($D20, IF(J20+K20>0,CONCATENATE(" (",J20,IF(K20>0,CONCATENATE(IF(J20>0,",",""),K20,"A"),""),")"),"")),"") -> David Copple | K71: =IF(I20="M", CONCATENATE($D20, IF(J20+K20>0,CONCATENATE(" (",J20,IF(K20>0,CONCATENATE(IF(J20>0,",",""),K20,"A"),""),")"),"")),"") | L71: =IF(I20="A", CONCATENATE($D20, IF(J20+K20>0,CONCATENATE(" (",J20,IF(K20>0,CONCATENATE(IF(J20>0,",",""),K20,"A"),""),")"),"")),"") | M71: =IF(M20="G", CONCATENATE($D20, IF(N20+O20>0,CONCATENATE(" (",N20,IF(O20>0,CONCATENATE(IF(N20>0,",",""),O20,"A"),""),")"),"")),"") | N71: =IF(M20="D", CONCATENATE($D20, IF(N20+O20>0,CONCATENATE(" (",N20,IF(O20>0,CONCATENATE(IF(N20>0,",",""),O20,"A"),""),")"),"")),"") -> David Copple | O71: =IF(M20="M", CONCATENATE($D20, IF(N20+O20>0,CONCATENATE(" (",N20,IF(O20>0,CONCATENATE(IF(N20>0,",",""),O20,"A"),""),")"),"")),"") | P71: =IF(M20="A", CONCATENATE($D20, IF(N20+O20>0,CONCATENATE(" (",N20,IF(O20>0,CONCATENATE(IF(N20>0,",",""),O20,"A"),""),")"),"")),"") | Q71: =IF(Q20="G", CONCATENATE($D20, IF(R20+S20>0,CONCATENATE(" (",R20,IF(S20>0,CONCATENATE(IF(R20>0,",",""),S20,"A"),""),")"),"")),"") | R71: =IF(Q20="D", CONCATENATE($D20, IF(R20+S20>0,CONCATENATE(" (",R20,IF(S20>0,CONCATENATE(IF(R20>0,",",""),S20,"A"),""),")"),"")),"") -> David Copple | S71: =IF(Q20="M", CONCATENATE($D20, IF(R20+S20>0,CONCATENATE(" (",R20,IF(S20>0,CONCATENATE(IF(R20>0,",",""),S20,"A"),""),")"),"")),"") | T71: =IF(Q20="A", CONCATENATE($D20, IF(R20+S20>0,CONCATENATE(" (",R20,IF(S20>0,CONCATENATE(IF(R20>0,",",""),S20,"A"),""),")"),"")),"") | U71: =IF(U20="G", CONCATENATE($D20, IF(V20+W20>0,CONCATENATE(" (",V20,IF(W20>0,CONCATENATE(IF(V20>0,",",""),W20,"A"),""),")"),"")),"") | V71: =IF(U20="D", CONCATENATE($D20, IF(V20+W20>0,CONCATENATE(" (",V20,IF(W20>0,CONCATENATE(IF(V20>0,",",""),W20,"A"),""),")"),"")),"") -> David Copple | W71: =IF(U20="M", CONCATENATE($D20, IF(V20+W20>0,CONCATENATE(" (",V20,IF(W20>0,CONCATENATE(IF(V20>0,",",""),W20,"A"),""),")"),"")),"") | X71: =IF(U20="A", CONCATENATE($D20, IF(V20+W20>0,CONCATENATE(" (",V20,IF(W20>0,CONCATENATE(IF(V20>0,",",""),W20,"A"),""),")"),"")),"") | Y71: =IF(Y20="G", CONCATENATE($D20, IF(Z20+AA20>0,CONCATENATE(" (",Z20,IF(AA20>0,CONCATENATE(IF(Z20>0,",",""),AA20,"A"),""),")"),"")),"") | Z71: =IF(Y20="D", CONCATENATE($D20, IF(Z20+AA20>0,CONCATENATE(" (",Z20,IF(AA20>0,CONCATENATE(IF(Z20>0,",",""),AA20,"A"),""),")"),"")),"") | AA71: =IF(Y20="M", CONCATENATE($D20, IF(Z20+AA20>0,CONCATENATE(" (",Z20,IF(AA20>0,CONCATENATE(IF(Z20>0,",",""),AA20,"A"),""),")"),"")),"") | AB71: =IF(Y20="A", CONCATENATE($D20, IF(Z20+AA20>0,CONCATENATE(" (",Z20,IF(AA20>0,CONCATENATE(IF(Z20>0,",",""),AA20,"A"),""),")"),"")),"") | AC71: =IF(AC20="G", CONCATENATE($D20, IF(AD20+AE20>0,CONCATENATE(" (",AD20,IF(AE20>0,CONCATENATE(IF(AD20>0,",",""),AE20,"A"),""),")"),"")),"") | AD71: =IF(AC20="D", CONCATENATE($D20, IF(AD20+AE20>0,CONCATENATE(" (",AD20,IF(AE20>0,CONCATENATE(IF(AD20>0,",",""),AE20,"A"),""),")"),"")),"") -> David Copple | AE71: =IF(AC20="M", CONCATENATE($D20, IF(AD20+AE20>0,CONCATENATE(" (",AD20,IF(AE20>0,CONCATENATE(IF(AD20>0,",",""),AE20,"A"),""),")"),"")),"") | AF71: =IF(AC20="A", CONCATENATE($D20, IF(AD20+AE20>0,CONCATENATE(" (",AD20,IF(AE20>0,CONCATENATE(IF(AD20>0,",",""),AE20,"A"),""),")"),"")),"") | AG71: =IF(AG20="G", CONCATENATE($D20, IF(AH20+AI20>0,CONCATENATE(" (",AH20,IF(AI20>0,CONCATENATE(IF(AH20>0,",",""),AI20,"A"),""),")"),"")),"") | AH71: =IF(AG20="D", CONCATENATE($D20, IF(AH20+AI20>0,CONCATENATE(" (",AH20,IF(AI20>0,CONCATENATE(IF(AH20>0,",",""),AI20,"A"),""),")"),"")),"") | AI71: =IF(AG20="M", CONCATENATE($D20, IF(AH20+AI20>0,CONCATENATE(" (",AH20,IF(AI20>0,CONCATENATE(IF(AH20>0,",",""),AI20,"A"),""),")"),"")),"") | AJ71: =IF(AG20="A", CONCATENATE($D20, IF(AH20+AI20>0,CONCATENATE(" (",AH20,IF(AI20>0,CONCATENATE(IF(AH20>0,",",""),AI20,"A"),""),")"),"")),"") | AK71: =IF(AK20="G", CONCATENATE($D20, IF(AL20+AM20>0,CONCATENATE(" (",AL20,IF(AM20>0,CONCATENATE(IF(AL20>0,",",""),AM20,"A"),""),")"),"")),"") | AL71: =IF(AK20="D", CONCATENATE($D20, IF(AL20+AM20>0,CONCATENATE(" (",AL20,IF(AM20>0,CONCATENATE(IF(AL20>0,",",""),AM20,"A"),""),")"),"")),"") | AM71: =IF(AK20="M", CONCATENATE($D20, IF(AL20+AM20>0,CONCATENATE(" (",AL20,IF(AM20>0,CONCATENATE(IF(AL20>0,",",""),AM20,"A"),""),")"),"")),"") | AN71: =IF(AK20="A", CONCATENATE($D20, IF(AL20+AM20>0,CONCATENATE(" (",AL20,IF(AM20>0,CONCATENATE(IF(AL20>0,",",""),AM20,"A"),""),")"),"")),"") | AO71: =IF(AO20="G", CONCATENATE($D20, IF(AP20+AQ20>0,CONCATENATE(" (",AP20,IF(AQ20>0,CONCATENATE(IF(AP20>0,",",""),AQ20,"A"),""),")"),"")),"") | AP71: =IF(AO20="D", CONCATENATE($D20, IF(AP20+AQ20>0,CONCATENATE(" (",AP20,IF(AQ20>0,CONCATENATE(IF(AP20>0,",",""),AQ20,"A"),""),")"),"")),"") -> David Copple | AQ71: =IF(AO20="M", CONCATENATE($D20, IF(AP20+AQ20>0,CONCATENATE(" (",AP20,IF(AQ20>0,CONCATENATE(IF(AP20>0,",",""),AQ20,"A"),""),")"),"")),"") | AR71: =IF(AO20="A", CONCATENATE($D20, IF(AP20+AQ20>0,CONCATENATE(" (",AP20,IF(AQ20>0,CONCATENATE(IF(AP20>0,",",""),AQ20,"A"),""),")"),"")),"") | AS71: =IF(AS20="G", CONCATENATE($D20, IF(AT20+AU20>0,CONCATENATE(" (",AT20,IF(AU20>0,CONCATENATE(IF(AT20>0,",",""),AU20,"A"),""),")"),"")),"") | AT71: =IF(AS20="D", CONCATENATE($D20, IF(AT20+AU20>0,CONCATENATE(" (",AT20,IF(AU20>0,CONCATENATE(IF(AT20>0,",",""),AU20,"A"),""),")"),"")),"") -> David Copple | AU71: =IF(AS20="M", CONCATENATE($D20, IF(AT20+AU20>0,CONCATENATE(" (",AT20,IF(AU20>0,CONCATENATE(IF(AT20>0,",",""),AU20,"A"),""),")"),"")),"") | AV71: =IF(AS20="A", CONCATENATE($D20, IF(AT20+AU20>0,CONCATENATE(" (",AT20,IF(AU20>0,CONCATENATE(IF(AT20>0,",",""),AU20,"A"),""),")"),"")),"") | AW71: =IF(AW20="G", CONCATENATE($D20, IF(AX20+AY20>0,CONCATENATE(" (",AX20,IF(AY20>0,CONCATENATE(IF(AX20>0,",",""),AY20,"A"),""),")"),"")),"") | AX71: =IF(AW20="D", CONCATENATE($D20, IF(AX20+AY20>0,CONCATENATE(" (",AX20,IF(AY20>0,CONCATENATE(IF(AX20>0,",",""),AY20,"A"),""),")"),"")),"") -> David Copple | AY71: =IF(AW20="M", CONCATENATE($D20, IF(AX20+AY20>0,CONCATENATE(" (",AX20,IF(AY20>0,CONCATENATE(IF(AX20>0,",",""),AY20,"A"),""),")"),"")),"") | AZ71: =IF(AW20="A", CONCATENATE($D20, IF(AX20+AY20>0,CONCATENATE(" (",AX20,IF(AY20>0,CONCATENATE(IF(AX20>0,",",""),AY20,"A"),""),")"),"")),"") | BA71: =IF(BA20="G", CONCATENATE($D20, IF(BB20+BC20>0,CONCATENATE(" (",BB20,IF(BC20>0,CONCATENATE(IF(BB20>0,",",""),BC20,"A"),""),")"),"")),"") | BB71: =IF(BA20="D", CONCATENATE($D20, IF(BB20+BC20>0,CONCATENATE(" (",BB20,IF(BC20>0,CONCATENATE(IF(BB20>0,",",""),BC20,"A"),""),")"),"")),"") -> David Copple | BC71: =IF(BA20="M", CONCATENATE($D20, IF(BB20+BC20>0,CONCATENATE(" (",BB20,IF(BC20>0,CONCATENATE(IF(BB20>0,",",""),BC20,"A"),""),")"),"")),"") | BD71: =IF(BA20="A", CONCATENATE($D20, IF(BB20+BC20>0,CONCATENATE(" (",BB20,IF(BC20>0,CONCATENATE(IF(BB20>0,",",""),BC20,"A"),""),")"),"")),"") | BE71: =IF(BE20="G", CONCATENATE($D20, IF(BF20+BG20>0,CONCATENATE(" (",BF20,IF(BG20>0,CONCATENATE(IF(BF20>0,",",""),BG20,"A"),""),")"),"")),"") | BF71: =IF(BE20="D", CONCATENATE($D20, IF(BF20+BG20>0,CONCATENATE(" (",BF20,IF(BG20>0,CONCATENATE(IF(BF20>0,",",""),BG20,"A"),""),")"),"")),"") -> David Copple | BG71: =IF(BE20="M", CONCATENATE($D20, IF(BF20+BG20>0,CONCATENATE(" (",BF20,IF(BG20>0,CONCATENATE(IF(BF20>0,",",""),BG20,"A"),""),")"),"")),"") | BH71: =IF(BE20="A", CONCATENATE($D20, IF(BF20+BG20>0,CONCATENATE(" (",BF20,IF(BG20>0,CONCATENATE(IF(BF20>0,",",""),BG20,"A"),""),")"),"")),"") | BI71: =IF(BI20="G", CONCATENATE($D20, IF(BJ20+BK20>0,CONCATENATE(" (",BJ20,IF(BK20>0,CONCATENATE(IF(BJ20>0,",",""),BK20,"A"),""),")"),"")),"") | BJ71: =IF(BI20="D", CONCATENATE($D20, IF(BJ20+BK20>0,CONCATENATE(" (",BJ20,IF(BK20>0,CONCATENATE(IF(BJ20>0,",",""),BK20,"A"),""),")"),"")),"") -> David Copple | BK71: =IF(BI20="M", CONCATENATE($D20, IF(BJ20+BK20>0,CONCATENATE(" (",BJ20,IF(BK20>0,CONCATENATE(IF(BJ20>0,",",""),BK20,"A"),""),")"),"")),"") | BL71: =IF(BI20="A", CONCATENATE($D20, IF(BJ20+BK20>0,CONCATENATE(" (",BJ20,IF(BK20>0,CONCATENATE(IF(BJ20>0,",",""),BK20,"A"),""),")"),"")),"") | BM71: =IF(BM20="G", CONCATENATE($D20, IF(BN20+BO20>0,CONCATENATE(" (",BN20,IF(BO20>0,CONCATENATE(IF(BN20>0,",",""),BO20,"A"),""),")"),"")),"") | BN71: =IF(BM20="D", CONCATENATE($D20, IF(BN20+BO20>0,CONCATENATE(" (",BN20,IF(BO20>0,CONCATENATE(IF(BN20>0,",",""),BO20,"A"),""),")"),"")),"") | BO71: =IF(BM20="M", CONCATENATE($D20, IF(BN20+BO20>0,CONCATENATE(" (",BN20,IF(BO20>0,CONCATENATE(IF(BN20>0,",",""),BO20,"A"),""),")"),"")),"") | BP71: =IF(BM20="A", CONCATENATE($D20, IF(BN20+BO20>0,CONCATENATE(" (",BN20,IF(BO20>0,CONCATENATE(IF(BN20>0,",",""),BO20,"A"),""),")"),"")),"") | BQ71: =IF(BQ20="G", CONCATENATE($D20, IF(BR20+BS20>0,CONCATENATE(" (",BR20,IF(BS20>0,CONCATENATE(IF(BR20>0,",",""),BS20,"A"),""),")"),"")),"") | BR71: =IF(BQ20="D", CONCATENATE($D20, IF(BR20+BS20>0,CONCATENATE(" (",BR20,IF(BS20>0,CONCATENATE(IF(BR20>0,",",""),BS20,"A"),""),")"),"")),"") -> David Copple | BS71: =IF(BQ20="M", CONCATENATE($D20, IF(BR20+BS20>0,CONCATENATE(" (",BR20,IF(BS20>0,CONCATENATE(IF(BR20>0,",",""),BS20,"A"),""),")"),"")),"") | BT71: =IF(BQ20="A", CONCATENATE($D20, IF(BR20+BS20>0,CONCATENATE(" (",BR20,IF(BS20>0,CONCATENATE(IF(BR20>0,",",""),BS20,"A"),""),")"),"")),"") | BU71: =IF(BU20="G", CONCATENATE($D20, IF(BV20+BW20>0,CONCATENATE(" (",BV20,IF(BW20>0,CONCATENATE(IF(BV20>0,",",""),BW20,"A"),""),")"),"")),"") | BV71: =IF(BU20="D", CONCATENATE($D20, IF(BV20+BW20>0,CONCATENATE(" (",BV20,IF(BW20>0,CONCATENATE(IF(BV20>0,",",""),BW20,"A"),""),")"),"")),"") | BW71: =IF(BU20="M", CONCATENATE($D20, IF(BV20+BW20>0,CONCATENATE(" (",BV20,IF(BW20>0,CONCATENATE(IF(BV20>0,",",""),BW20,"A"),""),")"),"")),"") | BX71: =IF(BU20="A", CONCATENATE($D20, IF(BV20+BW20>0,CONCATENATE(" (",BV20,IF(BW20>0,CONCATENATE(IF(BV20>0,",",""),BW20,"A"),""),")"),"")),"") | BY71: =IF(BY20="G", CONCATENATE($D20, IF(BZ20+CA20>0,CONCATENATE(" (",BZ20,IF(CA20>0,CONCATENATE(IF(BZ20>0,",",""),CA20,"A"),""),")"),"")),"") | BZ71: =IF(BY20="D", CONCATENATE($D20, IF(BZ20+CA20>0,CONCATENATE(" (",BZ20,IF(CA20>0,CONCATENATE(IF(BZ20>0,",",""),CA20,"A"),""),")"),"")),"") | CA71: =IF(BY20="M", CONCATENATE($D20, IF(BZ20+CA20>0,CONCATENATE(" (",BZ20,IF(CA20>0,CONCATENATE(IF(BZ20>0,",",""),CA20,"A"),""),")"),"")),"") | CB71: =IF(BY20="A", CONCATENATE($D20, IF(BZ20+CA20>0,CONCATENATE(" (",BZ20,IF(CA20>0,CONCATENATE(IF(BZ20>0,",",""),CA20,"A"),""),")"),"")),"") | CC71: =IF(CC20="G", CONCATENATE($D20, IF(CD20+CE20>0,CONCATENATE(" (",CD20,IF(CE20>0,CONCATENATE(IF(CD20>0,",",""),CE20,"A"),""),")"),"")),"") | CD71: =IF(CC20="D", CONCATENATE($D20, IF(CD20+CE20>0,CONCATENATE(" (",CD20,IF(CE20>0,CONCATENATE(IF(CD20>0,",",""),CE20,"A"),""),")"),"")),"") -> David Copple | CE71: =IF(CC20="M", CONCATENATE($D20, IF(CD20+CE20>0,CONCATENATE(" (",CD20,IF(CE20>0,CONCATENATE(IF(CD20>0,",",""),CE20,"A"),""),")"),"")),"") | CF71: =IF(CC20="A", CONCATENATE($D20, IF(CD20+CE20>0,CONCATENATE(" (",CD20,IF(CE20>0,CONCATENATE(IF(CD20>0,",",""),CE20,"A"),""),")"),"")),"") | CG71: =IF(CG20="G", CONCATENATE($D20, IF(CH20+CI20>0,CONCATENATE(" (",CH20,IF(CI20>0,CONCATENATE(IF(CH20>0,",",""),CI20,"A"),""),")"),"")),"") | CH71: =IF(CG20="D", CONCATENATE($D20, IF(CH20+CI20>0,CONCATENATE(" (",CH20,IF(CI20>0,CONCATENATE(IF(CH20>0,",",""),CI20,"A"),""),")"),"")),"") -> David Copple | CI71: =IF(CG20="M", CONCATENATE($D20, IF(CH20+CI20>0,CONCATENATE(" (",CH20,IF(CI20>0,CONCATENATE(IF(CH20>0,",",""),CI20,"A"),""),")"),"")),"") | CJ71: =IF(CG20="A", CONCATENATE($D20, IF(CH20+CI20>0,CONCATENATE(" (",CH20,IF(CI20>0,CONCATENATE(IF(CH20>0,",",""),CI20,"A"),""),")"),"")),"")
G72: =G71+1 -> 12 | I72: =IF(I21="G", CONCATENATE($D21, IF(J21+K21>0,CONCATENATE(" (",J21,IF(K21>0,CONCATENATE(IF(J21>0,",",""),K21,"A"),""),")"),"")),"") | J72: =IF(I21="D", CONCATENATE($D21, IF(J21+K21>0,CONCATENATE(" (",J21,IF(K21>0,CONCATENATE(IF(J21>0,",",""),K21,"A"),""),")"),"")),"") | K72: =IF(I21="M", CONCATENATE($D21, IF(J21+K21>0,CONCATENATE(" (",J21,IF(K21>0,CONCATENATE(IF(J21>0,",",""),K21,"A"),""),")"),"")),"") | L72: =IF(I21="A", CONCATENATE($D21, IF(J21+K21>0,CONCATENATE(" (",J21,IF(K21>0,CONCATENATE(IF(J21>0,",",""),K21,"A"),""),")"),"")),"") | M72: =IF(M21="G", CONCATENATE($D21, IF(N21+O21>0,CONCATENATE(" (",N21,IF(O21>0,CONCATENATE(IF(N21>0,",",""),O21,"A"),""),")"),"")),"") | N72: =IF(M21="D", CONCATENATE($D21, IF(N21+O21>0,CONCATENATE(" (",N21,IF(O21>0,CONCATENATE(IF(N21>0,",",""),O21,"A"),""),")"),"")),"") | O72: =IF(M21="M", CONCATENATE($D21, IF(N21+O21>0,CONCATENATE(" (",N21,IF(O21>0,CONCATENATE(IF(N21>0,",",""),O21,"A"),""),")"),"")),"") -> Eddie Dale | P72: =IF(M21="A", CONCATENATE($D21, IF(N21+O21>0,CONCATENATE(" (",N21,IF(O21>0,CONCATENATE(IF(N21>0,",",""),O21,"A"),""),")"),"")),"") | Q72: =IF(Q21="G", CONCATENATE($D21, IF(R21+S21>0,CONCATENATE(" (",R21,IF(S21>0,CONCATENATE(IF(R21>0,",",""),S21,"A"),""),")"),"")),"") | R72: =IF(Q21="D", CONCATENATE($D21, IF(R21+S21>0,CONCATENATE(" (",R21,IF(S21>0,CONCATENATE(IF(R21>0,",",""),S21,"A"),""),")"),"")),"") | S72: =IF(Q21="M", CONCATENATE($D21, IF(R21+S21>0,CONCATENATE(" (",R21,IF(S21>0,CONCATENATE(IF(R21>0,",",""),S21,"A"),""),")"),"")),"") -> Eddie Dale | T72: =IF(Q21="A", CONCATENATE($D21, IF(R21+S21>0,CONCATENATE(" (",R21,IF(S21>0,CONCATENATE(IF(R21>0,",",""),S21,"A"),""),")"),"")),"") | U72: =IF(U21="G", CONCATENATE($D21, IF(V21+W21>0,CONCATENATE(" (",V21,IF(W21>0,CONCATENATE(IF(V21>0,",",""),W21,"A"),""),")"),"")),"") | V72: =IF(U21="D", CONCATENATE($D21, IF(V21+W21>0,CONCATENATE(" (",V21,IF(W21>0,CONCATENATE(IF(V21>0,",",""),W21,"A"),""),")"),"")),"") | W72: =IF(U21="M", CONCATENATE($D21, IF(V21+W21>0,CONCATENATE(" (",V21,IF(W21>0,CONCATENATE(IF(V21>0,",",""),W21,"A"),""),")"),"")),"") -> Eddie Dale | X72: =IF(U21="A", CONCATENATE($D21, IF(V21+W21>0,CONCATENATE(" (",V21,IF(W21>0,CONCATENATE(IF(V21>0,",",""),W21,"A"),""),")"),"")),"") | Y72: =IF(Y21="G", CONCATENATE($D21, IF(Z21+AA21>0,CONCATENATE(" (",Z21,IF(AA21>0,CONCATENATE(IF(Z21>0,",",""),AA21,"A"),""),")"),"")),"") | Z72: =IF(Y21="D", CONCATENATE($D21, IF(Z21+AA21>0,CONCATENATE(" (",Z21,IF(AA21>0,CONCATENATE(IF(Z21>0,",",""),AA21,"A"),""),")"),"")),"") | AA72: =IF(Y21="M", CONCATENATE($D21, IF(Z21+AA21>0,CONCATENATE(" (",Z21,IF(AA21>0,CONCATENATE(IF(Z21>0,",",""),AA21,"A"),""),")"),"")),"") -> Eddie Dale | AB72: =IF(Y21="A", CONCATENATE($D21, IF(Z21+AA21>0,CONCATENATE(" (",Z21,IF(AA21>0,CONCATENATE(IF(Z21>0,",",""),AA21,"A"),""),")"),"")),"") | AC72: =IF(AC21="G", CONCATENATE($D21, IF(AD21+AE21>0,CONCATENATE(" (",AD21,IF(AE21>0,CONCATENATE(IF(AD21>0,",",""),AE21,"A"),""),")"),"")),"") | AD72: =IF(AC21="D", CONCATENATE($D21, IF(AD21+AE21>0,CONCATENATE(" (",AD21,IF(AE21>0,CONCATENATE(IF(AD21>0,",",""),AE21,"A"),""),")"),"")),"") | AE72: =IF(AC21="M", CONCATENATE($D21, IF(AD21+AE21>0,CONCATENATE(" (",AD21,IF(AE21>0,CONCATENATE(IF(AD21>0,",",""),AE21,"A"),""),")"),"")),"") -> Eddie Dale | AF72: =IF(AC21="A", CONCATENATE($D21, IF(AD21+AE21>0,CONCATENATE(" (",AD21,IF(AE21>0,CONCATENATE(IF(AD21>0,",",""),AE21,"A"),""),")"),"")),"") | AG72: =IF(AG21="G", CONCATENATE($D21, IF(AH21+AI21>0,CONCATENATE(" (",AH21,IF(AI21>0,CONCATENATE(IF(AH21>0,",",""),AI21,"A"),""),")"),"")),"") | AH72: =IF(AG21="D", CONCATENATE($D21, IF(AH21+AI21>0,CONCATENATE(" (",AH21,IF(AI21>0,CONCATENATE(IF(AH21>0,",",""),AI21,"A"),""),")"),"")),"") | AI72: =IF(AG21="M", CONCATENATE($D21, IF(AH21+AI21>0,CONCATENATE(" (",AH21,IF(AI21>0,CONCATENATE(IF(AH21>0,",",""),AI21,"A"),""),")"),"")),"") | AJ72: =IF(AG21="A", CONCATENATE($D21, IF(AH21+AI21>0,CONCATENATE(" (",AH21,IF(AI21>0,CONCATENATE(IF(AH21>0,",",""),AI21,"A"),""),")"),"")),"") | AK72: =IF(AK21="G", CONCATENATE($D21, IF(AL21+AM21>0,CONCATENATE(" (",AL21,IF(AM21>0,CONCATENATE(IF(AL21>0,",",""),AM21,"A"),""),")"),"")),"") | AL72: =IF(AK21="D", CONCATENATE($D21, IF(AL21+AM21>0,CONCATENATE(" (",AL21,IF(AM21>0,CONCATENATE(IF(AL21>0,",",""),AM21,"A"),""),")"),"")),"") | AM72: =IF(AK21="M", CONCATENATE($D21, IF(AL21+AM21>0,CONCATENATE(" (",AL21,IF(AM21>0,CONCATENATE(IF(AL21>0,",",""),AM21,"A"),""),")"),"")),"") | AN72: =IF(AK21="A", CONCATENATE($D21, IF(AL21+AM21>0,CONCATENATE(" (",AL21,IF(AM21>0,CONCATENATE(IF(AL21>0,",",""),AM21,"A"),""),")"),"")),"") | AO72: =IF(AO21="G", CONCATENATE($D21, IF(AP21+AQ21>0,CONCATENATE(" (",AP21,IF(AQ21>0,CONCATENATE(IF(AP21>0,",",""),AQ21,"A"),""),")"),"")),"") | AP72: =IF(AO21="D", CONCATENATE($D21, IF(AP21+AQ21>0,CONCATENATE(" (",AP21,IF(AQ21>0,CONCATENATE(IF(AP21>0,",",""),AQ21,"A"),""),")"),"")),"") | AQ72: =IF(AO21="M", CONCATENATE($D21, IF(AP21+AQ21>0,CONCATENATE(" (",AP21,IF(AQ21>0,CONCATENATE(IF(AP21>0,",",""),AQ21,"A"),""),")"),"")),"") | AR72: =IF(AO21="A", CONCATENATE($D21, IF(AP21+AQ21>0,CONCATENATE(" (",AP21,IF(AQ21>0,CONCATENATE(IF(AP21>0,",",""),AQ21,"A"),""),")"),"")),"") | AS72: =IF(AS21="G", CONCATENATE($D21, IF(AT21+AU21>0,CONCATENATE(" (",AT21,IF(AU21>0,CONCATENATE(IF(AT21>0,",",""),AU21,"A"),""),")"),"")),"") | AT72: =IF(AS21="D", CONCATENATE($D21, IF(AT21+AU21>0,CONCATENATE(" (",AT21,IF(AU21>0,CONCATENATE(IF(AT21>0,",",""),AU21,"A"),""),")"),"")),"") | AU72: =IF(AS21="M", CONCATENATE($D21, IF(AT21+AU21>0,CONCATENATE(" (",AT21,IF(AU21>0,CONCATENATE(IF(AT21>0,",",""),AU21,"A"),""),")"),"")),"") | AV72: =IF(AS21="A", CONCATENATE($D21, IF(AT21+AU21>0,CONCATENATE(" (",AT21,IF(AU21>0,CONCATENATE(IF(AT21>0,",",""),AU21,"A"),""),")"),"")),"") | AW72: =IF(AW21="G", CONCATENATE($D21, IF(AX21+AY21>0,CONCATENATE(" (",AX21,IF(AY21>0,CONCATENATE(IF(AX21>0,",",""),AY21,"A"),""),")"),"")),"") | AX72: =IF(AW21="D", CONCATENATE($D21, IF(AX21+AY21>0,CONCATENATE(" (",AX21,IF(AY21>0,CONCATENATE(IF(AX21>0,",",""),AY21,"A"),""),")"),"")),"") | AY72: =IF(AW21="M", CONCATENATE($D21, IF(AX21+AY21>0,CONCATENATE(" (",AX21,IF(AY21>0,CONCATENATE(IF(AX21>0,",",""),AY21,"A"),""),")"),"")),"") | AZ72: =IF(AW21="A", CONCATENATE($D21, IF(AX21+AY21>0,CONCATENATE(" (",AX21,IF(AY21>0,CONCATENATE(IF(AX21>0,",",""),AY21,"A"),""),")"),"")),"") | BA72: =IF(BA21="G", CONCATENATE($D21, IF(BB21+BC21>0,CONCATENATE(" (",BB21,IF(BC21>0,CONCATENATE(IF(BB21>0,",",""),BC21,"A"),""),")"),"")),"") | BB72: =IF(BA21="D", CONCATENATE($D21, IF(BB21+BC21>0,CONCATENATE(" (",BB21,IF(BC21>0,CONCATENATE(IF(BB21>0,",",""),BC21,"A"),""),")"),"")),"") | BC72: =IF(BA21="M", CONCATENATE($D21, IF(BB21+BC21>0,CONCATENATE(" (",BB21,IF(BC21>0,CONCATENATE(IF(BB21>0,",",""),BC21,"A"),""),")"),"")),"") | BD72: =IF(BA21="A", CONCATENATE($D21, IF(BB21+BC21>0,CONCATENATE(" (",BB21,IF(BC21>0,CONCATENATE(IF(BB21>0,",",""),BC21,"A"),""),")"),"")),"") | BE72: =IF(BE21="G", CONCATENATE($D21, IF(BF21+BG21>0,CONCATENATE(" (",BF21,IF(BG21>0,CONCATENATE(IF(BF21>0,",",""),BG21,"A"),""),")"),"")),"") | BF72: =IF(BE21="D", CONCATENATE($D21, IF(BF21+BG21>0,CONCATENATE(" (",BF21,IF(BG21>0,CONCATENATE(IF(BF21>0,",",""),BG21,"A"),""),")"),"")),"") | BG72: =IF(BE21="M", CONCATENATE($D21, IF(BF21+BG21>0,CONCATENATE(" (",BF21,IF(BG21>0,CONCATENATE(IF(BF21>0,",",""),BG21,"A"),""),")"),"")),"") | BH72: =IF(BE21="A", CONCATENATE($D21, IF(BF21+BG21>0,CONCATENATE(" (",BF21,IF(BG21>0,CONCATENATE(IF(BF21>0,",",""),BG21,"A"),""),")"),"")),"") | BI72: =IF(BI21="G", CONCATENATE($D21, IF(BJ21+BK21>0,CONCATENATE(" (",BJ21,IF(BK21>0,CONCATENATE(IF(BJ21>0,",",""),BK21,"A"),""),")"),"")),"") | BJ72: =IF(BI21="D", CONCATENATE($D21, IF(BJ21+BK21>0,CONCATENATE(" (",BJ21,IF(BK21>0,CONCATENATE(IF(BJ21>0,",",""),BK21,"A"),""),")"),"")),"") | BK72: =IF(BI21="M", CONCATENATE($D21, IF(BJ21+BK21>0,CONCATENATE(" (",BJ21,IF(BK21>0,CONCATENATE(IF(BJ21>0,",",""),BK21,"A"),""),")"),"")),"") | BL72: =IF(BI21="A", CONCATENATE($D21, IF(BJ21+BK21>0,CONCATENATE(" (",BJ21,IF(BK21>0,CONCATENATE(IF(BJ21>0,",",""),BK21,"A"),""),")"),"")),"") | BM72: =IF(BM21="G", CONCATENATE($D21, IF(BN21+BO21>0,CONCATENATE(" (",BN21,IF(BO21>0,CONCATENATE(IF(BN21>0,",",""),BO21,"A"),""),")"),"")),"") | BN72: =IF(BM21="D", CONCATENATE($D21, IF(BN21+BO21>0,CONCATENATE(" (",BN21,IF(BO21>0,CONCATENATE(IF(BN21>0,",",""),BO21,"A"),""),")"),"")),"") | BO72: =IF(BM21="M", CONCATENATE($D21, IF(BN21+BO21>0,CONCATENATE(" (",BN21,IF(BO21>0,CONCATENATE(IF(BN21>0,",",""),BO21,"A"),""),")"),"")),"") | BP72: =IF(BM21="A", CONCATENATE($D21, IF(BN21+BO21>0,CONCATENATE(" (",BN21,IF(BO21>0,CONCATENATE(IF(BN21>0,",",""),BO21,"A"),""),")"),"")),"") | BQ72: =IF(BQ21="G", CONCATENATE($D21, IF(BR21+BS21>0,CONCATENATE(" (",BR21,IF(BS21>0,CONCATENATE(IF(BR21>0,",",""),BS21,"A"),""),")"),"")),"") | BR72: =IF(BQ21="D", CONCATENATE($D21, IF(BR21+BS21>0,CONCATENATE(" (",BR21,IF(BS21>0,CONCATENATE(IF(BR21>0,",",""),BS21,"A"),""),")"),"")),"") | BS72: =IF(BQ21="M", CONCATENATE($D21, IF(BR21+BS21>0,CONCATENATE(" (",BR21,IF(BS21>0,CONCATENATE(IF(BR21>0,",",""),BS21,"A"),""),")"),"")),"") | BT72: =IF(BQ21="A", CONCATENATE($D21, IF(BR21+BS21>0,CONCATENATE(" (",BR21,IF(BS21>0,CONCATENATE(IF(BR21>0,",",""),BS21,"A"),""),")"),"")),"") | BU72: =IF(BU21="G", CONCATENATE($D21, IF(BV21+BW21>0,CONCATENATE(" (",BV21,IF(BW21>0,CONCATENATE(IF(BV21>0,",",""),BW21,"A"),""),")"),"")),"") | BV72: =IF(BU21="D", CONCATENATE($D21, IF(BV21+BW21>0,CONCATENATE(" (",BV21,IF(BW21>0,CONCATENATE(IF(BV21>0,",",""),BW21,"A"),""),")"),"")),"") | BW72: =IF(BU21="M", CONCATENATE($D21, IF(BV21+BW21>0,CONCATENATE(" (",BV21,IF(BW21>0,CONCATENATE(IF(BV21>0,",",""),BW21,"A"),""),")"),"")),"") | BX72: =IF(BU21="A", CONCATENATE($D21, IF(BV21+BW21>0,CONCATENATE(" (",BV21,IF(BW21>0,CONCATENATE(IF(BV21>0,",",""),BW21,"A"),""),")"),"")),"") | BY72: =IF(BY21="G", CONCATENATE($D21, IF(BZ21+CA21>0,CONCATENATE(" (",BZ21,IF(CA21>0,CONCATENATE(IF(BZ21>0,",",""),CA21,"A"),""),")"),"")),"") | BZ72: =IF(BY21="D", CONCATENATE($D21, IF(BZ21+CA21>0,CONCATENATE(" (",BZ21,IF(CA21>0,CONCATENATE(IF(BZ21>0,",",""),CA21,"A"),""),")"),"")),"") | CA72: =IF(BY21="M", CONCATENATE($D21, IF(BZ21+CA21>0,CONCATENATE(" (",BZ21,IF(CA21>0,CONCATENATE(IF(BZ21>0,",",""),CA21,"A"),""),")"),"")),"") | CB72: =IF(BY21="A", CONCATENATE($D21, IF(BZ21+CA21>0,CONCATENATE(" (",BZ21,IF(CA21>0,CONCATENATE(IF(BZ21>0,",",""),CA21,"A"),""),")"),"")),"") | CC72: =IF(CC21="G", CONCATENATE($D21, IF(CD21+CE21>0,CONCATENATE(" (",CD21,IF(CE21>0,CONCATENATE(IF(CD21>0,",",""),CE21,"A"),""),")"),"")),"") | CD72: =IF(CC21="D", CONCATENATE($D21, IF(CD21+CE21>0,CONCATENATE(" (",CD21,IF(CE21>0,CONCATENATE(IF(CD21>0,",",""),CE21,"A"),""),")"),"")),"") | CE72: =IF(CC21="M", CONCATENATE($D21, IF(CD21+CE21>0,CONCATENATE(" (",CD21,IF(CE21>0,CONCATENATE(IF(CD21>0,",",""),CE21,"A"),""),")"),"")),"") | CF72: =IF(CC21="A", CONCATENATE($D21, IF(CD21+CE21>0,CONCATENATE(" (",CD21,IF(CE21>0,CONCATENATE(IF(CD21>0,",",""),CE21,"A"),""),")"),"")),"") | CG72: =IF(CG21="G", CONCATENATE($D21, IF(CH21+CI21>0,CONCATENATE(" (",CH21,IF(CI21>0,CONCATENATE(IF(CH21>0,",",""),CI21,"A"),""),")"),"")),"") | CH72: =IF(CG21="D", CONCATENATE($D21, IF(CH21+CI21>0,CONCATENATE(" (",CH21,IF(CI21>0,CONCATENATE(IF(CH21>0,",",""),CI21,"A"),""),")"),"")),"") | CI72: =IF(CG21="M", CONCATENATE($D21, IF(CH21+CI21>0,CONCATENATE(" (",CH21,IF(CI21>0,CONCATENATE(IF(CH21>0,",",""),CI21,"A"),""),")"),"")),"") | CJ72: =IF(CG21="A", CONCATENATE($D21, IF(CH21+CI21>0,CONCATENATE(" (",CH21,IF(CI21>0,CONCATENATE(IF(CH21>0,",",""),CI21,"A"),""),")"),"")),"")
G73: =G72+1 -> 13 | I73: =IF(I22="G", CONCATENATE($D22, IF(J22+K22>0,CONCATENATE(" (",J22,IF(K22>0,CONCATENATE(IF(J22>0,",",""),K22,"A"),""),")"),"")),"") | J73: =IF(I22="D", CONCATENATE($D22, IF(J22+K22>0,CONCATENATE(" (",J22,IF(K22>0,CONCATENATE(IF(J22>0,",",""),K22,"A"),""),")"),"")),"") | K73: =IF(I22="M", CONCATENATE($D22, IF(J22+K22>0,CONCATENATE(" (",J22,IF(K22>0,CONCATENATE(IF(J22>0,",",""),K22,"A"),""),")"),"")),"") | L73: =IF(I22="A", CONCATENATE($D22, IF(J22+K22>0,CONCATENATE(" (",J22,IF(K22>0,CONCATENATE(IF(J22>0,",",""),K22,"A"),""),")"),"")),"") | M73: =IF(M22="G", CONCATENATE($D22, IF(N22+O22>0,CONCATENATE(" (",N22,IF(O22>0,CONCATENATE(IF(N22>0,",",""),O22,"A"),""),")"),"")),"") | N73: =IF(M22="D", CONCATENATE($D22, IF(N22+O22>0,CONCATENATE(" (",N22,IF(O22>0,CONCATENATE(IF(N22>0,",",""),O22,"A"),""),")"),"")),"") | O73: =IF(M22="M", CONCATENATE($D22, IF(N22+O22>0,CONCATENATE(" (",N22,IF(O22>0,CONCATENATE(IF(N22>0,",",""),O22,"A"),""),")"),"")),"") | P73: =IF(M22="A", CONCATENATE($D22, IF(N22+O22>0,CONCATENATE(" (",N22,IF(O22>0,CONCATENATE(IF(N22>0,",",""),O22,"A"),""),")"),"")),"") | Q73: =IF(Q22="G", CONCATENATE($D22, IF(R22+S22>0,CONCATENATE(" (",R22,IF(S22>0,CONCATENATE(IF(R22>0,",",""),S22,"A"),""),")"),"")),"") | R73: =IF(Q22="D", CONCATENATE($D22, IF(R22+S22>0,CONCATENATE(" (",R22,IF(S22>0,CONCATENATE(IF(R22>0,",",""),S22,"A"),""),")"),"")),"") | S73: =IF(Q22="M", CONCATENATE($D22, IF(R22+S22>0,CONCATENATE(" (",R22,IF(S22>0,CONCATENATE(IF(R22>0,",",""),S22,"A"),""),")"),"")),"") -> Will Duval (1) | T73: =IF(Q22="A", CONCATENATE($D22, IF(R22+S22>0,CONCATENATE(" (",R22,IF(S22>0,CONCATENATE(IF(R22>0,",",""),S22,"A"),""),")"),"")),"") | U73: =IF(U22="G", CONCATENATE($D22, IF(V22+W22>0,CONCATENATE(" (",V22,IF(W22>0,CONCATENATE(IF(V22>0,",",""),W22,"A"),""),")"),"")),"") | V73: =IF(U22="D", CONCATENATE($D22, IF(V22+W22>0,CONCATENATE(" (",V22,IF(W22>0,CONCATENATE(IF(V22>0,",",""),W22,"A"),""),")"),"")),"") | W73: =IF(U22="M", CONCATENATE($D22, IF(V22+W22>0,CONCATENATE(" (",V22,IF(W22>0,CONCATENATE(IF(V22>0,",",""),W22,"A"),""),")"),"")),"") | X73: =IF(U22="A", CONCATENATE($D22, IF(V22+W22>0,CONCATENATE(" (",V22,IF(W22>0,CONCATENATE(IF(V22>0,",",""),W22,"A"),""),")"),"")),"") | Y73: =IF(Y22="G", CONCATENATE($D22, IF(Z22+AA22>0,CONCATENATE(" (",Z22,IF(AA22>0,CONCATENATE(IF(Z22>0,",",""),AA22,"A"),""),")"),"")),"") | Z73: =IF(Y22="D", CONCATENATE($D22, IF(Z22+AA22>0,CONCATENATE(" (",Z22,IF(AA22>0,CONCATENATE(IF(Z22>0,",",""),AA22,"A"),""),")"),"")),"") | AA73: =IF(Y22="M", CONCATENATE($D22, IF(Z22+AA22>0,CONCATENATE(" (",Z22,IF(AA22>0,CONCATENATE(IF(Z22>0,",",""),AA22,"A"),""),")"),"")),"") | AB73: =IF(Y22="A", CONCATENATE($D22, IF(Z22+AA22>0,CONCATENATE(" (",Z22,IF(AA22>0,CONCATENATE(IF(Z22>0,",",""),AA22,"A"),""),")"),"")),"") | AC73: =IF(AC22="G", CONCATENATE($D22, IF(AD22+AE22>0,CONCATENATE(" (",AD22,IF(AE22>0,CONCATENATE(IF(AD22>0,",",""),AE22,"A"),""),")"),"")),"") | AD73: =IF(AC22="D", CONCATENATE($D22, IF(AD22+AE22>0,CONCATENATE(" (",AD22,IF(AE22>0,CONCATENATE(IF(AD22>0,",",""),AE22,"A"),""),")"),"")),"") | AE73: =IF(AC22="M", CONCATENATE($D22, IF(AD22+AE22>0,CONCATENATE(" (",AD22,IF(AE22>0,CONCATENATE(IF(AD22>0,",",""),AE22,"A"),""),")"),"")),"") | AF73: =IF(AC22="A", CONCATENATE($D22, IF(AD22+AE22>0,CONCATENATE(" (",AD22,IF(AE22>0,CONCATENATE(IF(AD22>0,",",""),AE22,"A"),""),")"),"")),"") | AG73: =IF(AG22="G", CONCATENATE($D22, IF(AH22+AI22>0,CONCATENATE(" (",AH22,IF(AI22>0,CONCATENATE(IF(AH22>0,",",""),AI22,"A"),""),")"),"")),"") | AH73: =IF(AG22="D", CONCATENATE($D22, IF(AH22+AI22>0,CONCATENATE(" (",AH22,IF(AI22>0,CONCATENATE(IF(AH22>0,",",""),AI22,"A"),""),")"),"")),"") | AI73: =IF(AG22="M", CONCATENATE($D22, IF(AH22+AI22>0,CONCATENATE(" (",AH22,IF(AI22>0,CONCATENATE(IF(AH22>0,",",""),AI22,"A"),""),")"),"")),"") | AJ73: =IF(AG22="A", CONCATENATE($D22, IF(AH22+AI22>0,CONCATENATE(" (",AH22,IF(AI22>0,CONCATENATE(IF(AH22>0,",",""),AI22,"A"),""),")"),"")),"") | AK73: =IF(AK22="G", CONCATENATE($D22, IF(AL22+AM22>0,CONCATENATE(" (",AL22,IF(AM22>0,CONCATENATE(IF(AL22>0,",",""),AM22,"A"),""),")"),"")),"") | AL73: =IF(AK22="D", CONCATENATE($D22, IF(AL22+AM22>0,CONCATENATE(" (",AL22,IF(AM22>0,CONCATENATE(IF(AL22>0,",",""),AM22,"A"),""),")"),"")),"") | AM73: =IF(AK22="M", CONCATENATE($D22, IF(AL22+AM22>0,CONCATENATE(" (",AL22,IF(AM22>0,CONCATENATE(IF(AL22>0,",",""),AM22,"A"),""),")"),"")),"") | AN73: =IF(AK22="A", CONCATENATE($D22, IF(AL22+AM22>0,CONCATENATE(" (",AL22,IF(AM22>0,CONCATENATE(IF(AL22>0,",",""),AM22,"A"),""),")"),"")),"") | AO73: =IF(AO22="G", CONCATENATE($D22, IF(AP22+AQ22>0,CONCATENATE(" (",AP22,IF(AQ22>0,CONCATENATE(IF(AP22>0,",",""),AQ22,"A"),""),")"),"")),"") | AP73: =IF(AO22="D", CONCATENATE($D22, IF(AP22+AQ22>0,CONCATENATE(" (",AP22,IF(AQ22>0,CONCATENATE(IF(AP22>0,",",""),AQ22,"A"),""),")"),"")),"") | AQ73: =IF(AO22="M", CONCATENATE($D22, IF(AP22+AQ22>0,CONCATENATE(" (",AP22,IF(AQ22>0,CONCATENATE(IF(AP22>0,",",""),AQ22,"A"),""),")"),"")),"") | AR73: =IF(AO22="A", CONCATENATE($D22, IF(AP22+AQ22>0,CONCATENATE(" (",AP22,IF(AQ22>0,CONCATENATE(IF(AP22>0,",",""),AQ22,"A"),""),")"),"")),"") | AS73: =IF(AS22="G", CONCATENATE($D22, IF(AT22+AU22>0,CONCATENATE(" (",AT22,IF(AU22>0,CONCATENATE(IF(AT22>0,",",""),AU22,"A"),""),")"),"")),"") | AT73: =IF(AS22="D", CONCATENATE($D22, IF(AT22+AU22>0,CONCATENATE(" (",AT22,IF(AU22>0,CONCATENATE(IF(AT22>0,",",""),AU22,"A"),""),")"),"")),"") | AU73: =IF(AS22="M", CONCATENATE($D22, IF(AT22+AU22>0,CONCATENATE(" (",AT22,IF(AU22>0,CONCATENATE(IF(AT22>0,",",""),AU22,"A"),""),")"),"")),"") | AV73: =IF(AS22="A", CONCATENATE($D22, IF(AT22+AU22>0,CONCATENATE(" (",AT22,IF(AU22>0,CONCATENATE(IF(AT22>0,",",""),AU22,"A"),""),")"),"")),"") | AW73: =IF(AW22="G", CONCATENATE($D22, IF(AX22+AY22>0,CONCATENATE(" (",AX22,IF(AY22>0,CONCATENATE(IF(AX22>0,",",""),AY22,"A"),""),")"),"")),"") | AX73: =IF(AW22="D", CONCATENATE($D22, IF(AX22+AY22>0,CONCATENATE(" (",AX22,IF(AY22>0,CONCATENATE(IF(AX22>0,",",""),AY22,"A"),""),")"),"")),"") | AY73: =IF(AW22="M", CONCATENATE($D22, IF(AX22+AY22>0,CONCATENATE(" (",AX22,IF(AY22>0,CONCATENATE(IF(AX22>0,",",""),AY22,"A"),""),")"),"")),"") | AZ73: =IF(AW22="A", CONCATENATE($D22, IF(AX22+AY22>0,CONCATENATE(" (",AX22,IF(AY22>0,CONCATENATE(IF(AX22>0,",",""),AY22,"A"),""),")"),"")),"") | BA73: =IF(BA22="G", CONCATENATE($D22, IF(BB22+BC22>0,CONCATENATE(" (",BB22,IF(BC22>0,CONCATENATE(IF(BB22>0,",",""),BC22,"A"),""),")"),"")),"") | BB73: =IF(BA22="D", CONCATENATE($D22, IF(BB22+BC22>0,CONCATENATE(" (",BB22,IF(BC22>0,CONCATENATE(IF(BB22>0,",",""),BC22,"A"),""),")"),"")),"") | BC73: =IF(BA22="M", CONCATENATE($D22, IF(BB22+BC22>0,CONCATENATE(" (",BB22,IF(BC22>0,CONCATENATE(IF(BB22>0,",",""),BC22,"A"),""),")"),"")),"") | BD73: =IF(BA22="A", CONCATENATE($D22, IF(BB22+BC22>0,CONCATENATE(" (",BB22,IF(BC22>0,CONCATENATE(IF(BB22>0,",",""),BC22,"A"),""),")"),"")),"") | BE73: =IF(BE22="G", CONCATENATE($D22, IF(BF22+BG22>0,CONCATENATE(" (",BF22,IF(BG22>0,CONCATENATE(IF(BF22>0,",",""),BG22,"A"),""),")"),"")),"") | BF73: =IF(BE22="D", CONCATENATE($D22, IF(BF22+BG22>0,CONCATENATE(" (",BF22,IF(BG22>0,CONCATENATE(IF(BF22>0,",",""),BG22,"A"),""),")"),"")),"") | BG73: =IF(BE22="M", CONCATENATE($D22, IF(BF22+BG22>0,CONCATENATE(" (",BF22,IF(BG22>0,CONCATENATE(IF(BF22>0,",",""),BG22,"A"),""),")"),"")),"") | BH73: =IF(BE22="A", CONCATENATE($D22, IF(BF22+BG22>0,CONCATENATE(" (",BF22,IF(BG22>0,CONCATENATE(IF(BF22>0,",",""),BG22,"A"),""),")"),"")),"") | BI73: =IF(BI22="G", CONCATENATE($D22, IF(BJ22+BK22>0,CONCATENATE(" (",BJ22,IF(BK22>0,CONCATENATE(IF(BJ22>0,",",""),BK22,"A"),""),")"),"")),"") | BJ73: =IF(BI22="D", CONCATENATE($D22, IF(BJ22+BK22>0,CONCATENATE(" (",BJ22,IF(BK22>0,CONCATENATE(IF(BJ22>0,",",""),BK22,"A"),""),")"),"")),"") | BK73: =IF(BI22="M", CONCATENATE($D22, IF(BJ22+BK22>0,CONCATENATE(" (",BJ22,IF(BK22>0,CONCATENATE(IF(BJ22>0,",",""),BK22,"A"),""),")"),"")),"") | BL73: =IF(BI22="A", CONCATENATE($D22, IF(BJ22+BK22>0,CONCATENATE(" (",BJ22,IF(BK22>0,CONCATENATE(IF(BJ22>0,",",""),BK22,"A"),""),")"),"")),"") | BM73: =IF(BM22="G", CONCATENATE($D22, IF(BN22+BO22>0,CONCATENATE(" (",BN22,IF(BO22>0,CONCATENATE(IF(BN22>0,",",""),BO22,"A"),""),")"),"")),"") | BN73: =IF(BM22="D", CONCATENATE($D22, IF(BN22+BO22>0,CONCATENATE(" (",BN22,IF(BO22>0,CONCATENATE(IF(BN22>0,",",""),BO22,"A"),""),")"),"")),"") | BO73: =IF(BM22="M", CONCATENATE($D22, IF(BN22+BO22>0,CONCATENATE(" (",BN22,IF(BO22>0,CONCATENATE(IF(BN22>0,",",""),BO22,"A"),""),")"),"")),"") | BP73: =IF(BM22="A", CONCATENATE($D22, IF(BN22+BO22>0,CONCATENATE(" (",BN22,IF(BO22>0,CONCATENATE(IF(BN22>0,",",""),BO22,"A"),""),")"),"")),"") | BQ73: =IF(BQ22="G", CONCATENATE($D22, IF(BR22+BS22>0,CONCATENATE(" (",BR22,IF(BS22>0,CONCATENATE(IF(BR22>0,",",""),BS22,"A"),""),")"),"")),"") | BR73: =IF(BQ22="D", CONCATENATE($D22, IF(BR22+BS22>0,CONCATENATE(" (",BR22,IF(BS22>0,CONCATENATE(IF(BR22>0,",",""),BS22,"A"),""),")"),"")),"") | BS73: =IF(BQ22="M", CONCATENATE($D22, IF(BR22+BS22>0,CONCATENATE(" (",BR22,IF(BS22>0,CONCATENATE(IF(BR22>0,",",""),BS22,"A"),""),")"),"")),"") | BT73: =IF(BQ22="A", CONCATENATE($D22, IF(BR22+BS22>0,CONCATENATE(" (",BR22,IF(BS22>0,CONCATENATE(IF(BR22>0,",",""),BS22,"A"),""),")"),"")),"") | BU73: =IF(BU22="G", CONCATENATE($D22, IF(BV22+BW22>0,CONCATENATE(" (",BV22,IF(BW22>0,CONCATENATE(IF(BV22>0,",",""),BW22,"A"),""),")"),"")),"") | BV73: =IF(BU22="D", CONCATENATE($D22, IF(BV22+BW22>0,CONCATENATE(" (",BV22,IF(BW22>0,CONCATENATE(IF(BV22>0,",",""),BW22,"A"),""),")"),"")),"") | BW73: =IF(BU22="M", CONCATENATE($D22, IF(BV22+BW22>0,CONCATENATE(" (",BV22,IF(BW22>0,CONCATENATE(IF(BV22>0,",",""),BW22,"A"),""),")"),"")),"") | BX73: =IF(BU22="A", CONCATENATE($D22, IF(BV22+BW22>0,CONCATENATE(" (",BV22,IF(BW22>0,CONCATENATE(IF(BV22>0,",",""),BW22,"A"),""),")"),"")),"") | BY73: =IF(BY22="G", CONCATENATE($D22, IF(BZ22+CA22>0,CONCATENATE(" (",BZ22,IF(CA22>0,CONCATENATE(IF(BZ22>0,",",""),CA22,"A"),""),")"),"")),"") | BZ73: =IF(BY22="D", CONCATENATE($D22, IF(BZ22+CA22>0,CONCATENATE(" (",BZ22,IF(CA22>0,CONCATENATE(IF(BZ22>0,",",""),CA22,"A"),""),")"),"")),"") | CA73: =IF(BY22="M", CONCATENATE($D22, IF(BZ22+CA22>0,CONCATENATE(" (",BZ22,IF(CA22>0,CONCATENATE(IF(BZ22>0,",",""),CA22,"A"),""),")"),"")),"") | CB73: =IF(BY22="A", CONCATENATE($D22, IF(BZ22+CA22>0,CONCATENATE(" (",BZ22,IF(CA22>0,CONCATENATE(IF(BZ22>0,",",""),CA22,"A"),""),")"),"")),"") | CC73: =IF(CC22="G", CONCATENATE($D22, IF(CD22+CE22>0,CONCATENATE(" (",CD22,IF(CE22>0,CONCATENATE(IF(CD22>0,",",""),CE22,"A"),""),")"),"")),"") | CD73: =IF(CC22="D", CONCATENATE($D22, IF(CD22+CE22>0,CONCATENATE(" (",CD22,IF(CE22>0,CONCATENATE(IF(CD22>0,",",""),CE22,"A"),""),")"),"")),"") | CE73: =IF(CC22="M", CONCATENATE($D22, IF(CD22+CE22>0,CONCATENATE(" (",CD22,IF(CE22>0,CONCATENATE(IF(CD22>0,",",""),CE22,"A"),""),")"),"")),"") | CF73: =IF(CC22="A", CONCATENATE($D22, IF(CD22+CE22>0,CONCATENATE(" (",CD22,IF(CE22>0,CONCATENATE(IF(CD22>0,",",""),CE22,"A"),""),")"),"")),"") | CG73: =IF(CG22="G", CONCATENATE($D22, IF(CH22+CI22>0,CONCATENATE(" (",CH22,IF(CI22>0,CONCATENATE(IF(CH22>0,",",""),CI22,"A"),""),")"),"")),"") | CH73: =IF(CG22="D", CONCATENATE($D22, IF(CH22+CI22>0,CONCATENATE(" (",CH22,IF(CI22>0,CONCATENATE(IF(CH22>0,",",""),CI22,"A"),""),")"),"")),"") | CI73: =IF(CG22="M", CONCATENATE($D22, IF(CH22+CI22>0,CONCATENATE(" (",CH22,IF(CI22>0,CONCATENATE(IF(CH22>0,",",""),CI22,"A"),""),")"),"")),"") | CJ73: =IF(CG22="A", CONCATENATE($D22, IF(CH22+CI22>0,CONCATENATE(" (",CH22,IF(CI22>0,CONCATENATE(IF(CH22>0,",",""),CI22,"A"),""),")"),"")),"")
... G100: =G99+1 -> 40 | I100: =IF(I49="G", CONCATENATE($D49, IF(J49+K49>0,CONCATENATE(" (",J49,IF(K49>0,CONCATENATE(IF(J49>0,",",""),K49,"A"),""),")"),"")),"") | J100: =IF(I49="D", CONCATENATE($D49, IF(J49+K49>0,CONCATENATE(" (",J49,IF(K49>0,CONCATENATE(IF(J49>0,",",""),K49,"A"),""),")"),"")),"") | K100: =IF(I49="M", CONCATENATE($D49, IF(J49+K49>0,CONCATENATE(" (",J49,IF(K49>0,CONCATENATE(IF(J49>0,",",""),K49,"A"),""),")"),"")),"") | L100: =IF(I49="A", CONCATENATE($D49, IF(J49+K49>0,CONCATENATE(" (",J49,IF(K49>0,CONCATENATE(IF(J49>0,",",""),K49,"A"),""),")"),"")),"") | M100: =IF(M49="G", CONCATENATE($D49, IF(N49+O49>0,CONCATENATE(" (",N49,IF(O49>0,CONCATENATE(IF(N49>0,",",""),O49,"A"),""),")"),"")),"") | N100: =IF(M49="D", CONCATENATE($D49, IF(N49+O49>0,CONCATENATE(" (",N49,IF(O49>0,CONCATENATE(IF(N49>0,",",""),O49,"A"),""),")"),"")),"") | O100: =IF(M49="M", CONCATENATE($D49, IF(N49+O49>0,CONCATENATE(" (",N49,IF(O49>0,CONCATENATE(IF(N49>0,",",""),O49,"A"),""),")"),"")),"") | P100: =IF(M49="A", CONCATENATE($D49, IF(N49+O49>0,CONCATENATE(" (",N49,IF(O49>0,CONCATENATE(IF(N49>0,",",""),O49,"A"),""),")"),"")),"") | Q100: =IF(Q49="G", CONCATENATE($D49, IF(R49+S49>0,CONCATENATE(" (",R49,IF(S49>0,CONCATENATE(IF(R49>0,",",""),S49,"A"),""),")"),"")),"") | R100: =IF(Q49="D", CONCATENATE($D49, IF(R49+S49>0,CONCATENATE(" (",R49,IF(S49>0,CONCATENATE(IF(R49>0,",",""),S49,"A"),""),")"),"")),"") | S100: =IF(Q49="M", CONCATENATE($D49, IF(R49+S49>0,CONCATENATE(" (",R49,IF(S49>0,CONCATENATE(IF(R49>0,",",""),S49,"A"),""),")"),"")),"") | T100: =IF(Q49="A", CONCATENATE($D49, IF(R49+S49>0,CONCATENATE(" (",R49,IF(S49>0,CONCATENATE(IF(R49>0,",",""),S49,"A"),""),")"),"")),"") | U100: =IF(U49="G", CONCATENATE($D49, IF(V49+W49>0,CONCATENATE(" (",V49,IF(W49>0,CONCATENATE(IF(V49>0,",",""),W49,"A"),""),")"),"")),"") | V100: =IF(U49="D", CONCATENATE($D49, IF(V49+W49>0,CONCATENATE(" (",V49,IF(W49>0,CONCATENATE(IF(V49>0,",",""),W49,"A"),""),")"),"")),"") | W100: =IF(U49="M", CONCATENATE($D49, IF(V49+W49>0,CONCATENATE(" (",V49,IF(W49>0,CONCATENATE(IF(V49>0,",",""),W49,"A"),""),")"),"")),"") | X100: =IF(U49="A", CONCATENATE($D49, IF(V49+W49>0,CONCATENATE(" (",V49,IF(W49>0,CONCATENATE(IF(V49>0,",",""),W49,"A"),""),")"),"")),"") | Y100: =IF(Y49="G", CONCATENATE($D49, IF(Z49+AA49>0,CONCATENATE(" (",Z49,IF(AA49>0,CONCATENATE(IF(Z49>0,",",""),AA49,"A"),""),")"),"")),"") | Z100: =IF(Y49="D", CONCATENATE($D49, IF(Z49+AA49>0,CONCATENATE(" (",Z49,IF(AA49>0,CONCATENATE(IF(Z49>0,",",""),AA49,"A"),""),")"),"")),"") | AA100: =IF(Y49="M", CONCATENATE($D49, IF(Z49+AA49>0,CONCATENATE(" (",Z49,IF(AA49>0,CONCATENATE(IF(Z49>0,",",""),AA49,"A"),""),")"),"")),"") | AB100: =IF(Y49="A", CONCATENATE($D49, IF(Z49+AA49>0,CONCATENATE(" (",Z49,IF(AA49>0,CONCATENATE(IF(Z49>0,",",""),AA49,"A"),""),")"),"")),"") | AC100: =IF(AC49="G", CONCATENATE($D49, IF(AD49+AE49>0,CONCATENATE(" (",AD49,IF(AE49>0,CONCATENATE(IF(AD49>0,",",""),AE49,"A"),""),")"),"")),"") | AD100: =IF(AC49="D", CONCATENATE($D49, IF(AD49+AE49>0,CONCATENATE(" (",AD49,IF(AE49>0,CONCATENATE(IF(AD49>0,",",""),AE49,"A"),""),")"),"")),"") | AE100: =IF(AC49="M", CONCATENATE($D49, IF(AD49+AE49>0,CONCATENATE(" (",AD49,IF(AE49>0,CONCATENATE(IF(AD49>0,",",""),AE49,"A"),""),")"),"")),"") | AF100: =IF(AC49="A", CONCATENATE($D49, IF(AD49+AE49>0,CONCATENATE(" (",AD49,IF(AE49>0,CONCATENATE(IF(AD49>0,",",""),AE49,"A"),""),")"),"")),"") | AG100: =IF(AG49="G", CONCATENATE($D49, IF(AH49+AI49>0,CONCATENATE(" (",AH49,IF(AI49>0,CONCATENATE(IF(AH49>0,",",""),AI49,"A"),""),")"),"")),"") | AH100: =IF(AG49="D", CONCATENATE($D49, IF(AH49+AI49>0,CONCATENATE(" (",AH49,IF(AI49>0,CONCATENATE(IF(AH49>0,",",""),AI49,"A"),""),")"),"")),"") | AI100: =IF(AG49="M", CONCATENATE($D49, IF(AH49+AI49>0,CONCATENATE(" (",AH49,IF(AI49>0,CONCATENATE(IF(AH49>0,",",""),AI49,"A"),""),")"),"")),"") | AJ100: =IF(AG49="A", CONCATENATE($D49, IF(AH49+AI49>0,CONCATENATE(" (",AH49,IF(AI49>0,CONCATENATE(IF(AH49>0,",",""),AI49,"A"),""),")"),"")),"") | AK100: =IF(AK49="G", CONCATENATE($D49, IF(AL49+AM49>0,CONCATENATE(" (",AL49,IF(AM49>0,CONCATENATE(IF(AL49>0,",",""),AM49,"A"),""),")"),"")),"") | AL100: =IF(AK49="D", CONCATENATE($D49, IF(AL49+AM49>0,CONCATENATE(" (",AL49,IF(AM49>0,CONCATENATE(IF(AL49>0,",",""),AM49,"A"),""),")"),"")),"") | AM100: =IF(AK49="M", CONCATENATE($D49, IF(AL49+AM49>0,CONCATENATE(" (",AL49,IF(AM49>0,CONCATENATE(IF(AL49>0,",",""),AM49,"A"),""),")"),"")),"") | AN100: =IF(AK49="A", CONCATENATE($D49, IF(AL49+AM49>0,CONCATENATE(" (",AL49,IF(AM49>0,CONCATENATE(IF(AL49>0,",",""),AM49,"A"),""),")"),"")),"") | AO100: =IF(AO49="G", CONCATENATE($D49, IF(AP49+AQ49>0,CONCATENATE(" (",AP49,IF(AQ49>0,CONCATENATE(IF(AP49>0,",",""),AQ49,"A"),""),")"),"")),"") | AP100: =IF(AO49="D", CONCATENATE($D49, IF(AP49+AQ49>0,CONCATENATE(" (",AP49,IF(AQ49>0,CONCATENATE(IF(AP49>0,",",""),AQ49,"A"),""),")"),"")),"") | AQ100: =IF(AO49="M", CONCATENATE($D49, IF(AP49+AQ49>0,CONCATENATE(" (",AP49,IF(AQ49>0,CONCATENATE(IF(AP49>0,",",""),AQ49,"A"),""),")"),"")),"") | AR100: =IF(AO49="A", CONCATENATE($D49, IF(AP49+AQ49>0,CONCATENATE(" (",AP49,IF(AQ49>0,CONCATENATE(IF(AP49>0,",",""),AQ49,"A"),""),")"),"")),"") | AS100: =IF(AS49="G", CONCATENATE($D49, IF(AT49+AU49>0,CONCATENATE(" (",AT49,IF(AU49>0,CONCATENATE(IF(AT49>0,",",""),AU49,"A"),""),")"),"")),"") | AT100: =IF(AS49="D", CONCATENATE($D49, IF(AT49+AU49>0,CONCATENATE(" (",AT49,IF(AU49>0,CONCATENATE(IF(AT49>0,",",""),AU49,"A"),""),")"),"")),"") | AU100: =IF(AS49="M", CONCATENATE($D49, IF(AT49+AU49>0,CONCATENATE(" (",AT49,IF(AU49>0,CONCATENATE(IF(AT49>0,",",""),AU49,"A"),""),")"),"")),"") | AV100: =IF(AS49="A", CONCATENATE($D49, IF(AT49+AU49>0,CONCATENATE(" (",AT49,IF(AU49>0,CONCATENATE(IF(AT49>0,",",""),AU49,"A"),""),")"),"")),"") | AW100: =IF(AW49="G", CONCATENATE($D49, IF(AX49+AY49>0,CONCATENATE(" (",AX49,IF(AY49>0,CONCATENATE(IF(AX49>0,",",""),AY49,"A"),""),")"),"")),"") | AX100: =IF(AW49="D", CONCATENATE($D49, IF(AX49+AY49>0,CONCATENATE(" (",AX49,IF(AY49>0,CONCATENATE(IF(AX49>0,",",""),AY49,"A"),""),")"),"")),"") | AY100: =IF(AW49="M", CONCATENATE($D49, IF(AX49+AY49>0,CONCATENATE(" (",AX49,IF(AY49>0,CONCATENATE(IF(AX49>0,",",""),AY49,"A"),""),")"),"")),"") | AZ100: =IF(AW49="A", CONCATENATE($D49, IF(AX49+AY49>0,CONCATENATE(" (",AX49,IF(AY49>0,CONCATENATE(IF(AX49>0,",",""),AY49,"A"),""),")"),"")),"") | BA100: =IF(BA49="G", CONCATENATE($D49, IF(BB49+BC49>0,CONCATENATE(" (",BB49,IF(BC49>0,CONCATENATE(IF(BB49>0,",",""),BC49,"A"),""),")"),"")),"") | BB100: =IF(BA49="D", CONCATENATE($D49, IF(BB49+BC49>0,CONCATENATE(" (",BB49,IF(BC49>0,CONCATENATE(IF(BB49>0,",",""),BC49,"A"),""),")"),"")),"") | BC100: =IF(BA49="M", CONCATENATE($D49, IF(BB49+BC49>0,CONCATENATE(" (",BB49,IF(BC49>0,CONCATENATE(IF(BB49>0,",",""),BC49,"A"),""),")"),"")),"") | BD100: =IF(BA49="A", CONCATENATE($D49, IF(BB49+BC49>0,CONCATENATE(" (",BB49,IF(BC49>0,CONCATENATE(IF(BB49>0,",",""),BC49,"A"),""),")"),"")),"") | BE100: =IF(BE49="G", CONCATENATE($D49, IF(BF49+BG49>0,CONCATENATE(" (",BF49,IF(BG49>0,CONCATENATE(IF(BF49>0,",",""),BG49,"A"),""),")"),"")),"") | BF100: =IF(BE49="D", CONCATENATE($D49, IF(BF49+BG49>0,CONCATENATE(" (",BF49,IF(BG49>0,CONCATENATE(IF(BF49>0,",",""),BG49,"A"),""),")"),"")),"") | BG100: =IF(BE49="M", CONCATENATE($D49, IF(BF49+BG49>0,CONCATENATE(" (",BF49,IF(BG49>0,CONCATENATE(IF(BF49>0,",",""),BG49,"A"),""),")"),"")),"") | BH100: =IF(BE49="A", CONCATENATE($D49, IF(BF49+BG49>0,CONCATENATE(" (",BF49,IF(BG49>0,CONCATENATE(IF(BF49>0,",",""),BG49,"A"),""),")"),"")),"") | BI100: =IF(BI49="G", CONCATENATE($D49, IF(BJ49+BK49>0,CONCATENATE(" (",BJ49,IF(BK49>0,CONCATENATE(IF(BJ49>0,",",""),BK49,"A"),""),")"),"")),"") | BJ100: =IF(BI49="D", CONCATENATE($D49, IF(BJ49+BK49>0,CONCATENATE(" (",BJ49,IF(BK49>0,CONCATENATE(IF(BJ49>0,",",""),BK49,"A"),""),")"),"")),"") | BK100: =IF(BI49="M", CONCATENATE($D49, IF(BJ49+BK49>0,CONCATENATE(" (",BJ49,IF(BK49>0,CONCATENATE(IF(BJ49>0,",",""),BK49,"A"),""),")"),"")),"") | BL100: =IF(BI49="A", CONCATENATE($D49, IF(BJ49+BK49>0,CONCATENATE(" (",BJ49,IF(BK49>0,CONCATENATE(IF(BJ49>0,",",""),BK49,"A"),""),")"),"")),"") | BM100: =IF(BM49="G", CONCATENATE($D49, IF(BN49+BO49>0,CONCATENATE(" (",BN49,IF(BO49>0,CONCATENATE(IF(BN49>0,",",""),BO49,"A"),""),")"),"")),"") | BN100: =IF(BM49="D", CONCATENATE($D49, IF(BN49+BO49>0,CONCATENATE(" (",BN49,IF(BO49>0,CONCATENATE(IF(BN49>0,",",""),BO49,"A"),""),")"),"")),"") | BO100: =IF(BM49="M", CONCATENATE($D49, IF(BN49+BO49>0,CONCATENATE(" (",BN49,IF(BO49>0,CONCATENATE(IF(BN49>0,",",""),BO49,"A"),""),")"),"")),"") | BP100: =IF(BM49="A", CONCATENATE($D49, IF(BN49+BO49>0,CONCATENATE(" (",BN49,IF(BO49>0,CONCATENATE(IF(BN49>0,",",""),BO49,"A"),""),")"),"")),"") | BQ100: =IF(BQ49="G", CONCATENATE($D49, IF(BR49+BS49>0,CONCATENATE(" (",BR49,IF(BS49>0,CONCATENATE(IF(BR49>0,",",""),BS49,"A"),""),")"),"")),"") | BR100: =IF(BQ49="D", CONCATENATE($D49, IF(BR49+BS49>0,CONCATENATE(" (",BR49,IF(BS49>0,CONCATENATE(IF(BR49>0,",",""),BS49,"A"),""),")"),"")),"") | BS100: =IF(BQ49="M", CONCATENATE($D49, IF(BR49+BS49>0,CONCATENATE(" (",BR49,IF(BS49>0,CONCATENATE(IF(BR49>0,",",""),BS49,"A"),""),")"),"")),"") | BT100: =IF(BQ49="A", CONCATENATE($D49, IF(BR49+BS49>0,CONCATENATE(" (",BR49,IF(BS49>0,CONCATENATE(IF(BR49>0,",",""),BS49,"A"),""),")"),"")),"") | BU100: =IF(BU49="G", CONCATENATE($D49, IF(BV49+BW49>0,CONCATENATE(" (",BV49,IF(BW49>0,CONCATENATE(IF(BV49>0,",",""),BW49,"A"),""),")"),"")),"") | BV100: =IF(BU49="D", CONCATENATE($D49, IF(BV49+BW49>0,CONCATENATE(" (",BV49,IF(BW49>0,CONCATENATE(IF(BV49>0,",",""),BW49,"A"),""),")"),"")),"") | BW100: =IF(BU49="M", CONCATENATE($D49, IF(BV49+BW49>0,CONCATENATE(" (",BV49,IF(BW49>0,CONCATENATE(IF(BV49>0,",",""),BW49,"A"),""),")"),"")),"") | BX100: =IF(BU49="A", CONCATENATE($D49, IF(BV49+BW49>0,CONCATENATE(" (",BV49,IF(BW49>0,CONCATENATE(IF(BV49>0,",",""),BW49,"A"),""),")"),"")),"") | BY100: =IF(BY49="G", CONCATENATE($D49, IF(BZ49+CA49>0,CONCATENATE(" (",BZ49,IF(CA49>0,CONCATENATE(IF(BZ49>0,",",""),CA49,"A"),""),")"),"")),"") | BZ100: =IF(BY49="D", CONCATENATE($D49, IF(BZ49+CA49>0,CONCATENATE(" (",BZ49,IF(CA49>0,CONCATENATE(IF(BZ49>0,",",""),CA49,"A"),""),")"),"")),"") | CA100: =IF(BY49="M", CONCATENATE($D49, IF(BZ49+CA49>0,CONCATENATE(" (",BZ49,IF(CA49>0,CONCATENATE(IF(BZ49>0,",",""),CA49,"A"),""),")"),"")),"") | CB100: =IF(BY49="A", CONCATENATE($D49, IF(BZ49+CA49>0,CONCATENATE(" (",BZ49,IF(CA49>0,CONCATENATE(IF(BZ49>0,",",""),CA49,"A"),""),")"),"")),"") | CC100: =IF(CC49="G", CONCATENATE($D49, IF(CD49+CE49>0,CONCATENATE(" (",CD49,IF(CE49>0,CONCATENATE(IF(CD49>0,",",""),CE49,"A"),""),")"),"")),"") | CD100: =IF(CC49="D", CONCATENATE($D49, IF(CD49+CE49>0,CONCATENATE(" (",CD49,IF(CE49>0,CONCATENATE(IF(CD49>0,",",""),CE49,"A"),""),")"),"")),"") | CE100: =IF(CC49="M", CONCATENATE($D49, IF(CD49+CE49>0,CONCATENATE(" (",CD49,IF(CE49>0,CONCATENATE(IF(CD49>0,",",""),CE49,"A"),""),")"),"")),"") | CF100: =IF(CC49="A", CONCATENATE($D49, IF(CD49+CE49>0,CONCATENATE(" (",CD49,IF(CE49>0,CONCATENATE(IF(CD49>0,",",""),CE49,"A"),""),")"),"")),"") | CG100: =IF(CG49="G", CONCATENATE($D49, IF(CH49+CI49>0,CONCATENATE(" (",CH49,IF(CI49>0,CONCATENATE(IF(CH49>0,",",""),CI49,"A"),""),")"),"")),"") | CH100: =IF(CG49="D", CONCATENATE($D49, IF(CH49+CI49>0,CONCATENATE(" (",CH49,IF(CI49>0,CONCATENATE(IF(CH49>0,",",""),CI49,"A"),""),")"),"")),"") | CI100: =IF(CG49="M", CONCATENATE($D49, IF(CH49+CI49>0,CONCATENATE(" (",CH49,IF(CI49>0,CONCATENATE(IF(CH49>0,",",""),CI49,"A"),""),")"),"")),"") | CJ100: =IF(CG49="A", CONCATENATE($D49, IF(CH49+CI49>0,CONCATENATE(" (",CH49,IF(CI49>0,CONCATENATE(IF(CH49>0,",",""),CI49,"A"),""),")"),"")),"")
E101: =COUNTIF(C10:C49,"<>") -> 35 | H101: END
G102: 1 | I102: =I61 | J102: =J61 | K102: =K61 | L102: =L61 | M102: =M61 | N102: =N61 | O102: =O61 | P102: =P61 | ... CJ102: =CJ61
G103: =G102+1 -> 2 | I103: =IF(I62="",I102,IF(I102="",I62,I102&", "&I62)) | J103: =IF(J62="",J102,IF(J102="",J62,J102&", "&J62)) | K103: =IF(K62="",K102,IF(K102="",K62,K102&", "&K62)) | L103: =IF(L62="",L102,IF(L102="",L62,L102&", "&L62)) | M103: =IF(M62="",M102,IF(M102="",M62,M102&", "&M62)) | N103: =IF(N62="",N102,IF(N102="",N62,N102&", "&N62)) | O103: =IF(O62="",O102,IF(O102="",O62,O102&", "&O62)) | P103: =IF(P62="",P102,IF(P102="",P62,P102&", "&P62)) | ... CJ103: =IF(CJ62="",CJ102,IF(CJ102="",CJ62,CJ102&", "&CJ62))
G104: =G103+1 -> 3 | I104: =IF(I63="",I103,IF(I103="",I63,I103&", "&I63)) | J104: =IF(J63="",J103,IF(J103="",J63,J103&", "&J63)) | K104: =IF(K63="",K103,IF(K103="",K63,K103&", "&K63)) | L104: =IF(L63="",L103,IF(L103="",L63,L103&", "&L63)) -> Justin Baranowski (2) | M104: =IF(M63="",M103,IF(M103="",M63,M103&", "&M63)) | N104: =IF(N63="",N103,IF(N103="",N63,N103&", "&N63)) | O104: =IF(O63="",O103,IF(O103="",O63,O103&", "&O63)) | P104: =IF(P63="",P103,IF(P103="",P63,P103&", "&P63)) -> Justin Baranowski (2) | ... CJ104: =IF(CJ63="",CJ103,IF(CJ103="",CJ63,CJ103&", "&CJ63))
G105: =G104+1 -> 4 | I105: =IF(I64="",I104,IF(I104="",I64,I104&", "&I64)) | J105: =IF(J64="",J104,IF(J104="",J64,J104&", "&J64)) | K105: =IF(K64="",K104,IF(K104="",K64,K104&", "&K64)) -> Sam Baranowski | L105: =IF(L64="",L104,IF(L104="",L64,L104&", "&L64)) -> Justin Baranowski (2) | M105: =IF(M64="",M104,IF(M104="",M64,M104&", "&M64)) | N105: =IF(N64="",N104,IF(N104="",N64,N104&", "&N64)) | O105: =IF(O64="",O104,IF(O104="",O64,O104&", "&O64)) -> Sam Baranowski | P105: =IF(P64="",P104,IF(P104="",P64,P104&", "&P64)) -> Justin Baranowski (2) | ... CJ105: =IF(CJ64="",CJ104,IF(CJ104="",CJ64,CJ104&", "&CJ64))
G106: =G105+1 -> 5 | I106: =IF(I65="",I105,IF(I105="",I65,I105&", "&I65)) | J106: =IF(J65="",J105,IF(J105="",J65,J105&", "&J65)) | K106: =IF(K65="",K105,IF(K105="",K65,K105&", "&K65)) -> Sam Baranowski | L106: =IF(L65="",L105,IF(L105="",L65,L105&", "&L65)) -> Justin Baranowski (2) | M106: =IF(M65="",M105,IF(M105="",M65,M105&", "&M65)) | N106: =IF(N65="",N105,IF(N105="",N65,N105&", "&N65)) | O106: =IF(O65="",O105,IF(O105="",O65,O105&", "&O65)) -> Sam Baranowski, Mike Barratt (2) | P106: =IF(P65="",P105,IF(P105="",P65,P105&", "&P65)) -> Justin Baranowski (2) | ... CJ106: =IF(CJ65="",CJ105,IF(CJ105="",CJ65,CJ105&", "&CJ65))
G107: =G106+1 -> 6 | I107: =IF(I66="",I106,IF(I106="",I66,I106&", "&I66)) | J107: =IF(J66="",J106,IF(J106="",J66,J106&", "&J66)) | K107: =IF(K66="",K106,IF(K106="",K66,K106&", "&K66)) -> Sam Baranowski, Dave Berman (2) | L107: =IF(L66="",L106,IF(L106="",L66,L106&", "&L66)) -> Justin Baranowski (2) | M107: =IF(M66="",M106,IF(M106="",M66,M106&", "&M66)) | N107: =IF(N66="",N106,IF(N106="",N66,N106&", "&N66)) | O107: =IF(O66="",O106,IF(O106="",O66,O106&", "&O66)) -> Sam Baranowski, Mike Barratt (2), Dave Berman (1) | P107: =IF(P66="",P106,IF(P106="",P66,P106&", "&P66)) -> Justin Baranowski (2) | ... CJ107: =IF(CJ66="",CJ106,IF(CJ106="",CJ66,CJ106&", "&CJ66)) -> Dave Berman (1)
G108: =G107+1 -> 7 | I108: =IF(I67="",I107,IF(I107="",I67,I107&", "&I67)) | J108: =IF(J67="",J107,IF(J107="",J67,J107&", "&J67)) | K108: =IF(K67="",K107,IF(K107="",K67,K107&", "&K67)) -> Sam Baranowski, Dave Berman (2) | L108: =IF(L67="",L107,IF(L107="",L67,L107&", "&L67)) -> Justin Baranowski (2) | M108: =IF(M67="",M107,IF(M107="",M67,M107&", "&M67)) | N108: =IF(N67="",N107,IF(N107="",N67,N107&", "&N67)) | O108: =IF(O67="",O107,IF(O107="",O67,O107&", "&O67)) -> Sam Baranowski, Mike Barratt (2), Dave Berman (1) | P108: =IF(P67="",P107,IF(P107="",P67,P107&", "&P67)) -> Justin Baranowski (2) | ... CJ108: =IF(CJ67="",CJ107,IF(CJ107="",CJ67,CJ107&", "&CJ67)) -> Dave Berman (1)
G109: =G108+1 -> 8 | I109: =IF(I68="",I108,IF(I108="",I68,I108&", "&I68)) | J109: =IF(J68="",J108,IF(J108="",J68,J108&", "&J68)) -> Andy Booth | K109: =IF(K68="",K108,IF(K108="",K68,K108&", "&K68)) -> Sam Baranowski, Dave Berman (2) | L109: =IF(L68="",L108,IF(L108="",L68,L108&", "&L68)) -> Justin Baranowski (2) | M109: =IF(M68="",M108,IF(M108="",M68,M108&", "&M68)) | N109: =IF(N68="",N108,IF(N108="",N68,N108&", "&N68)) -> Andy Booth | O109: =IF(O68="",O108,IF(O108="",O68,O108&", "&O68)) -> Sam Baranowski, Mike Barratt (2), Dave Berman (1) | P109: =IF(P68="",P108,IF(P108="",P68,P108&", "&P68)) -> Justin Baranowski (2) | ... CJ109: =IF(CJ68="",CJ108,IF(CJ108="",CJ68,CJ108&", "&CJ68)) -> Dave Berman (1)
G110: =G109+1 -> 9 | I110: =IF(I69="",I109,IF(I109="",I69,I109&", "&I69)) | J110: =IF(J69="",J109,IF(J109="",J69,J109&", "&J69)) -> Andy Booth | K110: =IF(K69="",K109,IF(K109="",K69,K109&", "&K69)) -> Sam Baranowski, Dave Berman (2) | L110: =IF(L69="",L109,IF(L109="",L69,L109&", "&L69)) -> Justin Baranowski (2) | M110: =IF(M69="",M109,IF(M109="",M69,M109&", "&M69)) | N110: =IF(N69="",N109,IF(N109="",N69,N109&", "&N69)) -> Andy Booth | O110: =IF(O69="",O109,IF(O109="",O69,O109&", "&O69)) -> Sam Baranowski, Mike Barratt (2), Dave Berman (1) | P110: =IF(P69="",P109,IF(P109="",P69,P109&", "&P69)) -> Justin Baranowski (2) | ... CJ110: =IF(CJ69="",CJ109,IF(CJ109="",CJ69,CJ109&", "&CJ69)) -> Dave Berman (1)
G111: =G110+1 -> 10 | I111: =IF(I70="",I110,IF(I110="",I70,I110&", "&I70)) | J111: =IF(J70="",J110,IF(J110="",J70,J110&", "&J70)) -> Andy Booth | K111: =IF(K70="",K110,IF(K110="",K70,K110&", "&K70)) -> Sam Baranowski, Dave Berman (2) | L111: =IF(L70="",L110,IF(L110="",L70,L110&", "&L70)) -> Justin Baranowski (2), Billy Camuso | M111: =IF(M70="",M110,IF(M110="",M70,M110&", "&M70)) | N111: =IF(N70="",N110,IF(N110="",N70,N110&", "&N70)) -> Andy Booth | O111: =IF(O70="",O110,IF(O110="",O70,O110&", "&O70)) -> Sam Baranowski, Mike Barratt (2), Dave Berman (1) | P111: =IF(P70="",P110,IF(P110="",P70,P110&", "&P70)) -> Justin Baranowski (2), Billy Camuso | ... CJ111: =IF(CJ70="",CJ110,IF(CJ110="",CJ70,CJ110&", "&CJ70)) -> Dave Berman (1), Billy Camuso
G112: =G111+1 -> 11 | I112: =IF(I71="",I111,IF(I111="",I71,I111&", "&I71)) | J112: =IF(J71="",J111,IF(J111="",J71,J111&", "&J71)) -> Andy Booth, David Copple | K112: =IF(K71="",K111,IF(K111="",K71,K111&", "&K71)) -> Sam Baranowski, Dave Berman (2) | L112: =IF(L71="",L111,IF(L111="",L71,L111&", "&L71)) -> Justin Baranowski (2), Billy Camuso | M112: =IF(M71="",M111,IF(M111="",M71,M111&", "&M71)) | N112: =IF(N71="",N111,IF(N111="",N71,N111&", "&N71)) -> Andy Booth, David Copple | O112: =IF(O71="",O111,IF(O111="",O71,O111&", "&O71)) -> Sam Baranowski, Mike Barratt (2), Dave Berman (1) | P112: =IF(P71="",P111,IF(P111="",P71,P111&", "&P71)) -> Justin Baranowski (2), Billy Camuso | ... CJ112: =IF(CJ71="",CJ111,IF(CJ111="",CJ71,CJ111&", "&CJ71)) -> Dave Berman (1), Billy Camuso
G113: =G112+1 -> 12 | I113: =IF(I72="",I112,IF(I112="",I72,I112&", "&I72)) | J113: =IF(J72="",J112,IF(J112="",J72,J112&", "&J72)) -> Andy Booth, David Copple | K113: =IF(K72="",K112,IF(K112="",K72,K112&", "&K72)) -> Sam Baranowski, Dave Berman (2) | L113: =IF(L72="",L112,IF(L112="",L72,L112&", "&L72)) -> Justin Baranowski (2), Billy Camuso | M113: =IF(M72="",M112,IF(M112="",M72,M112&", "&M72)) | N113: =IF(N72="",N112,IF(N112="",N72,N112&", "&N72)) -> Andy Booth, David Copple | O113: =IF(O72="",O112,IF(O112="",O72,O112&", "&O72)) -> Sam Baranowski, Mike Barratt (2), Dave Berman (1), Eddie Dale | P113: =IF(P72="",P112,IF(P112="",P72,P112&", "&P72)) -> Justin Baranowski (2), Billy Camuso | ... CJ113: =IF(CJ72="",CJ112,IF(CJ112="",CJ72,CJ112&", "&CJ72)) -> Dave Berman (1), Billy Camuso
